user_id,Recency,Frequency,Monetary,Avg_Txn_Value,Weekend_Ratio,Night_Ratio,user_loyalty_score
USR00001,9,11,10597.11,963.3736363636364,0.36363636363636365,0.5454545454545454,5304.055
USR00002,57,7,3444.34,492.04857142857145,0.2857142857142857,0.2857142857142857,1725.67
USR00003,76,8,3195.66,399.4575,0.5,0.0,1601.83
USR00004,14,10,2706.06,270.606,0.0,0.1,1358.03
USR00005,43,8,8672.130000000001,1084.0162500000001,0.25,0.25,4340.0650000000005
USR00006,43,7,2362.8,337.54285714285714,0.14285714285714285,0.2857142857142857,1184.9
USR00007,14,11,9802.48,891.1345454545454,0.2727272727272727,0.2727272727272727,4906.74
USR00008,22,17,12835.68,755.04,0.4117647058823529,0.5294117647058824,6426.34
USR00009,15,13,20746.14,1595.856923076923,0.23076923076923078,0.15384615384615385,10379.57
USR00010,5,10,20546.07,2054.607,0.3,0.2,10278.035
USR00011,33,7,10815.75,1545.107142857143,0.42857142857142855,0.14285714285714285,5411.375
USR00012,84,10,18571.06,1857.1060000000002,0.7,0.4,9290.53
USR00013,68,5,10559.08,2111.816,0.0,0.4,5282.04
USR00014,34,16,13091.9,818.24375,0.25,0.4375,6553.95
USR00015,49,10,9264.73,926.473,0.2,0.3,4637.365
USR00016,8,6,7649.5,1274.9166666666667,0.3333333333333333,0.3333333333333333,3827.75
USR00017,7,9,4164.47,462.7188888888889,0.1111111111111111,0.6666666666666666,2086.735
USR00018,14,11,7003.01,636.6372727272727,0.36363636363636365,0.36363636363636365,3507.005
USR00019,13,14,5663.92,404.5657142857143,0.21428571428571427,0.14285714285714285,2838.96
USR00020,82,14,12698.35,907.025,0.21428571428571427,0.2857142857142857,6356.175
USR00021,26,11,5739.57,521.7790909090909,0.18181818181818182,0.18181818181818182,2875.285
USR00022,5,10,12670.77,1267.077,0.6,0.1,6340.385
USR00023,10,10,4970.84,497.084,0.5,0.3,2490.42
USR00024,39,6,5138.25,856.375,0.3333333333333333,0.5,2572.125
USR00025,50,12,23367.4,1947.2833333333335,0.3333333333333333,0.3333333333333333,11689.7
USR00026,34,8,6370.09,796.26125,0.375,0.125,3189.045
USR00027,71,8,2517.66,314.7075,0.25,0.375,1262.83
USR00028,7,9,4406.05,489.56111111111113,0.3333333333333333,0.2222222222222222,2207.525
USR00029,6,12,5771.22,480.935,0.25,0.16666666666666666,2891.61
USR00030,15,9,13301.19,1477.91,0.3333333333333333,0.4444444444444444,6655.095
USR00031,102,7,7930.610000000001,1132.9442857142858,0.5714285714285714,0.42857142857142855,3968.8050000000003
USR00032,43,11,4627.85,420.7136363636364,0.2727272727272727,0.7272727272727273,2319.425
USR00033,15,10,6575.33,657.533,0.2,0.3,3292.665
USR00034,37,11,3107.44,282.49454545454546,0.2727272727272727,0.36363636363636365,1559.22
USR00035,17,20,9609.94,480.497,0.55,0.4,4814.97
USR00036,61,13,14177.119999999999,1090.5476923076922,0.3076923076923077,0.5384615384615384,7095.0599999999995
USR00037,32,13,2602.78,200.21384615384616,0.0,0.0,1307.89
USR00038,23,10,9596.45,959.6450000000001,0.4,0.3,4803.225
USR00039,63,7,7440.22,1062.8885714285714,0.5714285714285714,0.2857142857142857,3723.61
USR00040,75,10,6596.28,659.6279999999999,0.2,0.4,3303.14
USR00041,24,12,32663.49,2721.9575,0.25,0.5,16337.745
USR00042,24,6,13701.54,2283.59,0.3333333333333333,0.3333333333333333,6853.77
USR00043,30,15,4664.2,310.94666666666666,0.4,0.5333333333333333,2339.6
USR00044,9,15,36871.13,2458.075333333333,0.2,0.5333333333333333,18443.065
USR00045,72,10,2346.4,234.64000000000001,0.5,0.3,1178.2
USR00046,178,5,2702.35,540.47,0.2,0.2,1353.675
USR00047,21,14,15996.49,1142.6064285714285,0.42857142857142855,0.35714285714285715,8005.245
USR00048,106,11,7832.48,712.0436363636363,0.0,0.2727272727272727,3921.74
USR00049,7,9,8620.18,957.7977777777778,0.2222222222222222,0.3333333333333333,4314.59
USR00050,70,8,7458.55,932.31875,0.0,0.125,3733.275
USR00051,13,9,3380.96,375.6622222222222,0.2222222222222222,0.4444444444444444,1694.98
USR00052,17,6,2421.11,403.5183333333334,0.6666666666666666,0.16666666666666666,1213.555
USR00053,134,11,4723.76,429.4327272727273,0.36363636363636365,0.36363636363636365,2367.38
USR00054,19,15,6340.97,422.73133333333334,0.4666666666666667,0.4666666666666667,3177.985
USR00055,29,5,3671.38,734.2760000000001,0.0,0.2,1838.19
USR00056,6,5,1202.53,240.506,0.2,0.4,603.765
USR00057,22,15,22562.05,1504.1366666666665,0.3333333333333333,0.2,11288.525
USR00058,37,11,11357.369999999999,1032.4881818181818,0.45454545454545453,0.2727272727272727,5684.1849999999995
USR00059,9,10,14068.66,1406.866,0.4,0.2,7039.33
USR00060,51,11,2933.7,266.7,0.36363636363636365,0.2727272727272727,1472.35
USR00061,5,9,15100.49,1677.8322222222223,0.0,0.3333333333333333,7554.745
USR00062,20,10,6485.0,648.5,0.1,0.1,3247.5
USR00063,72,15,21882.26,1458.8173333333332,0.4,0.13333333333333333,10948.63
USR00064,18,9,1144.0,127.11111111111111,0.2222222222222222,0.3333333333333333,576.5
USR00065,12,11,7878.33,716.2118181818182,0.18181818181818182,0.36363636363636365,3944.665
USR00066,1,12,42901.51,3575.1258333333335,0.25,0.3333333333333333,21456.755
USR00067,68,10,6037.62,603.762,0.3,0.3,3023.81
USR00068,16,4,867.87,216.9675,0.25,0.25,435.935
USR00069,6,19,7274.75,382.88157894736844,0.15789473684210525,0.42105263157894735,3646.875
USR00070,32,9,14781.87,1642.43,0.5555555555555556,0.1111111111111111,7395.435
USR00071,2,14,20359.59,1454.2564285714286,0.35714285714285715,0.2857142857142857,10186.795
USR00072,232,4,2748.11,687.0275,0.75,1.0,1376.055
USR00073,5,11,3889.29,353.5718181818182,0.45454545454545453,0.2727272727272727,1950.145
USR00074,8,16,19615.100000000002,1225.9437500000001,0.3125,0.25,9815.550000000001
USR00075,55,12,10349.33,862.4441666666667,0.3333333333333333,0.3333333333333333,5180.665
USR00076,24,10,5838.33,583.833,0.4,0.8,2924.165
USR00077,7,8,20286.300000000003,2535.7875000000004,0.125,0.0,10147.150000000001
USR00078,11,6,2454.87,409.145,0.3333333333333333,0.16666666666666666,1230.435
USR00079,193,2,256.48,128.24,0.0,0.0,129.24
USR00080,106,10,5244.5,524.45,0.5,0.4,2627.25
USR00081,8,12,7817.91,651.4925,0.16666666666666666,0.4166666666666667,3914.955
USR00082,37,10,6306.95,630.6949999999999,0.5,0.4,3158.475
USR00083,74,7,5160.5599999999995,737.222857142857,0.14285714285714285,0.14285714285714285,2583.7799999999997
USR00084,16,15,20563.01,1370.8673333333331,0.26666666666666666,0.3333333333333333,10289.005
USR00085,117,7,16500.91,2357.272857142857,0.2857142857142857,0.2857142857142857,8253.955
USR00086,3,16,20243.32,1265.2075,0.25,0.25,10129.66
USR00087,71,14,15005.43,1071.8164285714286,0.21428571428571427,0.42857142857142855,7509.715
USR00088,1,12,3756.56,313.0466666666667,0.25,0.16666666666666666,1884.28
USR00089,9,10,5881.45,588.145,0.5,0.3,2945.725
USR00090,29,11,5122.46,465.6781818181818,0.2727272727272727,0.09090909090909091,2566.73
USR00091,59,11,14052.52,1277.5018181818182,0.2727272727272727,0.09090909090909091,7031.76
USR00092,5,6,4379.9,729.9833333333332,0.3333333333333333,0.3333333333333333,2192.95
USR00093,130,8,2032.4299999999998,254.05374999999998,0.25,0.25,1020.2149999999999
USR00094,5,15,8233.74,548.9159999999999,0.26666666666666666,0.3333333333333333,4124.37
USR00095,7,10,11301.42,1130.142,0.3,0.4,5655.71
USR00096,89,8,4348.8,543.6,0.5,0.125,2178.4
USR00097,30,11,7405.37,673.2154545454546,0.09090909090909091,0.2727272727272727,3708.185
USR00098,30,12,19573.73,1631.1441666666667,0.25,0.3333333333333333,9792.865
USR00099,213,6,3143.95,523.9916666666667,0.3333333333333333,0.16666666666666666,1574.975
USR00100,3,14,12349.44,882.1028571428571,0.35714285714285715,0.2857142857142857,6181.72
USR00101,13,8,7695.36,961.92,0.125,0.125,3851.68
USR00102,15,7,14774.32,2110.617142857143,0.2857142857142857,0.2857142857142857,7390.66
USR00103,8,15,5016.04,334.4026666666667,0.2,0.5333333333333333,2515.52
USR00104,14,9,8628.11,958.678888888889,0.2222222222222222,0.1111111111111111,4318.555
USR00105,122,9,18659.84,2073.3155555555554,0.6666666666666666,0.1111111111111111,9334.42
USR00106,15,15,9438.49,629.2326666666667,0.4,0.3333333333333333,4726.745
USR00107,13,11,2829.1400000000003,257.1945454545455,0.45454545454545453,0.18181818181818182,1420.0700000000002
USR00108,8,10,4481.46,448.146,0.3,0.5,2245.73
USR00109,5,7,1128.16,161.1657142857143,0.0,0.0,567.58
USR00110,10,13,5143.22,395.63230769230773,0.15384615384615385,0.38461538461538464,2578.11
USR00111,31,12,8584.57,715.3808333333333,0.08333333333333333,0.5,4298.285
USR00112,29,11,14975.79,1361.4354545454546,0.45454545454545453,0.36363636363636365,7493.395
USR00113,12,12,8105.45,675.4541666666667,0.0,0.5833333333333334,4058.725
USR00114,33,15,14845.5,989.7,0.3333333333333333,0.3333333333333333,7430.25
USR00115,39,11,4521.64,411.0581818181818,0.2727272727272727,0.18181818181818182,2266.32
USR00116,10,7,11034.64,1576.3771428571429,0.2857142857142857,0.14285714285714285,5520.82
USR00117,6,13,3666.96,282.07384615384615,0.38461538461538464,0.3076923076923077,1839.98
USR00118,18,10,2124.7799999999997,212.47799999999998,0.3,0.3,1067.3899999999999
USR00119,16,19,2198.9700000000003,115.73526315789475,0.47368421052631576,0.3157894736842105,1108.9850000000001
USR00120,19,10,8158.530000000001,815.8530000000001,0.1,0.2,4084.2650000000003
USR00121,34,11,8179.08,743.5527272727272,0.36363636363636365,0.2727272727272727,4095.04
USR00122,77,11,6120.57,556.4154545454545,0.2727272727272727,0.2727272727272727,3065.785
USR00123,7,7,6965.48,995.0685714285713,0.14285714285714285,0.42857142857142855,3486.24
USR00124,64,9,7505.68,833.9644444444444,0.3333333333333333,0.4444444444444444,3757.34
USR00125,22,8,2185.68,273.21,0.125,0.375,1096.84
USR00126,41,10,4110.5599999999995,411.0559999999999,0.2,0.3,2060.2799999999997
USR00127,4,11,5050.06,459.09636363636366,0.45454545454545453,0.18181818181818182,2530.53
USR00128,50,7,7366.400000000001,1052.3428571428572,0.14285714285714285,0.2857142857142857,3686.7000000000003
USR00129,67,8,8450.84,1056.355,0.5,0.25,4229.42
USR00130,2,11,14234.29,1294.0263636363636,0.36363636363636365,0.0,7122.645
USR00131,11,14,10320.36,737.1685714285715,0.35714285714285715,0.2857142857142857,5167.18
USR00132,7,13,11983.13,921.7792307692307,0.3076923076923077,0.23076923076923078,5998.065
USR00133,55,11,20845.73,1895.0663636363636,0.09090909090909091,0.09090909090909091,10428.365
USR00134,59,9,10813.0,1201.4444444444443,0.5555555555555556,0.3333333333333333,5411.0
USR00135,20,7,10748.71,1535.53,0.2857142857142857,0.5714285714285714,5377.855
USR00136,32,16,8291.88,518.2425,0.1875,0.4375,4153.94
USR00137,10,13,31511.31,2423.946923076923,0.6153846153846154,0.23076923076923078,15762.155
USR00138,7,11,33702.08,3063.8254545454547,0.2727272727272727,0.36363636363636365,16856.54
USR00139,97,13,1950.06,150.0046153846154,0.23076923076923078,0.3076923076923077,981.53
USR00140,8,10,8310.67,831.067,0.1,0.1,4160.335
USR00141,33,7,3470.75,495.82142857142856,0.2857142857142857,0.2857142857142857,1738.875
USR00142,7,7,16607.059999999998,2372.4371428571426,0.14285714285714285,0.42857142857142855,8307.029999999999
USR00143,10,9,6919.83,768.87,0.2222222222222222,0.4444444444444444,3464.415
USR00144,22,10,24010.92,2401.0919999999996,0.1,0.1,12010.46
USR00145,25,10,1857.93,185.793,0.2,0.5,933.965
USR00146,3,16,6033.52,377.095,0.25,0.3125,3024.76
USR00147,7,7,15149.52,2164.217142857143,0.2857142857142857,0.14285714285714285,7578.26
USR00148,146,9,14677.27,1630.8077777777778,0.0,0.4444444444444444,7343.135
USR00149,21,8,2562.08,320.26,0.125,0.625,1285.04
USR00150,38,8,6000.55,750.06875,0.375,0.625,3004.275
USR00151,21,9,4957.69,550.8544444444444,0.2222222222222222,0.1111111111111111,2483.345
USR00152,12,14,5269.58,376.3985714285714,0.14285714285714285,0.42857142857142855,2641.79
USR00153,61,6,6397.7,1066.2833333333333,0.3333333333333333,0.3333333333333333,3201.85
USR00154,28,8,6145.47,768.18375,0.375,0.25,3076.735
USR00155,10,9,1512.73,168.0811111111111,0.3333333333333333,0.1111111111111111,760.865
USR00156,94,5,1082.46,216.49200000000002,0.8,0.2,543.73
USR00157,13,15,10946.3,729.7533333333333,0.26666666666666666,0.2,5480.65
USR00158,21,9,21919.75,2435.527777777778,0.3333333333333333,0.4444444444444444,10964.375
USR00159,46,12,12293.28,1024.44,0.25,0.3333333333333333,6152.64
USR00160,29,9,4327.07,480.7855555555555,0.3333333333333333,0.4444444444444444,2168.035
USR00161,33,15,10132.58,675.5053333333333,0.2,0.6,5073.79
USR00162,4,13,26399.45,2030.7269230769232,0.3076923076923077,0.38461538461538464,13206.225
USR00163,1,16,11974.04,748.3775,0.4375,0.25,5995.02
USR00164,69,12,20293.93,1691.1608333333334,0.4166666666666667,0.5,10152.965
USR00165,35,12,10958.03,913.1691666666667,0.5833333333333334,0.25,5485.015
USR00166,23,12,1044.3,87.02499999999999,0.08333333333333333,0.3333333333333333,528.15
USR00167,78,5,2194.67,438.934,0.2,0.2,1099.835
USR00168,129,8,3076.47,384.55875,0.125,0.25,1542.235
USR00169,5,13,13379.11,1029.1623076923076,0.38461538461538464,0.15384615384615385,6696.055
USR00170,24,13,13240.98,1018.536923076923,0.38461538461538464,0.38461538461538464,6626.99
USR00171,62,8,5792.25,724.03125,0.0,0.25,2900.125
USR00172,10,13,6804.0199999999995,523.3861538461538,0.38461538461538464,0.46153846153846156,3408.5099999999998
USR00173,5,9,4375.83,486.2033333333333,0.2222222222222222,0.2222222222222222,2192.415
USR00174,19,10,7018.02,701.802,0.2,0.2,3514.01
USR00175,8,13,15006.02,1154.309230769231,0.38461538461538464,0.15384615384615385,7509.51
USR00176,18,14,23365.010000000002,1668.929285714286,0.2857142857142857,0.42857142857142855,11689.505000000001
USR00177,8,9,2489.85,276.65,0.1111111111111111,0.2222222222222222,1249.425
USR00178,25,13,17611.420000000002,1354.7246153846156,0.15384615384615385,0.15384615384615385,8812.210000000001
USR00179,2,15,12741.25,849.4166666666666,0.26666666666666666,0.4,6378.125
USR00180,6,10,1041.58,104.15799999999999,0.0,0.1,525.79
USR00181,25,16,3863.11,241.444375,0.1875,0.3125,1939.555
USR00182,78,8,2723.28,340.41,0.125,0.125,1365.64
USR00183,4,6,4080.4700000000003,680.0783333333334,0.0,0.3333333333333333,2043.2350000000001
USR00184,65,6,2670.87,445.145,0.5,0.3333333333333333,1338.435
USR00185,8,12,11538.27,961.5225,0.3333333333333333,0.25,5775.135
USR00186,19,7,1886.3400000000001,269.4771428571429,0.14285714285714285,0.7142857142857143,946.6700000000001
USR00187,38,8,4515.87,564.48375,0.25,0.5,2261.935
USR00188,15,6,2001.07,333.51166666666666,0.6666666666666666,0.6666666666666666,1003.535
USR00189,66,5,1223.1399999999999,244.628,0.6,0.4,614.0699999999999
USR00190,129,12,5857.0,488.0833333333333,0.25,0.6666666666666666,2934.5
USR00191,24,12,20308.52,1692.3766666666668,0.3333333333333333,0.5833333333333334,10160.26
USR00192,13,11,6123.35,556.6681818181819,0.36363636363636365,0.2727272727272727,3067.175
USR00193,50,10,4893.59,489.35900000000004,0.2,0.2,2451.795
USR00194,53,9,3096.73,344.0811111111111,0.5555555555555556,0.3333333333333333,1552.865
USR00195,52,9,19067.2,2118.577777777778,0.2222222222222222,0.3333333333333333,9538.1
USR00196,36,11,9598.800000000001,872.6181818181819,0.36363636363636365,0.5454545454545454,4804.900000000001
USR00197,81,6,4432.84,738.8066666666667,0.3333333333333333,0.16666666666666666,2219.42
USR00198,2,9,7678.54,853.1711111111111,0.3333333333333333,0.3333333333333333,3843.77
USR00199,180,9,3605.27,400.5855555555556,0.3333333333333333,0.3333333333333333,1807.135
USR00200,15,6,2107.51,351.2516666666667,0.5,0.3333333333333333,1056.755
USR00201,63,8,4479.72,559.965,0.375,0.375,2243.86
USR00202,3,8,2480.6,310.075,0.25,0.375,1244.3
USR00203,37,9,4058.0499999999997,450.8944444444444,0.2222222222222222,0.1111111111111111,2033.5249999999999
USR00204,6,10,6873.16,687.316,0.4,0.1,3441.58
USR00205,5,19,19691.43,1036.391052631579,0.2631578947368421,0.2631578947368421,9855.215
USR00206,22,9,14205.97,1578.441111111111,0.1111111111111111,0.3333333333333333,7107.485
USR00207,51,8,6508.54,813.5675,0.125,0.375,3258.27
USR00208,30,10,2162.72,216.272,0.3,0.5,1086.36
USR00209,8,8,906.95,113.36875,0.25,0.5,457.475
USR00210,1,14,10327.02,737.6442857142857,0.35714285714285715,0.5,5170.51
USR00211,60,13,7603.98,584.9215384615384,0.23076923076923078,0.5384615384615384,3808.49
USR00212,17,13,4774.77,367.29,0.0,0.23076923076923078,2393.885
USR00213,57,6,11219.4,1869.8999999999999,0.16666666666666666,0.5,5612.7
USR00214,77,9,4529.24,503.24888888888887,0.4444444444444444,0.3333333333333333,2269.12
USR00215,12,6,5677.8099999999995,946.3016666666666,0.5,0.5,2841.9049999999997
USR00216,33,11,12574.03,1143.0936363636365,0.36363636363636365,0.2727272727272727,6292.515
USR00217,13,11,15820.52,1438.229090909091,0.18181818181818182,0.18181818181818182,7915.76
USR00218,21,16,26040.62,1627.53875,0.375,0.3125,13028.31
USR00219,7,8,3917.29,489.66125,0.125,0.125,1962.645
USR00220,89,13,3671.0299999999997,282.38692307692304,0.38461538461538464,0.3076923076923077,1842.0149999999999
USR00221,5,13,3198.8599999999997,246.0661538461538,0.38461538461538464,0.3076923076923077,1605.9299999999998
USR00222,37,6,2532.23,422.03833333333336,0.16666666666666666,0.0,1269.115
USR00223,17,8,5854.07,731.75875,0.5,0.5,2931.035
USR00224,50,14,21782.57,1555.8978571428572,0.2857142857142857,0.21428571428571427,10898.285
USR00225,210,10,3381.4900000000002,338.149,0.0,0.2,1695.7450000000001
USR00226,15,11,7837.780000000001,712.5254545454546,0.18181818181818182,0.36363636363636365,3924.3900000000003
USR00227,23,7,5463.98,780.5685714285713,0.2857142857142857,0.42857142857142855,2735.49
USR00228,1,6,909.9,151.65,0.3333333333333333,0.16666666666666666,457.95
USR00229,41,14,8741.27,624.3764285714286,0.07142857142857142,0.21428571428571427,4377.635
USR00230,2,10,1070.38,107.03800000000001,0.5,0.6,540.19
USR00231,33,16,5640.01,352.500625,0.25,0.4375,2828.005
USR00232,24,8,1495.05,186.88125,0.375,0.375,751.525
USR00233,22,7,2199.09,314.1557142857143,0.14285714285714285,0.14285714285714285,1103.045
USR00234,9,7,8100.85,1157.2642857142857,0.2857142857142857,0.2857142857142857,4053.925
USR00235,49,14,17131.08,1223.6485714285716,0.2857142857142857,0.42857142857142855,8572.54
USR00236,4,6,3576.09,596.015,0.0,0.0,1791.045
USR00237,36,15,20155.83,1343.7220000000002,0.13333333333333333,0.3333333333333333,10085.415
USR00238,22,11,4356.46,396.0418181818182,0.36363636363636365,0.2727272727272727,2183.73
USR00239,122,9,16322.2,1813.5777777777778,0.2222222222222222,0.3333333333333333,8165.6
USR00240,25,11,59378.11,5398.01,0.45454545454545453,0.18181818181818182,29694.555
USR00241,8,10,12154.36,1215.4360000000001,0.2,0.3,6082.18
USR00242,112,7,1111.46,158.78,0.2857142857142857,0.42857142857142855,559.23
USR00243,8,7,3668.36,524.0514285714286,0.14285714285714285,0.14285714285714285,1837.68
USR00244,32,8,2109.15,263.64375,0.25,0.5,1058.575
USR00245,35,6,2097.2599999999998,349.5433333333333,0.16666666666666666,0.16666666666666666,1051.6299999999999
USR00246,20,5,2057.1299999999997,411.42599999999993,0.2,0.8,1031.0649999999998
USR00247,4,10,14309.99,1430.999,0.0,0.6,7159.995
USR00248,79,13,10778.58,829.1215384615384,0.46153846153846156,0.46153846153846156,5395.79
USR00249,13,12,7743.72,645.3100000000001,0.25,0.25,3877.86
USR00250,26,9,4514.8099999999995,501.6455555555555,0.1111111111111111,0.4444444444444444,2261.9049999999997
USR00251,8,9,1560.62,173.4022222222222,0.3333333333333333,0.3333333333333333,784.81
USR00252,9,11,2868.15,260.7409090909091,0.36363636363636365,0.0,1439.575
USR00253,9,8,5932.55,741.56875,0.625,0.375,2970.275
USR00254,108,3,4261.45,1420.4833333333333,0.6666666666666666,0.3333333333333333,2132.225
USR00255,24,6,13227.08,2204.5133333333333,0.0,0.16666666666666666,6616.54
USR00256,35,12,38341.54,3195.1283333333336,0.16666666666666666,0.5833333333333334,19176.77
USR00257,1,16,7423.02,463.93875,0.1875,0.25,3719.51
USR00258,38,11,6771.82,615.62,0.45454545454545453,0.18181818181818182,3391.41
USR00259,25,10,3788.66,378.866,0.2,0.1,1899.33
USR00260,22,12,4475.47,372.9558333333334,0.6666666666666666,0.16666666666666666,2243.735
USR00261,22,9,10379.72,1153.302222222222,0.4444444444444444,0.1111111111111111,5194.36
USR00262,46,9,18500.73,2055.6366666666668,0.2222222222222222,0.1111111111111111,9254.865
USR00263,39,8,1841.71,230.21375,0.25,0.375,924.855
USR00264,13,10,6721.0,672.1,0.3,0.3,3365.5
USR00265,10,12,13011.25,1084.2708333333333,0.5,0.16666666666666666,6511.625
USR00266,5,13,12183.74,937.2107692307692,0.07692307692307693,0.23076923076923078,6098.37
USR00267,12,6,1508.14,251.35666666666668,0.5,0.3333333333333333,757.07
USR00268,7,7,1737.27,248.18142857142857,0.0,0.2857142857142857,872.135
USR00269,4,7,4637.5,662.5,0.14285714285714285,0.42857142857142855,2322.25
USR00270,160,12,11923.74,993.645,0.16666666666666666,0.3333333333333333,5967.87
USR00271,9,10,5489.38,548.938,0.7,0.5,2749.69
USR00272,39,10,16415.81,1641.5810000000001,0.2,0.2,8212.905
USR00273,22,9,6672.91,741.4344444444445,0.3333333333333333,0.5555555555555556,3340.955
USR00274,73,9,6767.2699999999995,751.9188888888889,0.4444444444444444,0.2222222222222222,3388.1349999999998
USR00275,21,9,7278.78,808.7533333333333,0.1111111111111111,0.0,3643.89
USR00276,29,11,16962.32,1542.0290909090909,0.45454545454545453,0.36363636363636365,8486.66
USR00277,24,9,26043.39,2893.71,0.3333333333333333,0.1111111111111111,13026.195
USR00278,30,7,2907.21,415.3157142857143,0.5714285714285714,0.42857142857142855,1457.105
USR00279,19,7,1929.57,275.65285714285716,0.42857142857142855,0.42857142857142855,968.285
USR00280,20,14,30252.53,2160.895,0.21428571428571427,0.2857142857142857,15133.265
USR00281,3,12,5804.9800000000005,483.7483333333334,0.16666666666666666,0.3333333333333333,2908.4900000000002
USR00282,5,14,5066.48,361.89142857142855,0.21428571428571427,0.35714285714285715,2540.24
USR00283,130,8,1116.58,139.5725,0.375,0.375,562.29
USR00284,74,7,5677.969999999999,811.1385714285714,0.14285714285714285,0.14285714285714285,2842.4849999999997
USR00285,21,12,3857.86,321.48833333333334,0.16666666666666666,0.4166666666666667,1934.93
USR00286,62,10,7797.04,779.704,0.1,0.4,3903.52
USR00287,32,10,7488.66,748.866,0.2,0.7,3749.33
USR00288,39,11,4030.64,366.4218181818182,0.45454545454545453,0.18181818181818182,2020.82
USR00289,7,12,8820.41,735.0341666666667,0.25,0.4166666666666667,4416.205
USR00290,26,18,4587.84,254.88,0.05555555555555555,0.3333333333333333,2302.92
USR00291,4,12,5446.44,453.86999999999995,0.25,0.08333333333333333,2729.22
USR00292,5,15,3875.16,258.344,0.0,0.4666666666666667,1945.08
USR00293,11,9,7263.12,807.0133333333333,0.1111111111111111,0.2222222222222222,3636.06
USR00294,34,10,9646.71,964.6709999999999,0.2,0.1,4828.355
USR00295,4,16,9860.05,616.253125,0.3125,0.5,4938.025
USR00296,91,9,2777.34,308.59333333333336,0.2222222222222222,0.6666666666666666,1393.17
USR00297,6,10,5245.43,524.543,0.3,0.4,2627.715
USR00298,65,11,11513.67,1046.6972727272728,0.2727272727272727,0.5454545454545454,5762.335
USR00299,23,9,3769.04,418.78222222222223,0.3333333333333333,0.4444444444444444,1889.02
USR00300,97,10,12865.76,1286.576,0.1,0.3,6437.88
USR00301,63,10,7730.31,773.0310000000001,0.4,0.5,3870.155
USR00302,29,14,4198.59,299.8992857142857,0.35714285714285715,0.21428571428571427,2106.295
USR00303,14,6,1628.81,271.4683333333333,0.3333333333333333,0.5,817.405
USR00304,13,10,8261.42,826.142,0.3,0.2,4135.71
USR00305,19,17,10194.06,599.6505882352941,0.23529411764705882,0.29411764705882354,5105.53
USR00306,65,12,11678.33,973.1941666666667,0.4166666666666667,0.4166666666666667,5845.165
USR00307,39,12,11163.2,930.2666666666668,0.16666666666666666,0.25,5587.6
USR00308,43,10,15730.94,1573.094,0.1,0.2,7870.47
USR00309,44,5,1270.96,254.192,0.2,0.2,637.98
USR00310,45,5,1867.85,373.57,0.6,0.4,936.425
USR00311,10,7,6334.1,904.8714285714286,0.5714285714285714,0.42857142857142855,3170.55
USR00312,88,9,8953.13,994.7922222222221,0.2222222222222222,0.2222222222222222,4481.065
USR00313,85,6,10100.02,1683.3366666666668,0.0,0.0,5053.01
USR00314,10,12,9396.58,783.0483333333333,0.5833333333333334,0.0,4704.29
USR00315,24,19,7307.69,384.61526315789473,0.2631578947368421,0.15789473684210525,3663.345
USR00316,50,8,3060.85,382.60625,0.25,0.5,1534.425
USR00317,29,13,4957.53,381.3484615384615,0.15384615384615385,0.3076923076923077,2485.265
USR00318,8,10,27938.350000000002,2793.835,0.2,0.5,13974.175000000001
USR00319,6,11,1455.3799999999999,132.3072727272727,0.2727272727272727,0.36363636363636365,733.1899999999999
USR00320,6,12,4121.23,343.4358333333333,0.25,0.5833333333333334,2066.615
USR00321,47,8,3296.81,412.10125,0.25,0.125,1652.405
USR00322,50,9,4640.82,515.6466666666666,0.4444444444444444,0.3333333333333333,2324.91
USR00323,30,7,5341.16,763.0228571428571,0.14285714285714285,0.42857142857142855,2674.08
USR00324,47,14,8681.72,620.1228571428571,0.35714285714285715,0.42857142857142855,4347.86
USR00325,12,11,3373.18,306.65272727272725,0.2727272727272727,0.5454545454545454,1692.09
USR00326,13,9,15914.150000000001,1768.238888888889,0.4444444444444444,0.2222222222222222,7961.575000000001
USR00327,41,10,7493.15,749.3149999999999,0.3,0.3,3751.575
USR00328,49,20,9664.56,483.22799999999995,0.25,0.25,4842.28
USR00329,20,11,5335.26,485.0236363636364,0.2727272727272727,0.2727272727272727,2673.13
USR00330,4,10,2386.27,238.627,0.1,0.4,1198.135
USR00331,17,9,4132.93,459.2144444444445,0.2222222222222222,0.3333333333333333,2070.965
USR00332,34,13,12226.57,940.5053846153846,0.15384615384615385,0.23076923076923078,6119.785
USR00333,31,8,10567.22,1320.9025,0.25,0.375,5287.61
USR00334,59,4,2623.92,655.98,0.25,0.0,1313.96
USR00335,15,7,3737.13,533.8757142857143,0.42857142857142855,0.5714285714285714,1872.065
USR00336,96,8,4905.88,613.235,0.0,0.125,2456.94
USR00337,38,11,3515.3199999999997,319.57454545454544,0.36363636363636365,0.36363636363636365,1763.1599999999999
USR00338,2,14,15648.93,1117.7807142857143,0.21428571428571427,0.2857142857142857,7831.465
USR00339,36,14,3618.45,258.4607142857143,0.42857142857142855,0.2857142857142857,1816.225
USR00340,25,8,10059.7,1257.4625,0.125,0.25,5033.85
USR00341,14,10,14273.460000000001,1427.346,0.3,0.2,7141.7300000000005
USR00342,59,10,3967.7000000000003,396.77000000000004,0.3,0.5,1988.8500000000001
USR00343,5,14,36597.57,2614.1121428571428,0.42857142857142855,0.35714285714285715,18305.785
USR00344,29,13,4793.69,368.7453846153846,0.07692307692307693,0.15384615384615385,2403.345
USR00345,114,7,5899.59,842.7985714285714,0.5714285714285714,0.2857142857142857,2953.295
USR00346,91,3,2667.29,889.0966666666667,0.0,0.3333333333333333,1335.145
USR00347,25,12,5067.48,422.28999999999996,0.16666666666666666,0.5,2539.74
USR00348,9,8,1913.01,239.12625,0.25,0.125,960.505
USR00349,14,15,5026.650000000001,335.11,0.2,0.13333333333333333,2520.8250000000003
USR00350,12,9,4999.84,555.5377777777778,0.4444444444444444,0.1111111111111111,2504.42
USR00351,67,8,13015.54,1626.9425,0.25,0.375,6511.77
USR00352,22,11,22368.15,2033.4681818181818,0.2727272727272727,0.45454545454545453,11189.575
USR00353,28,5,8804.59,1760.9180000000001,0.0,0.0,4404.795
USR00354,3,11,29373.57,2670.3245454545454,0.2727272727272727,0.36363636363636365,14692.285
USR00355,10,15,4285.71,285.714,0.26666666666666666,0.3333333333333333,2150.355
USR00356,83,14,3688.93,263.495,0.07142857142857142,0.35714285714285715,1851.465
USR00357,41,15,9962.78,664.1853333333333,0.13333333333333333,0.3333333333333333,4988.89
USR00358,41,8,4917.88,614.735,0.375,0.5,2462.94
USR00359,1,15,5718.7699999999995,381.2513333333333,0.3333333333333333,0.26666666666666666,2866.8849999999998
USR00360,14,12,10684.55,890.3791666666666,0.08333333333333333,0.25,5348.275
USR00361,41,10,1839.07,183.90699999999998,0.2,0.2,924.535
USR00362,5,9,26762.010000000002,2973.556666666667,0.3333333333333333,0.1111111111111111,13385.505000000001
USR00363,43,10,2701.25,270.125,0.2,0.2,1355.625
USR00364,1,8,10941.69,1367.71125,0.375,0.5,5474.845
USR00365,29,7,3797.06,542.4371428571428,0.14285714285714285,0.8571428571428571,1902.03
USR00366,24,9,15188.16,1687.5733333333333,0.3333333333333333,0.3333333333333333,7598.58
USR00367,50,11,10528.81,957.1645454545454,0.09090909090909091,0.36363636363636365,5269.905
USR00368,18,11,12866.95,1169.7227272727273,0.18181818181818182,0.5454545454545454,6438.975
USR00369,8,17,20684.98,1216.7635294117647,0.29411764705882354,0.17647058823529413,10350.99
USR00370,37,12,14578.45,1214.8708333333334,0.6666666666666666,0.3333333333333333,7295.225
USR00371,15,12,6736.41,561.3675,0.3333333333333333,0.3333333333333333,3374.205
USR00372,2,14,7758.110000000001,554.1507142857143,0.42857142857142855,0.2857142857142857,3886.0550000000003
USR00373,24,9,6261.1,695.6777777777778,0.2222222222222222,0.3333333333333333,3135.05
USR00374,102,9,11965.630000000001,1329.5144444444445,0.5555555555555556,0.2222222222222222,5987.3150000000005
USR00375,20,11,6448.6900000000005,586.2445454545455,0.5454545454545454,0.36363636363636365,3229.8450000000003
USR00376,3,10,14113.189999999999,1411.319,0.6,0.6,7061.594999999999
USR00377,100,9,2326.61,258.51222222222225,0.1111111111111111,0.2222222222222222,1167.805
USR00378,41,7,2384.39,340.6271428571428,0.14285714285714285,0.2857142857142857,1195.695
USR00379,4,4,35226.44,8806.61,0.0,0.75,17615.22
USR00380,18,10,11621.48,1162.148,0.3,0.2,5815.74
USR00381,77,9,3445.52,382.8355555555556,0.2222222222222222,0.2222222222222222,1727.26
USR00382,7,11,16487.09,1498.8263636363636,0.2727272727272727,0.2727272727272727,8249.045
USR00383,82,11,20688.07,1880.7336363636364,0.18181818181818182,0.18181818181818182,10349.535
USR00384,9,14,10090.07,720.7192857142857,0.5,0.5,5052.035
USR00385,8,12,3481.06,290.0883333333333,0.5,0.3333333333333333,1746.53
USR00386,30,13,6011.23,462.40230769230766,0.6923076923076923,0.38461538461538464,3012.115
USR00387,63,10,17290.07,1729.007,0.1,0.2,8650.035
USR00388,3,9,10123.57,1124.841111111111,0.3333333333333333,0.4444444444444444,5066.285
USR00389,3,13,14189.28,1091.483076923077,0.6153846153846154,0.23076923076923078,7101.14
USR00390,41,7,2413.09,344.7271428571429,0.14285714285714285,0.2857142857142857,1210.045
USR00391,22,13,17761.25,1366.25,0.38461538461538464,0.23076923076923078,8887.125
USR00392,5,9,4360.99,484.5544444444444,0.4444444444444444,0.4444444444444444,2184.995
USR00393,15,9,20387.120000000003,2265.235555555556,0.2222222222222222,0.1111111111111111,10198.060000000001
USR00394,12,10,12166.59,1216.659,0.1,0.2,6088.295
USR00395,4,16,6908.0199999999995,431.75124999999997,0.25,0.3125,3462.0099999999998
USR00396,39,12,2578.19,214.84916666666666,0.25,0.4166666666666667,1295.095
USR00397,11,15,15098.43,1006.562,0.13333333333333333,0.13333333333333333,7556.715
USR00398,7,17,22273.15,1310.1852941176471,0.35294117647058826,0.35294117647058826,11145.075
USR00399,10,15,6367.93,424.5286666666667,0.3333333333333333,0.2,3191.465
USR00400,6,11,17092.81,1553.8918181818183,0.36363636363636365,0.18181818181818182,8551.905
USR00401,17,5,4596.64,919.3280000000001,0.4,0.4,2300.82
USR00402,94,12,4208.32,350.6933333333333,0.25,0.3333333333333333,2110.16
USR00403,33,8,10924.55,1365.56875,0.25,0.25,5466.275
USR00404,37,12,3418.37,284.8641666666667,0.4166666666666667,0.5,1715.185
USR00405,9,17,6270.71,368.86529411764707,0.4117647058823529,0.29411764705882354,3143.855
USR00406,12,14,10108.630000000001,722.0450000000001,0.21428571428571427,0.2857142857142857,5061.3150000000005
USR00407,13,8,13428.66,1678.5825,0.375,0.25,6718.33
USR00408,77,7,6431.57,918.7957142857142,0.2857142857142857,0.2857142857142857,3219.285
USR00409,6,11,7381.05,671.0045454545455,0.2727272727272727,0.5454545454545454,3696.025
USR00410,3,8,2079.4300000000003,259.92875000000004,0.5,0.375,1043.7150000000001
USR00411,26,7,6986.92,998.1314285714286,0.14285714285714285,0.2857142857142857,3496.96
USR00412,19,14,14772.95,1055.2107142857144,0.35714285714285715,0.35714285714285715,7393.475
USR00413,33,11,7878.839999999999,716.2581818181817,0.2727272727272727,0.18181818181818182,3944.9199999999996
USR00414,8,13,6231.110000000001,479.3161538461539,0.15384615384615385,0.3076923076923077,3122.0550000000003
USR00415,25,12,9806.99,817.2491666666666,0.3333333333333333,0.3333333333333333,4909.495
USR00416,10,11,12390.49,1126.408181818182,0.2727272727272727,0.2727272727272727,6200.745
USR00417,38,15,9450.8,630.0533333333333,0.3333333333333333,0.3333333333333333,4732.9
USR00418,18,14,14191.02,1013.6442857142857,0.07142857142857142,0.2857142857142857,7102.51
USR00419,26,12,3416.43,284.7025,0.16666666666666666,0.4166666666666667,1714.215
USR00420,45,5,8473.210000000001,1694.6420000000003,0.4,0.2,4239.1050000000005
USR00421,49,9,7630.219999999999,847.8022222222221,0.0,0.3333333333333333,3819.6099999999997
USR00422,9,7,3792.1,541.7285714285714,0.14285714285714285,0.2857142857142857,1899.55
USR00423,88,8,10011.13,1251.39125,0.375,0.375,5009.565
USR00424,82,8,3915.79,489.47375,0.25,0.375,1961.895
USR00425,26,8,9183.09,1147.88625,0.375,0.5,4595.545
USR00426,14,10,5794.62,579.462,0.2,0.2,2902.31
USR00427,9,11,38549.59,3504.5081818181816,0.45454545454545453,0.36363636363636365,19280.295
USR00428,19,9,5231.07,581.23,0.2222222222222222,0.1111111111111111,2620.035
USR00429,70,8,4579.77,572.47125,0.25,0.125,2293.885
USR00430,8,7,932.71,133.24428571428572,0.42857142857142855,0.2857142857142857,469.855
USR00431,29,10,4600.3,460.03000000000003,0.4,0.3,2305.15
USR00432,54,15,13151.32,876.7546666666666,0.2,0.2,6583.16
USR00433,36,16,11493.220000000001,718.3262500000001,0.3125,0.4375,5754.610000000001
USR00434,18,14,26802.09,1914.435,0.14285714285714285,0.2857142857142857,13408.045
USR00435,48,10,9800.279999999999,980.0279999999999,0.5,0.4,4905.139999999999
USR00436,36,14,5897.99,421.28499999999997,0.2857142857142857,0.35714285714285715,2955.995
USR00437,15,13,9656.68,742.8215384615385,0.07692307692307693,0.5384615384615384,4834.84
USR00438,148,11,6435.4800000000005,585.0436363636364,0.18181818181818182,0.2727272727272727,3223.2400000000002
USR00439,46,4,1120.12,280.03,0.25,0.25,562.06
USR00440,4,4,968.97,242.2425,0.25,0.25,486.485
USR00441,2,13,7056.780000000001,542.8292307692308,0.5384615384615384,0.46153846153846156,3534.8900000000003
USR00442,10,13,13812.47,1062.4976923076922,0.38461538461538464,0.3076923076923077,6912.735
USR00443,5,9,9995.61,1110.6233333333334,0.0,0.2222222222222222,5002.305
USR00444,7,15,7893.2,526.2133333333334,0.3333333333333333,0.4,3954.1
USR00445,35,12,10591.210000000001,882.6008333333334,0.25,0.0,5301.6050000000005
USR00446,20,13,24809.2,1908.4,0.15384615384615385,0.3076923076923077,12411.1
USR00447,9,12,21953.61,1829.4675,0.16666666666666666,0.25,10982.805
USR00448,1,12,4566.47,380.5391666666667,0.08333333333333333,0.16666666666666666,2289.235
USR00449,29,6,6339.13,1056.5216666666668,0.3333333333333333,0.3333333333333333,3172.565
USR00450,152,4,1421.46,355.365,0.0,0.0,712.73
USR00451,53,9,6311.66,701.2955555555556,0.2222222222222222,0.5555555555555556,3160.33
USR00452,39,9,5506.12,611.7911111111111,0.0,0.0,2757.56
USR00453,108,7,5595.98,799.4257142857142,0.42857142857142855,0.0,2801.49
USR00454,39,6,6995.68,1165.9466666666667,0.0,0.0,3500.84
USR00455,90,2,517.0600000000001,258.53000000000003,0.0,1.0,259.53000000000003
USR00456,46,17,17828.27,1048.7217647058824,0.29411764705882354,0.23529411764705882,8922.635
USR00457,79,9,3791.74,421.3044444444444,0.3333333333333333,0.4444444444444444,1900.37
USR00458,29,12,7864.55,655.3791666666667,0.25,0.5,3938.275
USR00459,17,9,2298.83,255.42555555555555,0.3333333333333333,0.1111111111111111,1153.915
USR00460,18,10,11486.39,1148.639,0.5,0.4,5748.195
USR00461,111,4,10941.310000000001,2735.3275000000003,0.0,0.5,5472.655000000001
USR00462,104,8,2192.16,274.02,0.375,0.375,1100.08
USR00463,14,11,28881.0,2625.5454545454545,0.18181818181818182,0.45454545454545453,14446.0
USR00464,15,17,22943.68,1349.6282352941178,0.5294117647058824,0.17647058823529413,11480.34
USR00465,15,12,14478.98,1206.5816666666667,0.4166666666666667,0.5833333333333334,7245.49
USR00466,11,13,7041.63,541.6638461538462,0.38461538461538464,0.15384615384615385,3527.315
USR00467,2,16,11375.720000000001,710.9825000000001,0.1875,0.375,5695.860000000001
USR00468,75,7,3923.97,560.5671428571428,0.2857142857142857,0.0,1965.485
USR00469,15,6,5298.35,883.0583333333334,0.16666666666666666,0.5,2652.175
USR00470,13,10,6235.93,623.5930000000001,0.2,0.4,3122.965
USR00471,8,9,10921.74,1213.5266666666666,0.3333333333333333,0.3333333333333333,5465.37
USR00472,8,12,3613.71,301.1425,0.6666666666666666,0.5833333333333334,1812.855
USR00473,9,13,5600.42,430.8015384615385,0.3076923076923077,0.3076923076923077,2806.71
USR00474,44,5,4824.38,964.876,0.4,0.6,2414.69
USR00475,18,10,1258.95,125.89500000000001,0.2,0.3,634.475
USR00476,43,13,23549.28,1811.4830769230769,0.38461538461538464,0.5384615384615384,11781.14
USR00477,8,10,10380.41,1038.041,0.2,0.0,5195.205
USR00478,11,10,12049.97,1204.9969999999998,0.3,0.5,6029.985
USR00479,45,11,20720.670000000002,1883.697272727273,0.36363636363636365,0.45454545454545453,10365.835000000001
USR00480,54,12,9495.8,791.3166666666666,0.25,0.5,4753.9
USR00481,68,11,11972.82,1088.4381818181819,0.0,0.5454545454545454,5991.91
USR00482,11,11,5385.96,489.63272727272727,0.36363636363636365,0.2727272727272727,2698.48
USR00483,2,4,4336.7,1084.175,0.5,0.5,2170.35
USR00484,6,4,14762.5,3690.625,0.25,0.25,7383.25
USR00485,54,9,8510.15,945.5722222222222,0.4444444444444444,0.4444444444444444,4259.575
USR00486,85,8,18516.7,2314.5875,0.0,0.25,9262.35
USR00487,13,7,4692.19,670.3128571428571,0.14285714285714285,0.42857142857142855,2349.595
USR00488,13,15,15465.67,1031.0446666666667,0.26666666666666666,0.5333333333333333,7740.335
USR00489,1,12,9295.64,774.6366666666667,0.5,0.3333333333333333,4653.82
USR00490,76,10,9717.7,971.7700000000001,0.0,0.3,4863.85
USR00491,35,6,5128.139999999999,854.6899999999999,0.3333333333333333,0.16666666666666666,2567.0699999999997
USR00492,136,7,6858.41,979.7728571428571,0.42857142857142855,0.42857142857142855,3432.705
USR00493,15,14,5558.07,397.005,0.21428571428571427,0.42857142857142855,2786.035
USR00494,85,7,2772.27,396.0385714285714,0.0,0.42857142857142855,1389.635
USR00495,93,7,4119.4,588.4857142857143,0.42857142857142855,0.42857142857142855,2063.2
USR00496,10,7,12620.13,1802.8757142857141,0.42857142857142855,0.14285714285714285,6313.565
USR00497,61,9,4971.389999999999,552.3766666666666,0.3333333333333333,0.3333333333333333,2490.1949999999997
USR00498,112,9,8829.75,981.0833333333334,0.3333333333333333,0.4444444444444444,4419.375
USR00499,33,12,7074.35,589.5291666666667,0.08333333333333333,0.25,3543.175
USR00500,3,15,7235.5,482.3666666666667,0.4,0.3333333333333333,3625.25
USR00501,3,16,11250.85,703.178125,0.3125,0.4375,5633.425
USR00502,43,9,11719.07,1302.118888888889,0.3333333333333333,0.4444444444444444,5864.035
USR00503,4,10,10620.49,1062.049,0.1,0.3,5315.245
USR00504,35,5,824.98,164.996,0.4,0.8,414.99
USR00505,2,20,20196.63,1009.8315,0.15,0.4,10108.315
USR00506,85,8,1289.1599999999999,161.14499999999998,0.125,0.5,648.5799999999999
USR00507,1,13,20612.760000000002,1585.5969230769233,0.23076923076923078,0.3076923076923077,10312.880000000001
USR00508,6,19,5790.6,304.7684210526316,0.3684210526315789,0.2631578947368421,2904.8
USR00509,145,7,1571.93,224.5614285714286,0.14285714285714285,0.2857142857142857,789.465
USR00510,14,12,5881.04,490.08666666666664,0.4166666666666667,0.0,2946.52
USR00511,5,16,8058.34,503.64625,0.25,0.25,4037.17
USR00512,92,9,2815.08,312.78666666666663,0.1111111111111111,0.4444444444444444,1412.04
USR00513,13,10,6101.68,610.168,0.4,0.2,3055.84
USR00514,82,5,3232.56,646.512,0.2,0.4,1618.78
USR00515,134,5,5691.58,1138.316,0.0,0.6,2848.29
USR00516,50,9,15763.63,1751.5144444444443,0.1111111111111111,0.2222222222222222,7886.315
USR00517,20,17,10938.16,643.4211764705882,0.35294117647058826,0.5294117647058824,5477.58
USR00518,33,10,5967.64,596.764,0.4,0.6,2988.82
USR00519,75,4,2476.3599999999997,619.0899999999999,0.5,0.5,1240.1799999999998
USR00520,40,7,4646.87,663.8385714285714,0.14285714285714285,0.42857142857142855,2326.935
USR00521,42,6,2748.5299999999997,458.0883333333333,0.16666666666666666,0.5,1377.2649999999999
USR00522,32,6,2047.6499999999999,341.275,0.5,0.3333333333333333,1026.8249999999998
USR00523,28,7,8350.21,1192.8871428571426,0.0,0.7142857142857143,4178.605
USR00524,2,16,4940.65,308.790625,0.3125,0.25,2478.325
USR00525,34,12,11409.17,950.7641666666667,0.0,0.4166666666666667,5710.585
USR00526,36,12,11227.68,935.64,0.25,0.25,5619.84
USR00527,49,14,22395.75,1599.6964285714287,0.14285714285714285,0.35714285714285715,11204.875
USR00528,30,5,1919.84,383.96799999999996,0.6,0.0,962.42
USR00529,18,6,3018.42,503.07,0.3333333333333333,0.0,1512.21
USR00530,34,9,6751.38,750.1533333333333,0.2222222222222222,0.4444444444444444,3380.19
USR00531,89,12,2650.2599999999998,220.855,0.16666666666666666,0.3333333333333333,1331.1299999999999
USR00532,53,4,4897.85,1224.4625,0.25,0.0,2450.925
USR00533,38,6,808.87,134.81166666666667,0.16666666666666666,0.16666666666666666,407.435
USR00534,37,11,5113.77,464.88818181818186,0.5454545454545454,0.5454545454545454,2562.385
USR00535,7,13,22988.59,1768.353076923077,0.15384615384615385,0.3076923076923077,11500.795
USR00536,135,7,2302.13,328.8757142857143,0.5714285714285714,0.42857142857142855,1154.565
USR00537,17,11,5778.3,525.3000000000001,0.18181818181818182,0.45454545454545453,2894.65
USR00538,1,8,5845.84,730.73,0.125,0.375,2926.92
USR00539,6,11,7044.01,640.3645454545455,0.2727272727272727,0.2727272727272727,3527.505
USR00540,7,9,3213.17,357.0188888888889,0.3333333333333333,0.2222222222222222,1611.085
USR00541,1,10,9110.14,911.0139999999999,0.3,0.4,4560.07
USR00542,16,6,4978.51,829.7516666666667,0.16666666666666666,0.16666666666666666,2492.255
USR00543,38,8,9690.89,1211.36125,0.25,0.125,4849.445
USR00544,13,9,2548.19,283.13222222222225,0.3333333333333333,0.2222222222222222,1278.595
USR00545,103,7,5579.91,797.13,0.0,0.42857142857142855,2793.455
USR00546,15,15,10367.72,691.1813333333333,0.4,0.6,5191.36
USR00547,76,7,9991.17,1427.31,0.42857142857142855,0.14285714285714285,4999.085
USR00548,19,12,28424.6,2368.7166666666667,0.0,0.25,14218.3
USR00549,10,8,14800.3,1850.0375,0.25,0.25,7404.15
USR00550,92,6,949.21,158.20166666666668,0.3333333333333333,0.16666666666666666,477.605
USR00551,47,10,4546.34,454.634,0.6,0.1,2278.17
USR00552,61,5,939.9499999999999,187.98999999999998,0.0,0.2,472.47499999999997
USR00553,15,12,8157.34,679.7783333333333,0.16666666666666666,0.4166666666666667,4084.67
USR00554,151,4,2437.68,609.42,0.0,0.5,1220.84
USR00555,18,10,6767.63,676.763,0.2,0.2,3388.815
USR00556,63,7,4179.1,597.0142857142857,0.14285714285714285,0.2857142857142857,2093.05
USR00557,1,18,5415.57,300.865,0.1111111111111111,0.3888888888888889,2716.785
USR00558,36,7,4580.55,654.3642857142858,0.0,0.42857142857142855,2293.775
USR00559,97,8,55594.14,6949.2675,0.125,0.375,27801.07
USR00560,20,6,3785.9399999999996,630.9899999999999,0.5,0.3333333333333333,1895.9699999999998
USR00561,18,10,9051.01,905.101,0.2,0.3,4530.505
USR00562,10,13,11104.59,854.1992307692308,0.5384615384615384,0.3076923076923077,5558.795
USR00563,62,9,3620.46,402.2733333333333,0.2222222222222222,0.4444444444444444,1814.73
USR00564,12,12,5594.45,466.20416666666665,0.4166666666666667,0.5833333333333334,2803.225
USR00565,6,13,7589.65,583.8192307692308,0.23076923076923078,0.38461538461538464,3801.325
USR00566,6,14,3693.45,263.8178571428571,0.14285714285714285,0.35714285714285715,1853.725
USR00567,11,9,5719.47,635.4966666666667,0.1111111111111111,0.4444444444444444,2864.235
USR00568,20,16,4727.61,295.475625,0.375,0.5,2371.805
USR00569,128,3,1273.58,424.52666666666664,1.0,0.3333333333333333,638.29
USR00570,32,8,6767.389999999999,845.9237499999999,0.375,0.25,3387.6949999999997
USR00571,29,14,4037.45,288.3892857142857,0.14285714285714285,0.21428571428571427,2025.725
USR00572,102,10,3292.5400000000004,329.254,0.3,0.1,1651.2700000000002
USR00573,80,5,3380.33,676.066,0.2,0.6,1692.665
USR00574,21,11,32050.4,2913.6727272727276,0.18181818181818182,0.18181818181818182,16030.7
USR00575,43,17,21788.08,1281.6517647058824,0.4117647058823529,0.29411764705882354,10902.54
USR00576,146,7,5540.21,791.4585714285714,0.14285714285714285,0.0,2773.605
USR00577,3,13,12643.48,972.5753846153846,0.38461538461538464,0.46153846153846156,6328.24
USR00578,58,6,15158.84,2526.4733333333334,0.5,0.5,7582.42
USR00579,41,12,23163.97,1930.3308333333334,0.25,0.5,11587.985
USR00580,31,15,5702.35,380.1566666666667,0.4,0.4,2858.675
USR00581,35,12,11498.64,958.2199999999999,0.25,0.08333333333333333,5755.32
USR00582,1,14,4786.91,341.92214285714283,0.07142857142857142,0.5,2400.455
USR00583,20,8,4372.79,546.59875,0.25,0.25,2190.395
USR00584,2,7,9299.5,1328.5,0.5714285714285714,0.2857142857142857,4653.25
USR00585,6,7,6340.75,905.8214285714286,0.2857142857142857,0.0,3173.875
USR00586,9,14,2874.63,205.3307142857143,0.21428571428571427,0.35714285714285715,1444.315
USR00587,22,8,4655.0599999999995,581.8824999999999,0.125,0.375,2331.5299999999997
USR00588,42,13,13227.22,1017.4784615384615,0.07692307692307693,0.3076923076923077,6620.11
USR00589,12,11,23982.05,2180.1863636363637,0.5454545454545454,0.18181818181818182,11996.525
USR00590,10,10,1716.69,171.669,0.1,0.5,863.345
USR00591,17,6,513.53,85.58833333333332,0.3333333333333333,0.3333333333333333,259.765
USR00592,68,18,1917.3,106.51666666666667,0.2222222222222222,0.2777777777777778,967.65
USR00593,45,14,2668.71,190.62214285714285,0.5,0.21428571428571427,1341.355
USR00594,91,11,20104.63,1827.6936363636364,0.2727272727272727,0.18181818181818182,10057.815
USR00595,26,8,1630.6399999999999,203.82999999999998,0.375,0.25,819.3199999999999
USR00596,21,15,4404.63,293.642,0.3333333333333333,0.4666666666666667,2209.815
USR00597,16,14,9810.08,700.72,0.2857142857142857,0.5714285714285714,4912.04
USR00598,28,9,21105.469999999998,2345.052222222222,0.3333333333333333,0.1111111111111111,10557.234999999999
USR00599,28,11,12410.439999999999,1128.221818181818,0.09090909090909091,0.36363636363636365,6210.719999999999
USR00600,19,7,7850.89,1121.5557142857144,0.5714285714285714,0.2857142857142857,3928.945
USR00601,23,12,3836.45,319.70416666666665,0.5833333333333334,0.5833333333333334,1924.225
USR00602,33,10,21495.09,2149.509,0.4,0.4,10752.545
USR00603,12,10,5172.87,517.287,0.2,0.3,2591.435
USR00604,38,8,4180.86,522.6075,0.25,0.625,2094.43
USR00605,99,13,7010.82,539.2938461538462,0.3076923076923077,0.46153846153846156,3511.91
USR00606,100,10,2196.14,219.61399999999998,0.2,0.3,1103.07
USR00607,12,12,4664.09,388.6741666666667,0.16666666666666666,0.3333333333333333,2338.045
USR00608,56,9,2470.24,274.4711111111111,0.0,0.3333333333333333,1239.62
USR00609,1,16,6023.27,376.454375,0.125,0.125,3019.635
USR00610,47,7,2926.4700000000003,418.06714285714287,0.14285714285714285,0.5714285714285714,1466.7350000000001
USR00611,13,11,3731.25,339.20454545454544,0.09090909090909091,0.5454545454545454,1871.125
USR00612,17,13,10062.41,774.0315384615385,0.15384615384615385,0.23076923076923078,5037.705
USR00613,6,9,2279.1,253.23333333333332,0.2222222222222222,0.0,1144.05
USR00614,71,8,4371.63,546.45375,0.5,0.375,2189.815
USR00615,149,6,2227.95,371.325,0.16666666666666666,0.6666666666666666,1116.975
USR00616,16,5,2918.76,583.7520000000001,0.2,0.0,1461.88
USR00617,59,12,22747.8,1895.6499999999999,0.25,0.5,11379.9
USR00618,2,10,15885.65,1588.565,0.5,0.3,7947.825
USR00619,7,11,12001.22,1091.02,0.45454545454545453,0.36363636363636365,6006.11
USR00620,10,9,3781.0,420.1111111111111,0.7777777777777778,0.4444444444444444,1895.0
USR00621,17,10,12262.42,1226.242,0.2,0.6,6136.21
USR00622,59,11,5672.36,515.6690909090909,0.36363636363636365,0.2727272727272727,2841.68
USR00623,25,7,12051.33,1721.6185714285714,0.0,0.2857142857142857,6029.165
USR00624,24,8,8893.34,1111.6675,0.375,0.0,4450.67
USR00625,130,4,5703.64,1425.91,0.0,0.5,2853.82
USR00626,21,17,14846.64,873.3317647058823,0.17647058823529413,0.29411764705882354,7431.82
USR00627,31,10,18912.97,1891.297,0.6,0.2,9461.485
USR00628,9,12,4011.57,334.2975,0.5,0.25,2011.785
USR00629,55,9,16103.52,1789.28,0.2222222222222222,0.1111111111111111,8056.26
USR00630,13,7,4645.34,663.62,0.14285714285714285,0.2857142857142857,2326.17
USR00631,38,8,2965.1,370.6375,0.25,0.25,1486.55
USR00632,72,12,10066.89,838.9074999999999,0.6666666666666666,0.08333333333333333,5039.445
USR00633,62,9,1782.62,198.06888888888886,0.4444444444444444,0.2222222222222222,895.81
USR00634,51,15,9739.779999999999,649.3186666666666,0.3333333333333333,0.13333333333333333,4877.389999999999
USR00635,8,8,2834.87,354.35875,0.125,0.375,1421.435
USR00636,31,8,3528.57,441.07125,0.375,0.5,1768.285
USR00637,44,8,5590.87,698.85875,0.375,0.25,2799.435
USR00638,32,3,3387.85,1129.2833333333333,0.0,0.3333333333333333,1695.425
USR00639,7,9,10866.13,1207.3477777777778,0.5555555555555556,0.3333333333333333,5437.565
USR00640,48,5,732.86,146.572,0.2,0.6,368.93
USR00641,66,8,4566.08,570.76,0.625,0.25,2287.04
USR00642,8,13,6634.33,510.33307692307693,0.15384615384615385,0.3076923076923077,3323.665
USR00643,2,15,14498.59,966.5726666666667,0.26666666666666666,0.3333333333333333,7256.795
USR00644,60,15,13734.99,915.6659999999999,0.06666666666666667,0.4,6874.995
USR00645,10,12,2715.43,226.28583333333333,0.25,0.25,1363.715
USR00646,25,8,3358.4500000000003,419.80625000000003,0.25,0.25,1683.2250000000001
USR00647,3,8,9983.970000000001,1247.9962500000001,0.5,0.625,4995.985000000001
USR00648,28,10,15620.54,1562.054,0.4,0.4,7815.27
USR00649,5,11,13968.96,1269.9054545454544,0.36363636363636365,0.2727272727272727,6989.98
USR00650,46,8,4901.5599999999995,612.6949999999999,0.125,1.0,2454.7799999999997
USR00651,13,7,8967.960000000001,1281.137142857143,0.2857142857142857,0.2857142857142857,4487.4800000000005
USR00652,60,11,45110.01,4100.91,0.18181818181818182,0.36363636363636365,22560.505
USR00653,32,6,4078.91,679.8183333333333,0.16666666666666666,0.3333333333333333,2042.455
USR00654,31,9,10089.08,1121.0088888888888,0.4444444444444444,0.4444444444444444,5049.04
USR00655,28,13,14981.57,1152.4284615384615,0.38461538461538464,0.15384615384615385,7497.285
USR00656,8,6,12716.98,2119.4966666666664,0.16666666666666666,0.3333333333333333,6361.49
USR00657,48,14,10487.06,749.0757142857143,0.14285714285714285,0.35714285714285715,5250.53
USR00658,19,13,7903.48,607.9599999999999,0.07692307692307693,0.38461538461538464,3958.24
USR00659,31,11,11376.73,1034.2481818181818,0.6363636363636364,0.36363636363636365,5693.865
USR00660,62,9,7660.030000000001,851.1144444444445,0.3333333333333333,0.4444444444444444,3834.5150000000003
USR00661,17,10,4795.01,479.50100000000003,0.1,0.3,2402.505
USR00662,71,8,5031.4800000000005,628.9350000000001,0.5,0.125,2519.7400000000002
USR00663,10,11,12316.56,1119.6872727272728,0.18181818181818182,0.36363636363636365,6163.78
USR00664,80,7,6934.37,990.6242857142857,0.2857142857142857,0.2857142857142857,3470.685
USR00665,39,12,3620.92,301.74333333333334,0.3333333333333333,0.4166666666666667,1816.46
USR00666,34,4,2222.82,555.705,0.0,0.25,1113.41
USR00667,42,12,32179.62,2681.6349999999998,0.3333333333333333,0.3333333333333333,16095.81
USR00668,53,8,9096.779999999999,1137.0974999999999,0.0,0.125,4552.389999999999
USR00669,10,15,4729.02,315.26800000000003,0.2,0.26666666666666666,2372.01
USR00670,65,10,1908.4,190.84,0.6,0.1,959.2
USR00671,143,9,5375.91,597.3233333333333,0.3333333333333333,0.5555555555555556,2692.455
USR00672,6,9,10788.99,1198.7766666666666,0.2222222222222222,0.3333333333333333,5398.995
USR00673,55,8,1353.64,169.205,0.125,0.375,680.82
USR00674,28,9,16984.65,1887.1833333333334,0.2222222222222222,0.3333333333333333,8496.825
USR00675,38,7,952.5,136.07142857142858,0.42857142857142855,0.42857142857142855,479.75
USR00676,90,17,7854.99,462.05823529411765,0.23529411764705882,0.5294117647058824,3935.995
USR00677,22,12,4393.76,366.1466666666667,0.0,0.3333333333333333,2202.88
USR00678,4,8,13413.99,1676.74875,0.625,0.125,6710.995
USR00679,15,16,19077.37,1192.335625,0.25,0.5,9546.685
USR00680,127,8,8765.92,1095.74,0.25,0.25,4386.96
USR00681,9,9,48073.979999999996,5341.553333333333,0.1111111111111111,0.3333333333333333,24041.489999999998
USR00682,20,16,9303.14,581.44625,0.3125,0.4375,4659.57
USR00683,19,6,2901.7200000000003,483.62000000000006,0.3333333333333333,0.5,1453.8600000000001
USR00684,93,10,3405.08,340.508,0.3,0.1,1707.54
USR00685,52,5,2014.99,402.998,0.4,0.6,1009.995
USR00686,9,8,2198.02,274.7525,0.25,0.25,1103.01
USR00687,27,14,37556.47,2682.605,0.2857142857142857,0.21428571428571427,18785.235
USR00688,28,7,8868.41,1266.9157142857143,0.2857142857142857,0.42857142857142855,4437.705
USR00689,49,11,22835.08,2075.9163636363637,0.18181818181818182,0.36363636363636365,11423.04
USR00690,14,6,6548.42,1091.4033333333334,0.0,0.16666666666666666,3277.21
USR00691,18,18,7559.2,419.9555555555555,0.1111111111111111,0.2222222222222222,3788.6
USR00692,172,8,9113.85,1139.23125,0.375,0.375,4560.925
USR00693,30,9,3854.98,428.3311111111111,0.3333333333333333,0.3333333333333333,1931.99
USR00694,43,7,3494.2200000000003,499.17428571428576,0.42857142857142855,0.42857142857142855,1750.6100000000001
USR00695,4,5,709.9,141.98,0.0,0.2,357.45
USR00696,6,9,6387.68,709.7422222222223,0.4444444444444444,0.1111111111111111,3198.34
USR00697,66,15,18055.33,1203.6886666666667,0.26666666666666666,0.4,9035.165
USR00698,14,9,8773.93,974.8811111111112,0.2222222222222222,0.3333333333333333,4391.465
USR00699,76,7,9278.77,1325.5385714285715,0.14285714285714285,0.5714285714285714,4642.885
USR00700,82,9,16587.86,1843.0955555555556,0.2222222222222222,0.3333333333333333,8298.43
USR00701,5,7,5033.43,719.0614285714286,0.14285714285714285,0.5714285714285714,2520.215
USR00702,18,9,7818.7699999999995,868.7522222222221,0.4444444444444444,0.3333333333333333,3913.8849999999998
USR00703,78,11,6981.5599999999995,634.6872727272727,0.18181818181818182,0.45454545454545453,3496.2799999999997
USR00704,123,7,11146.91,1592.4157142857143,0.0,0.42857142857142855,5576.955
USR00705,11,9,8592.71,954.7455555555555,0.1111111111111111,0.3333333333333333,4300.855
USR00706,85,5,919.2199999999999,183.844,0.0,0.2,462.10999999999996
USR00707,80,7,8508.59,1215.5128571428572,0.2857142857142857,0.14285714285714285,4257.795
USR00708,27,8,3823.73,477.96625,0.25,0.0,1915.865
USR00709,4,8,8294.789999999999,1036.8487499999999,0.125,0.375,4151.3949999999995
USR00710,29,7,1070.73,152.96142857142857,0.14285714285714285,0.2857142857142857,538.865
USR00711,46,11,13246.279999999999,1204.2072727272725,0.36363636363636365,0.45454545454545453,6628.639999999999
USR00712,53,9,13673.36,1519.2622222222224,0.1111111111111111,0.3333333333333333,6841.18
USR00713,6,13,19908.39,1531.4146153846154,0.3076923076923077,0.15384615384615385,9960.695
USR00714,23,9,2710.59,301.1766666666667,0.2222222222222222,0.4444444444444444,1359.795
USR00715,60,11,9720.07,883.6427272727273,0.18181818181818182,0.2727272727272727,4865.535
USR00716,16,11,24118.28,2192.570909090909,0.18181818181818182,0.2727272727272727,12064.64
USR00717,99,7,3045.55,435.0785714285715,0.42857142857142855,0.2857142857142857,1526.275
USR00718,53,11,11359.57,1032.6881818181819,0.18181818181818182,0.45454545454545453,5685.285
USR00719,1,6,2289.01,381.5016666666667,0.16666666666666666,0.5,1147.505
USR00720,19,15,4422.73,294.84866666666665,0.4666666666666667,0.6666666666666666,2218.865
USR00721,156,3,1004.27,334.75666666666666,0.3333333333333333,0.3333333333333333,503.635
USR00722,19,7,3387.24,483.89142857142855,0.14285714285714285,0.0,1697.12
USR00723,14,12,44867.73,3738.9775000000004,0.25,0.16666666666666666,22439.865
USR00724,8,11,19453.4,1768.4909090909093,0.2727272727272727,0.2727272727272727,9732.2
USR00725,57,9,2100.4900000000002,233.3877777777778,0.3333333333333333,0.5555555555555556,1054.7450000000001
USR00726,43,8,7757.19,969.64875,0.375,0.25,3882.595
USR00727,1,13,34006.6,2615.8923076923074,0.3076923076923077,0.3076923076923077,17009.8
USR00728,44,15,6828.42,455.228,0.3333333333333333,0.3333333333333333,3421.71
USR00729,55,8,3689.75,461.21875,0.375,0.125,1848.875
USR00730,5,11,4384.49,398.59,0.2727272727272727,0.45454545454545453,2197.745
USR00731,14,11,9729.949999999999,884.5409090909089,0.09090909090909091,0.45454545454545453,4870.474999999999
USR00732,24,13,4227.66,325.20461538461535,0.23076923076923078,0.3076923076923077,2120.33
USR00733,39,11,24975.78,2270.5254545454545,0.2727272727272727,0.36363636363636365,12493.39
USR00734,20,10,6522.12,652.212,0.1,0.5,3266.06
USR00735,52,5,5179.57,1035.914,0.4,0.4,2592.285
USR00736,101,8,3886.16,485.77,0.25,0.0,1947.08
USR00737,4,14,10904.83,778.9164285714286,0.21428571428571427,0.5,5459.415
USR00738,2,8,1515.94,189.4925,0.25,0.375,761.97
USR00739,2,15,19247.02,1283.1346666666666,0.2,0.2,9631.01
USR00740,29,8,10717.2,1339.65,0.125,0.5,5362.6
USR00741,35,9,2264.81,251.64555555555555,0.4444444444444444,0.2222222222222222,1136.905
USR00742,79,14,19915.47,1422.5335714285716,0.2857142857142857,0.5714285714285714,9964.735
USR00743,65,12,11564.880000000001,963.7400000000001,0.4166666666666667,0.25,5788.4400000000005
USR00744,35,8,3848.25,481.03125,0.125,0.375,1928.125
USR00745,58,13,5921.82,455.52461538461534,0.38461538461538464,0.46153846153846156,2967.41
USR00746,30,11,12532.630000000001,1139.3300000000002,0.2727272727272727,0.5454545454545454,6271.8150000000005
USR00747,21,14,24320.08,1737.1485714285716,0.21428571428571427,0.42857142857142855,12167.04
USR00748,14,12,7672.879999999999,639.4066666666666,0.16666666666666666,0.4166666666666667,3842.4399999999996
USR00749,4,12,7212.99,601.0825,0.08333333333333333,0.08333333333333333,3612.495
USR00750,67,13,36264.18,2789.5523076923077,0.23076923076923078,0.3076923076923077,18138.59
USR00751,15,11,6645.11,604.1009090909091,0.36363636363636365,0.45454545454545453,3328.055
USR00752,23,6,10037.94,1672.99,0.3333333333333333,0.3333333333333333,5021.97
USR00753,10,11,8684.39,789.4899999999999,0.5454545454545454,0.2727272727272727,4347.695
USR00754,10,15,14150.01,943.3340000000001,0.13333333333333333,0.26666666666666666,7082.505
USR00755,10,9,9791.61,1087.9566666666667,0.0,0.5555555555555556,4900.305
USR00756,40,13,2916.76,224.36615384615385,0.23076923076923078,0.23076923076923078,1464.88
USR00757,6,9,5027.73,558.6366666666667,0.3333333333333333,0.3333333333333333,2518.365
USR00758,21,11,9997.44,908.8581818181818,0.2727272727272727,0.45454545454545453,5004.22
USR00759,14,13,14327.43,1102.1100000000001,0.3076923076923077,0.23076923076923078,7170.215
USR00760,22,12,7541.39,628.4491666666667,0.3333333333333333,0.25,3776.695
USR00761,14,8,3127.86,390.9825,0.25,0.0,1567.93
USR00762,8,12,5553.7,462.80833333333334,0.3333333333333333,0.3333333333333333,2782.85
USR00763,77,9,5348.96,594.3288888888889,0.1111111111111111,0.2222222222222222,2678.98
USR00764,28,7,4688.96,669.8514285714285,0.2857142857142857,0.14285714285714285,2347.98
USR00765,1,18,4761.34,264.5188888888889,0.5,0.2777777777777778,2389.67
USR00766,8,16,16839.12,1052.445,0.25,0.375,8427.56
USR00767,9,14,4020.81,287.2007142857143,0.21428571428571427,0.2857142857142857,2017.405
USR00768,12,10,12639.93,1263.993,0.2,0.2,6324.965
USR00769,12,16,11440.28,715.0175,0.4375,0.375,5728.14
USR00770,87,8,1950.66,243.8325,0.375,0.5,979.33
USR00771,8,18,10959.03,608.835,0.2222222222222222,0.3888888888888889,5488.515
USR00772,6,16,3428.19,214.261875,0.1875,0.4375,1722.095
USR00773,38,14,7127.72,509.1228571428572,0.21428571428571427,0.21428571428571427,3570.86
USR00774,59,11,12817.91,1165.2645454545454,0.36363636363636365,0.36363636363636365,6414.455
USR00775,95,13,2098.32,161.4092307692308,0.38461538461538464,0.23076923076923078,1055.66
USR00776,75,6,6386.82,1064.47,0.16666666666666666,0.6666666666666666,3196.41
USR00777,83,12,29000.149999999998,2416.6791666666663,0.08333333333333333,0.3333333333333333,14506.074999999999
USR00778,7,5,948.5799999999999,189.71599999999998,0.2,0.0,476.78999999999996
USR00779,3,9,3992.41,443.6011111111111,0.2222222222222222,0.3333333333333333,2000.705
USR00780,58,5,5748.65,1149.73,0.6,0.6,2876.825
USR00781,29,15,28104.54,1873.636,0.3333333333333333,0.26666666666666666,14059.77
USR00782,21,11,24147.78,2195.252727272727,0.18181818181818182,0.36363636363636365,12079.39
USR00783,16,10,5554.15,555.415,0.3,0.3,2782.075
USR00784,9,5,1756.85,351.37,0.6,0.2,880.925
USR00785,7,8,2160.98,270.1225,0.25,0.25,1084.49
USR00786,1,9,1918.3300000000002,213.1477777777778,0.1111111111111111,0.1111111111111111,963.6650000000001
USR00787,13,11,16015.119999999999,1455.9199999999998,0.45454545454545453,0.5454545454545454,8013.0599999999995
USR00788,89,5,1053.17,210.63400000000001,0.0,0.2,529.085
USR00789,18,10,5010.56,501.05600000000004,0.1,0.3,2510.28
USR00790,19,9,4746.1,527.3444444444444,0.3333333333333333,0.4444444444444444,2377.55
USR00791,25,10,24488.56,2448.856,0.1,0.2,12249.28
USR00792,112,11,7445.57,676.87,0.36363636363636365,0.36363636363636365,3728.285
USR00793,129,6,2055.01,342.5016666666667,0.16666666666666666,0.16666666666666666,1030.505
USR00794,4,5,4523.04,904.608,0.2,0.4,2264.02
USR00795,7,15,15546.380000000001,1036.4253333333334,0.26666666666666666,0.26666666666666666,7780.6900000000005
USR00796,43,10,6246.59,624.659,0.2,0.3,3128.295
USR00797,23,12,9041.03,753.4191666666667,0.08333333333333333,0.4166666666666667,4526.515
USR00798,33,7,1946.19,278.02714285714285,0.5714285714285714,0.42857142857142855,976.595
USR00799,21,10,4651.32,465.13199999999995,0.3,0.1,2330.66
USR00800,61,9,14555.65,1617.2944444444445,0.1111111111111111,0.3333333333333333,7282.325
USR00801,231,5,4646.99,929.3979999999999,0.2,0.2,2325.995
USR00802,105,11,4615.3099999999995,419.5736363636363,0.09090909090909091,0.6363636363636364,2313.1549999999997
USR00803,54,7,4862.5,694.6428571428571,0.2857142857142857,0.5714285714285714,2434.75
USR00804,23,12,3412.45,284.37083333333334,0.3333333333333333,0.3333333333333333,1712.225
USR00805,30,6,4704.68,784.1133333333333,0.5,0.16666666666666666,2355.34
USR00806,49,10,2403.05,240.305,0.4,0.4,1206.525
USR00807,6,6,1347.12,224.51999999999998,0.5,0.5,676.56
USR00808,36,5,2903.9700000000003,580.7940000000001,0.2,0.6,1454.4850000000001
USR00809,11,14,17365.08,1240.3628571428574,0.21428571428571427,0.42857142857142855,8689.54
USR00810,57,9,6283.91,698.2122222222222,0.3333333333333333,0.2222222222222222,3146.455
USR00811,81,11,11138.76,1012.6145454545455,0.2727272727272727,0.2727272727272727,5574.88
USR00812,127,9,3015.52,335.0577777777778,0.4444444444444444,0.2222222222222222,1512.26
USR00813,15,6,15396.52,2566.0866666666666,0.3333333333333333,0.5,7701.26
USR00814,66,8,6389.97,798.74625,0.5,0.625,3198.985
USR00815,43,10,12467.19,1246.719,0.3,0.3,6238.595
USR00816,5,12,33374.27,2781.1891666666666,0.3333333333333333,0.25,16693.135
USR00817,147,6,7569.650000000001,1261.6083333333333,0.16666666666666666,0.6666666666666666,3787.8250000000003
USR00818,6,12,4880.1,406.675,0.25,0.25,2446.05
USR00819,3,12,8832.96,736.0799999999999,0.3333333333333333,0.3333333333333333,4422.48
USR00820,6,8,3177.87,397.23375,0.0,0.375,1592.935
USR00821,108,11,15127.06,1375.1872727272728,0.36363636363636365,0.2727272727272727,7569.03
USR00822,15,11,18439.73,1676.3390909090908,0.18181818181818182,0.45454545454545453,9225.365
USR00823,89,5,8665.2,1733.0400000000002,0.0,0.4,4335.1
USR00824,10,5,1683.81,336.762,0.4,0.4,844.405
USR00825,26,11,9563.4,869.4,0.36363636363636365,0.36363636363636365,4787.2
USR00826,4,11,3870.55,351.8681818181818,0.18181818181818182,0.2727272727272727,1940.775
USR00827,29,9,3086.37,342.93,0.3333333333333333,0.4444444444444444,1547.685
USR00828,8,9,20594.53,2288.281111111111,0.3333333333333333,0.1111111111111111,10301.765
USR00829,46,9,2675.49,297.27666666666664,0.3333333333333333,0.4444444444444444,1342.245
USR00830,3,11,3412.4300000000003,310.2209090909091,0.18181818181818182,0.2727272727272727,1711.7150000000001
USR00831,38,11,8060.44,732.7672727272727,0.5454545454545454,0.45454545454545453,4035.72
USR00832,6,17,14544.119999999999,855.5364705882353,0.17647058823529413,0.35294117647058826,7280.5599999999995
USR00833,41,8,18994.800000000003,2374.3500000000004,0.375,0.5,9501.400000000001
USR00834,8,13,17707.25,1362.0961538461538,0.15384615384615385,0.6153846153846154,8860.125
USR00835,34,11,12986.24,1180.5672727272727,0.2727272727272727,0.6363636363636364,6498.62
USR00836,26,10,4277.38,427.738,0.2,0.2,2143.69
USR00837,2,12,9720.97,810.0808333333333,0.25,0.3333333333333333,4866.485
USR00838,137,4,777.7,194.425,0.25,0.0,390.85
USR00839,42,9,14099.28,1566.5866666666668,0.3333333333333333,0.3333333333333333,7054.14
USR00840,46,11,8163.02,742.0927272727273,0.2727272727272727,0.18181818181818182,4087.01
USR00841,6,9,13511.380000000001,1501.2644444444445,0.3333333333333333,0.2222222222222222,6760.1900000000005
USR00842,73,13,6260.56,481.5815384615385,0.46153846153846156,0.23076923076923078,3136.78
USR00843,105,10,7280.35,728.0350000000001,0.2,0.1,3645.175
USR00844,24,12,23503.29,1958.6075,0.16666666666666666,0.16666666666666666,11757.645
USR00845,40,7,2233.91,319.13,0.42857142857142855,0.14285714285714285,1120.455
USR00846,51,6,10824.150000000001,1804.0250000000003,0.5,0.16666666666666666,5415.075000000001
USR00847,21,7,15183.43,2169.0614285714287,0.2857142857142857,0.42857142857142855,7595.215
USR00848,43,8,8039.49,1004.93625,0.375,0.625,4023.745
USR00849,1,13,6096.2,468.9384615384615,0.0,0.38461538461538464,3054.6
USR00850,35,9,3178.58,353.17555555555555,0.5555555555555556,0.5555555555555556,1593.79
USR00851,6,10,8955.130000000001,895.5130000000001,0.2,0.2,4482.5650000000005
USR00852,17,10,20979.82,2097.982,0.3,0.3,10494.91
USR00853,19,6,7370.08,1228.3466666666666,0.0,0.3333333333333333,3688.04
USR00854,25,7,6688.370000000001,955.4814285714286,0.42857142857142855,0.42857142857142855,3347.6850000000004
USR00855,67,1,937.89,937.89,0.0,0.0,469.445
USR00856,16,10,5372.4,537.24,0.3,0.4,2691.2
USR00857,4,10,6918.69,691.8689999999999,0.3,0.2,3464.345
USR00858,6,16,18634.52,1164.6575,0.25,0.1875,9325.26
USR00859,6,11,9954.48,904.9527272727272,0.18181818181818182,0.2727272727272727,4982.74
USR00860,61,15,5997.55,399.8366666666667,0.2,0.3333333333333333,3006.275
USR00861,35,8,1634.1,204.2625,0.375,0.375,821.05
USR00862,87,9,5744.28,638.2533333333333,0.5555555555555556,0.3333333333333333,2876.64
USR00863,15,9,10755.4,1195.0444444444445,0.1111111111111111,0.1111111111111111,5382.2
USR00864,21,9,7061.5599999999995,784.6177777777777,0.2222222222222222,0.1111111111111111,3535.2799999999997
USR00865,6,10,2423.14,242.314,0.4,0.5,1216.57
USR00866,128,6,5318.79,886.465,0.16666666666666666,0.3333333333333333,2662.395
USR00867,4,11,2654.02,241.27454545454546,0.2727272727272727,0.2727272727272727,1332.51
USR00868,8,7,3474.87,496.40999999999997,0.14285714285714285,0.2857142857142857,1740.935
USR00869,7,12,14994.6,1249.55,0.25,0.3333333333333333,7503.3
USR00870,51,12,5318.38,443.1983333333333,0.5,0.16666666666666666,2665.19
USR00871,34,8,18689.829999999998,2336.2287499999998,0.0,0.5,9348.914999999999
USR00872,3,15,10059.09,670.606,0.3333333333333333,0.2,5037.045
USR00873,79,13,5410.45,416.1884615384615,0.3076923076923077,0.23076923076923078,2711.725
USR00874,179,14,10535.93,752.5664285714286,0.14285714285714285,0.35714285714285715,5274.965
USR00875,19,9,5241.2,582.3555555555555,0.0,0.3333333333333333,2625.1
USR00876,102,8,3828.2799999999997,478.53499999999997,0.125,0.25,1918.1399999999999
USR00877,4,11,6998.139999999999,636.1945454545454,0.36363636363636365,0.2727272727272727,3504.5699999999997
USR00878,58,11,10630.01,966.3645454545455,0.45454545454545453,0.2727272727272727,5320.505
USR00879,16,10,5602.99,560.299,0.3,0.2,2806.495
USR00880,12,8,15174.97,1896.87125,0.5,0.25,7591.485
USR00881,43,11,3315.48,301.40727272727275,0.45454545454545453,0.36363636363636365,1663.24
USR00882,14,13,3538.21,272.17,0.3076923076923077,0.5384615384615384,1775.605
USR00883,44,11,5127.71,466.1554545454546,0.5454545454545454,0.36363636363636365,2569.355
USR00884,43,6,3549.54,591.59,0.0,0.6666666666666666,1777.77
USR00885,99,8,4243.68,530.46,0.25,0.375,2125.84
USR00886,55,7,14742.52,2106.074285714286,0.2857142857142857,0.2857142857142857,7374.76
USR00887,45,14,5196.82,371.20142857142855,0.21428571428571427,0.42857142857142855,2605.41
USR00888,16,7,6587.530000000001,941.0757142857144,0.14285714285714285,0.5714285714285714,3297.2650000000003
USR00889,32,12,5610.8099999999995,467.56749999999994,0.16666666666666666,0.5833333333333334,2811.4049999999997
USR00890,33,7,3402.22,486.03142857142853,0.2857142857142857,0.42857142857142855,1704.61
USR00891,7,12,4136.36,344.69666666666666,0.08333333333333333,0.25,2074.18
USR00892,101,8,2187.28,273.41,0.5,0.25,1097.64
USR00893,1,8,1852.4099999999999,231.55124999999998,0.375,0.25,930.2049999999999
USR00894,25,12,7783.61,648.6341666666666,0.25,0.4166666666666667,3897.805
USR00895,37,11,2556.03,232.36636363636364,0.45454545454545453,0.6363636363636364,1283.515
USR00896,14,6,638.48,106.41333333333334,0.16666666666666666,0.16666666666666666,322.24
USR00897,33,12,8950.67,745.8891666666667,0.08333333333333333,0.4166666666666667,4481.335
USR00898,40,9,17186.47,1909.607777777778,0.2222222222222222,0.5555555555555556,8597.735
USR00899,11,10,3803.11,380.31100000000004,0.3,0.3,1906.555
USR00900,37,11,14055.57,1277.7790909090909,0.6363636363636364,0.09090909090909091,7033.285
USR00901,21,9,3067.0099999999998,340.77888888888884,0.3333333333333333,0.1111111111111111,1538.0049999999999
USR00902,16,4,7589.759999999999,1897.4399999999998,0.25,0.5,3796.8799999999997
USR00903,103,13,8099.69,623.0530769230769,0.38461538461538464,0.38461538461538464,4056.345
USR00904,2,16,7434.61,464.663125,0.3125,0.375,3725.305
USR00905,24,7,3275.25,467.89285714285717,0.7142857142857143,0.2857142857142857,1641.125
USR00906,4,8,8146.33,1018.29125,0.5,0.375,4077.165
USR00907,20,10,3209.16,320.916,0.1,0.5,1609.58
USR00908,4,11,1202.6499999999999,109.33181818181816,0.2727272727272727,0.36363636363636365,606.8249999999999
USR00909,6,11,4188.95,380.81363636363636,0.36363636363636365,0.18181818181818182,2099.975
USR00910,37,16,9690.41,605.650625,0.25,0.3125,4853.205
USR00911,34,11,6326.62,575.1472727272727,0.18181818181818182,0.36363636363636365,3168.81
USR00912,24,9,9205.56,1022.8399999999999,0.1111111111111111,0.3333333333333333,4607.28
USR00913,4,6,4167.48,694.5799999999999,0.0,0.16666666666666666,2086.74
USR00914,46,14,4526.64,323.3314285714286,0.35714285714285715,0.2857142857142857,2270.32
USR00915,20,6,12619.16,2103.193333333333,0.5,0.16666666666666666,6312.58
USR00916,8,9,4427.12,491.90222222222224,0.2222222222222222,0.4444444444444444,2218.06
USR00917,66,9,13265.119999999999,1473.902222222222,0.1111111111111111,0.4444444444444444,6637.0599999999995
USR00918,113,6,7775.6900000000005,1295.9483333333335,0.0,0.16666666666666666,3890.8450000000003
USR00919,104,7,2453.81,350.5442857142857,0.14285714285714285,0.2857142857142857,1230.405
USR00920,15,11,6148.26,558.9327272727273,0.09090909090909091,0.45454545454545453,3079.63
USR00921,42,14,9490.31,677.8792857142856,0.14285714285714285,0.2857142857142857,4752.155
USR00922,27,13,14412.39,1108.6453846153845,0.07692307692307693,0.23076923076923078,7212.695
USR00923,14,7,6762.110000000001,966.0157142857144,0.2857142857142857,0.2857142857142857,3384.5550000000003
USR00924,26,11,9180.76,834.6145454545455,0.0,0.2727272727272727,4595.88
USR00925,27,10,3790.0499999999997,379.005,0.4,0.4,1900.0249999999999
USR00926,135,8,1509.37,188.67125,0.375,0.125,758.685
USR00927,14,17,7551.71,444.2182352941177,0.23529411764705882,0.47058823529411764,3784.355
USR00928,185,6,15157.470000000001,2526.2450000000003,0.5,0.3333333333333333,7581.735000000001
USR00929,91,8,5826.85,728.35625,0.25,0.25,2917.425
USR00930,72,10,2779.69,277.969,0.1,0.2,1394.845
USR00931,56,9,10506.52,1167.391111111111,0.4444444444444444,0.3333333333333333,5257.76
USR00932,28,7,26980.11,3854.3014285714285,0.14285714285714285,0.42857142857142855,13493.555
USR00933,15,8,2630.94,328.8675,0.0,0.0,1319.47
USR00934,116,7,9233.92,1319.1314285714286,0.42857142857142855,0.2857142857142857,4620.46
USR00935,58,8,3780.98,472.6225,0.5,0.125,1894.49
USR00936,109,4,4813.379999999999,1203.3449999999998,0.0,0.25,2408.6899999999996
USR00937,40,8,6220.07,777.50875,0.25,0.25,3114.035
USR00938,25,7,5226.49,746.6414285714285,0.14285714285714285,0.2857142857142857,2616.745
USR00939,55,9,2695.12,299.4577777777778,0.1111111111111111,0.1111111111111111,1352.06
USR00940,114,8,1377.1100000000001,172.13875000000002,0.25,0.125,692.5550000000001
USR00941,20,7,7061.610000000001,1008.8014285714287,0.42857142857142855,0.14285714285714285,3534.3050000000003
USR00942,39,15,9176.65,611.7766666666666,0.2,0.2,4595.825
USR00943,36,17,8312.49,488.96999999999997,0.058823529411764705,0.29411764705882354,4164.745
USR00944,101,8,3574.02,446.7525,0.25,0.25,1791.01
USR00945,22,9,3103.43,344.8255555555555,0.3333333333333333,0.1111111111111111,1556.215
USR00946,4,11,6451.639999999999,586.5127272727273,0.2727272727272727,0.5454545454545454,3231.3199999999997
USR00947,16,12,10751.24,895.9366666666666,0.25,0.25,5381.62
USR00948,23,8,20722.32,2590.29,0.625,0.125,10365.16
USR00949,37,16,8760.15,547.509375,0.3125,0.4375,4388.075
USR00950,64,7,3396.43,485.2042857142857,0.2857142857142857,0.42857142857142855,1701.715
USR00951,10,14,15812.06,1129.432857142857,0.5714285714285714,0.35714285714285715,7913.03
USR00952,84,10,5330.76,533.076,0.3,0.5,2670.38
USR00953,24,10,19570.66,1957.066,0.4,0.6,9790.33
USR00954,34,16,29604.879999999997,1850.3049999999998,0.1875,0.3125,14810.439999999999
USR00955,32,8,3068.26,383.5325,0.375,0.375,1538.13
USR00956,21,10,4679.82,467.98199999999997,0.0,0.4,2344.91
USR00957,21,12,2503.95,208.6625,0.16666666666666666,0.5,1257.975
USR00958,31,15,7671.08,511.4053333333333,0.13333333333333333,0.4,3843.04
USR00959,1,14,4858.8099999999995,347.05785714285713,0.2857142857142857,0.2857142857142857,2436.4049999999997
USR00960,10,10,5383.9,538.39,0.6,0.4,2696.95
USR00961,7,9,5336.95,592.9944444444444,0.5555555555555556,0.1111111111111111,2672.975
USR00962,14,12,4086.23,340.51916666666665,0.5,0.25,2049.115
USR00963,83,6,6415.7699999999995,1069.2949999999998,0.0,0.6666666666666666,3210.8849999999998
USR00964,28,11,11701.02,1063.729090909091,0.09090909090909091,0.2727272727272727,5856.01
USR00965,7,9,1943.26,215.9177777777778,0.4444444444444444,0.2222222222222222,976.13
USR00966,5,8,2900.3,362.5375,0.125,0.25,1454.15
USR00967,2,9,8145.62,905.0688888888889,0.4444444444444444,0.4444444444444444,4077.31
USR00968,4,10,13639.49,1363.949,0.2,0.2,6824.745
USR00969,15,5,4705.38,941.076,0.2,0.6,2355.19
USR00970,42,15,18467.28,1231.1519999999998,0.26666666666666666,0.4,9241.14
USR00971,7,12,5915.07,492.92249999999996,0.25,0.5,2963.535
USR00972,2,13,2590.44,199.26461538461538,0.38461538461538464,0.23076923076923078,1301.72
USR00973,4,10,11688.31,1168.831,0.2,0.3,5849.155
USR00974,8,4,1013.87,253.4675,0.25,0.0,508.935
USR00975,156,8,4213.74,526.7175,0.5,0.125,2110.87
USR00976,50,13,14535.060000000001,1118.0815384615385,0.38461538461538464,0.38461538461538464,7274.030000000001
USR00977,9,10,11429.23,1142.923,0.6,0.0,5719.615
USR00978,27,11,3810.1400000000003,346.3763636363637,0.2727272727272727,0.36363636363636365,1910.5700000000002
USR00979,25,6,7639.19,1273.1983333333333,0.0,0.3333333333333333,3822.595
USR00980,11,9,6206.71,689.6344444444444,0.3333333333333333,0.4444444444444444,3107.855
USR00981,106,11,5413.62,492.1472727272727,0.2727272727272727,0.36363636363636365,2712.31
USR00982,151,8,9603.0,1200.375,0.375,0.25,4805.5
USR00983,78,11,4323.19,393.0172727272727,0.2727272727272727,0.6363636363636364,2167.095
USR00984,23,12,6303.87,525.3225,0.25,0.25,3157.935
USR00985,40,7,9570.039999999999,1367.1485714285714,0.2857142857142857,0.2857142857142857,4788.5199999999995
USR00986,19,14,7017.53,501.2521428571428,0.14285714285714285,0.2857142857142857,3515.765
USR00987,11,8,11252.6,1406.575,0.375,0.625,5630.3
USR00988,33,12,5579.7,464.97499999999997,0.3333333333333333,0.4166666666666667,2795.85
USR00989,18,10,2768.01,276.80100000000004,0.2,0.3,1389.005
USR00990,7,8,11100.86,1387.6075,0.25,0.375,5554.43
USR00991,7,12,4156.02,346.33500000000004,0.16666666666666666,0.08333333333333333,2084.01
USR00992,12,10,9027.26,902.726,0.3,0.3,4518.63
USR00993,19,13,5505.22,423.47846153846154,0.3076923076923077,0.3076923076923077,2759.11
USR00994,9,18,13541.06,752.281111111111,0.3333333333333333,0.3888888888888889,6779.53
USR00995,36,13,13984.64,1075.7415384615383,0.23076923076923078,0.46153846153846156,6998.82
USR00996,20,8,2548.44,318.555,0.375,0.375,1278.22
USR00997,18,10,2462.18,246.218,0.5,0.4,1236.09
USR00998,20,9,5212.05,579.1166666666667,0.2222222222222222,0.1111111111111111,2610.525
USR00999,53,8,3660.54,457.5675,0.25,0.375,1834.27
USR01000,1,13,14119.64,1086.1261538461538,0.38461538461538464,0.23076923076923078,7066.32
USR01001,49,10,14224.18,1422.4180000000001,0.2,0.4,7117.09
USR01002,21,13,10316.0,793.5384615384615,0.3076923076923077,0.5384615384615384,5164.5
USR01003,12,10,2945.66,294.566,0.3,0.3,1477.83
USR01004,3,13,3215.07,247.31307692307695,0.46153846153846156,0.07692307692307693,1614.035
USR01005,13,14,26299.96,1878.5685714285714,0.07142857142857142,0.42857142857142855,13156.98
USR01006,80,9,2583.51,287.0566666666667,0.3333333333333333,0.4444444444444444,1296.255
USR01007,36,10,20863.86,2086.386,0.4,0.3,10436.93
USR01008,32,10,9161.58,916.158,0.2,0.3,4585.79
USR01009,56,10,12325.6,1232.56,0.4,0.4,6167.8
USR01010,15,17,9451.27,555.9570588235295,0.35294117647058826,0.17647058823529413,4734.135
USR01011,50,9,17331.43,1925.7144444444446,0.2222222222222222,0.5555555555555556,8670.215
USR01012,9,15,6321.04,421.4026666666667,0.13333333333333333,0.4666666666666667,3168.02
USR01013,3,11,6045.72,549.6109090909091,0.45454545454545453,0.5454545454545454,3028.36
USR01014,6,7,2755.66,393.6657142857143,0.2857142857142857,0.2857142857142857,1381.33
USR01015,14,6,7690.17,1281.695,0.16666666666666666,0.5,3848.085
USR01016,26,11,7245.82,658.710909090909,0.18181818181818182,0.7272727272727273,3628.41
USR01017,47,9,5688.92,632.1022222222223,0.2222222222222222,0.4444444444444444,2848.96
USR01018,8,17,19926.67,1172.1570588235293,0.17647058823529413,0.29411764705882354,9971.835
USR01019,30,6,9671.03,1611.8383333333334,0.16666666666666666,0.16666666666666666,4838.515
USR01020,30,7,11083.630000000001,1583.3757142857144,0.7142857142857143,0.42857142857142855,5545.3150000000005
USR01021,13,8,5876.72,734.59,0.125,0.25,2942.36
USR01022,48,5,1889.16,377.832,0.2,0.2,947.08
USR01023,16,6,18404.12,3067.353333333333,0.5,0.5,9205.06
USR01024,53,9,24826.66,2758.5177777777776,0.2222222222222222,0.1111111111111111,12417.83
USR01025,40,5,3356.88,671.376,0.2,0.2,1680.94
USR01026,16,10,2916.78,291.678,0.1,0.2,1463.39
USR01027,68,6,8952.52,1492.0866666666668,0.16666666666666666,0.3333333333333333,4479.26
USR01028,2,11,5827.17,529.7427272727273,0.45454545454545453,0.36363636363636365,2919.085
USR01029,26,15,6016.33,401.08866666666665,0.13333333333333333,0.3333333333333333,3015.665
USR01030,8,7,3468.74,495.53428571428566,0.14285714285714285,0.42857142857142855,1737.87
USR01031,15,13,25552.39,1965.5684615384614,0.23076923076923078,0.5384615384615384,12782.695
USR01032,31,14,9179.06,655.6471428571429,0.21428571428571427,0.42857142857142855,4596.53
USR01033,127,9,24280.46,2697.8288888888887,0.3333333333333333,0.3333333333333333,12144.73
USR01034,15,9,5946.25,660.6944444444445,0.3333333333333333,0.2222222222222222,2977.625
USR01035,70,9,3970.05,441.1166666666667,0.6666666666666666,0.3333333333333333,1989.525
USR01036,11,11,2673.67,243.0609090909091,0.18181818181818182,0.18181818181818182,1342.335
USR01037,18,9,3361.06,373.4511111111111,0.5555555555555556,0.2222222222222222,1685.03
USR01038,98,7,1613.1499999999999,230.45,0.2857142857142857,0.5714285714285714,810.0749999999999
USR01039,15,14,24516.789999999997,1751.1992857142855,0.2857142857142857,0.14285714285714285,12265.394999999999
USR01040,60,12,14897.09,1241.4241666666667,0.16666666666666666,0.08333333333333333,7454.545
USR01041,40,14,11382.75,813.0535714285714,0.21428571428571427,0.2857142857142857,5698.375
USR01042,32,10,2129.45,212.945,0.2,0.1,1069.725
USR01043,64,7,4420.36,631.4799999999999,0.2857142857142857,0.2857142857142857,2213.68
USR01044,85,6,3128.62,521.4366666666666,0.3333333333333333,0.3333333333333333,1567.31
USR01045,25,9,2406.91,267.4344444444444,0.1111111111111111,0.3333333333333333,1207.955
USR01046,36,11,26529.32,2411.7563636363634,0.2727272727272727,0.09090909090909091,13270.16
USR01047,41,13,1755.53,135.04076923076923,0.23076923076923078,0.23076923076923078,884.265
USR01048,24,11,2101.87,191.0790909090909,0.2727272727272727,0.45454545454545453,1056.435
USR01049,9,14,8428.2,602.0142857142857,0.35714285714285715,0.21428571428571427,4221.1
USR01050,73,15,2720.2599999999998,181.35066666666665,0.2,0.3333333333333333,1367.6299999999999
USR01051,49,12,12996.58,1083.0483333333334,0.08333333333333333,0.16666666666666666,6504.29
USR01052,18,8,13219.949999999999,1652.4937499999999,0.25,0.25,6613.974999999999
USR01053,10,17,12593.1,740.7705882352941,0.23529411764705882,0.29411764705882354,6305.05
USR01054,8,8,12322.76,1540.345,0.125,0.5,6165.38
USR01055,25,6,1930.65,321.77500000000003,0.5,0.16666666666666666,968.325
USR01056,72,10,15398.369999999999,1539.837,0.4,0.3,7704.1849999999995
USR01057,47,9,5033.11,559.2344444444444,0.3333333333333333,0.6666666666666666,2521.055
USR01058,33,16,12399.220000000001,774.9512500000001,0.25,0.5,6207.610000000001
USR01059,19,7,13113.24,1873.32,0.14285714285714285,0.42857142857142855,6560.12
USR01060,92,9,24024.27,2669.3633333333332,0.3333333333333333,0.0,12016.635
USR01061,17,10,6989.84,698.984,0.1,0.2,3499.92
USR01062,48,8,2035.8200000000002,254.47750000000002,0.125,0.375,1021.9100000000001
USR01063,67,7,6111.46,873.0657142857143,0.2857142857142857,0.42857142857142855,3059.23
USR01064,66,7,3617.1800000000003,516.74,0.2857142857142857,0.2857142857142857,1812.0900000000001
USR01065,31,4,1647.49,411.8725,1.0,0.0,825.745
USR01066,5,9,7735.0,859.4444444444445,0.2222222222222222,0.2222222222222222,3872.0
USR01067,46,8,2898.2200000000003,362.27750000000003,0.125,0.25,1453.1100000000001
USR01068,34,10,8153.61,815.361,0.2,0.3,4081.805
USR01069,6,15,37832.23,2522.148666666667,0.5333333333333333,0.13333333333333333,18923.615
USR01070,41,12,12019.69,1001.6408333333334,0.08333333333333333,0.16666666666666666,6015.845
USR01071,43,12,2278.95,189.9125,0.4166666666666667,0.3333333333333333,1145.475
USR01072,10,15,13200.65,880.0433333333333,0.26666666666666666,0.13333333333333333,6607.825
USR01073,26,10,8365.41,836.5409999999999,0.1,0.4,4187.705
USR01074,78,9,2369.8,263.31111111111113,0.2222222222222222,0.2222222222222222,1189.4
USR01075,56,9,2971.65,330.18333333333334,0.2222222222222222,0.3333333333333333,1490.325
USR01076,2,10,1165.17,116.51700000000001,0.1,0.1,587.585
USR01077,62,7,5243.23,749.0328571428571,0.14285714285714285,0.14285714285714285,2625.115
USR01078,4,9,1638.96,182.10666666666668,0.2222222222222222,0.3333333333333333,823.98
USR01079,42,11,12489.56,1135.4145454545453,0.45454545454545453,0.2727272727272727,6250.28
USR01080,13,6,8774.85,1462.4750000000001,0.0,0.3333333333333333,4390.425
USR01081,4,9,2299.94,255.54888888888888,0.1111111111111111,0.3333333333333333,1154.47
USR01082,14,7,28430.24,4061.4628571428575,0.14285714285714285,0.2857142857142857,14218.62
USR01083,11,11,3289.33,299.03,0.2727272727272727,0.2727272727272727,1650.165
USR01084,5,6,4100.16,683.36,0.16666666666666666,0.0,2053.08
USR01085,2,8,2251.2599999999998,281.40749999999997,0.25,0.375,1129.6299999999999
USR01086,1,10,11408.630000000001,1140.863,0.2,0.4,5709.3150000000005
USR01087,54,9,5881.9800000000005,653.5533333333334,0.2222222222222222,0.4444444444444444,2945.4900000000002
USR01088,106,12,7228.8,602.4,0.16666666666666666,0.3333333333333333,3620.4
USR01089,94,9,4747.99,527.5544444444445,0.3333333333333333,0.2222222222222222,2378.495
USR01090,6,8,4834.62,604.3275,0.25,0.375,2421.31
USR01091,38,16,26488.62,1655.53875,0.25,0.375,13252.31
USR01092,34,7,1383.49,197.64142857142858,0.14285714285714285,0.0,695.245
USR01093,25,8,5339.89,667.48625,0.375,0.25,2673.945
USR01094,5,10,7256.950000000001,725.695,0.2,0.6,3633.4750000000004
USR01095,7,13,24477.73,1882.9023076923077,0.23076923076923078,0.3076923076923077,12245.365
USR01096,2,13,4296.57,330.50538461538457,0.46153846153846156,0.3076923076923077,2154.785
USR01097,1,13,4536.27,348.9438461538462,0.3076923076923077,0.46153846153846156,2274.635
USR01098,1,10,18113.07,1811.307,0.3,0.4,9061.535
USR01099,4,11,41521.71,3774.700909090909,0.18181818181818182,0.2727272727272727,20766.355
USR01100,41,8,13417.41,1677.17625,0.25,0.125,6712.705
USR01101,21,9,5077.78,564.1977777777778,0.2222222222222222,0.1111111111111111,2543.39
USR01102,40,8,12289.65,1536.20625,0.125,0.5,6148.825
USR01103,32,14,3338.67,238.47642857142858,0.14285714285714285,0.35714285714285715,1676.335
USR01104,85,11,8932.61,812.0554545454546,0.09090909090909091,0.0,4471.805
USR01105,45,9,5340.75,593.4166666666666,0.5555555555555556,0.2222222222222222,2674.875
USR01106,56,12,17737.11,1478.0925,0.3333333333333333,0.4166666666666667,8874.555
USR01107,12,10,3339.26,333.92600000000004,0.3,0.2,1674.63
USR01108,11,9,1685.85,187.31666666666666,0.4444444444444444,0.3333333333333333,847.425
USR01109,15,11,6100.05,554.5500000000001,0.36363636363636365,0.2727272727272727,3055.525
USR01110,135,7,1273.57,181.9385714285714,0.2857142857142857,0.2857142857142857,640.285
USR01111,16,11,694.65,63.15,0.5454545454545454,0.36363636363636365,352.825
USR01112,27,7,2823.7200000000003,403.3885714285715,0.2857142857142857,0.42857142857142855,1415.3600000000001
USR01113,29,17,5405.33,317.9605882352941,0.35294117647058826,0.35294117647058826,2711.165
USR01114,202,3,593.69,197.89666666666668,0.0,0.0,298.345
USR01115,25,12,10687.39,890.6158333333333,0.25,0.25,5349.695
USR01116,33,14,8369.24,597.8028571428571,0.14285714285714285,0.5,4191.62
USR01117,20,6,1509.8600000000001,251.64333333333335,0.16666666666666666,0.0,757.9300000000001
USR01118,107,12,12871.4,1072.6166666666666,0.25,0.3333333333333333,6441.7
USR01119,158,12,4643.96,386.99666666666667,0.3333333333333333,0.5,2327.98
USR01120,13,14,17932.66,1280.9042857142856,0.14285714285714285,0.2857142857142857,8973.33
USR01121,121,7,5962.42,851.7742857142857,0.7142857142857143,0.42857142857142855,2984.71
USR01122,8,6,2881.99,480.33166666666665,0.16666666666666666,0.3333333333333333,1443.995
USR01123,33,7,1927.83,275.4042857142857,0.0,0.2857142857142857,967.415
USR01124,5,10,690.36,69.036,0.4,0.3,350.18
USR01125,44,11,8231.94,748.3581818181818,0.5454545454545454,0.2727272727272727,4121.47
USR01126,7,11,11524.05,1047.640909090909,0.2727272727272727,0.2727272727272727,5767.525
USR01127,19,12,6051.28,504.2733333333333,0.25,0.4166666666666667,3031.64
USR01128,25,14,2852.25,203.73214285714286,0.21428571428571427,0.14285714285714285,1433.125
USR01129,90,8,11680.14,1460.0175,0.375,0.375,5844.07
USR01130,1,11,3232.7999999999997,293.8909090909091,0.36363636363636365,0.36363636363636365,1621.8999999999999
USR01131,2,8,4433.66,554.2075,0.375,0.5,2220.83
USR01132,63,12,31832.870000000003,2652.7391666666667,0.3333333333333333,0.25,15922.435000000001
USR01133,46,7,3194.08,456.29714285714283,0.0,0.2857142857142857,1600.54
USR01134,19,11,8741.1,794.6454545454545,0.45454545454545453,0.18181818181818182,4376.05
USR01135,40,9,1885.22,209.4688888888889,0.4444444444444444,0.1111111111111111,947.11
USR01136,42,8,8126.12,1015.765,0.25,0.125,4067.06
USR01137,2,11,9243.84,840.3490909090909,0.2727272727272727,0.18181818181818182,4627.42
USR01138,25,16,8232.35,514.521875,0.375,0.3125,4124.175
USR01139,21,17,10699.720000000001,629.3952941176472,0.23529411764705882,0.23529411764705882,5358.360000000001
USR01140,101,14,19627.35,1401.9535714285714,0.2857142857142857,0.2857142857142857,9820.675
USR01141,3,12,6263.13,521.9275,0.16666666666666666,0.4166666666666667,3137.565
USR01142,13,7,4456.64,636.6628571428572,0.14285714285714285,0.42857142857142855,2231.82
USR01143,17,10,3376.96,337.696,0.1,0.5,1693.48
USR01144,7,12,4099.7,341.64166666666665,0.25,0.4166666666666667,2055.85
USR01145,40,10,22131.12,2213.112,0.0,0.3,11070.56
USR01146,60,11,19529.46,1775.4054545454544,0.18181818181818182,0.36363636363636365,9770.23
USR01147,36,12,1923.54,160.295,0.16666666666666666,0.4166666666666667,967.77
USR01148,32,9,5778.77,642.0855555555556,0.3333333333333333,0.3333333333333333,2893.885
USR01149,14,8,2448.93,306.11625,0.25,0.125,1228.465
USR01150,55,10,16777.0,1677.7,0.2,0.3,8393.5
USR01151,37,4,4314.67,1078.6675,0.25,0.25,2159.335
USR01152,15,10,14147.7,1414.77,0.3,0.3,7078.85
USR01153,39,10,21620.21,2162.0209999999997,0.5,0.4,10815.105
USR01154,6,7,7475.31,1067.9014285714286,0.0,0.2857142857142857,3741.155
USR01155,1,7,10343.130000000001,1477.5900000000001,0.5714285714285714,0.2857142857142857,5175.0650000000005
USR01156,170,7,2375.03,339.29,0.42857142857142855,0.5714285714285714,1191.015
USR01157,8,9,10371.27,1152.3633333333335,0.2222222222222222,0.3333333333333333,5190.135
USR01158,39,12,3548.33,295.69416666666666,0.16666666666666666,0.3333333333333333,1780.165
USR01159,24,4,2944.51,736.1275,0.5,0.5,1474.255
USR01160,9,10,5946.95,594.6949999999999,0.4,0.3,2978.475
USR01161,1,11,4958.33,450.7572727272727,0.0,0.0,2484.665
USR01162,21,7,11522.02,1646.0028571428572,0.2857142857142857,0.14285714285714285,5764.51
USR01163,2,10,2344.94,234.494,0.5,0.6,1177.47
USR01164,12,14,7305.06,521.7900000000001,0.21428571428571427,0.14285714285714285,3659.53
USR01165,88,4,1001.2099999999999,250.30249999999998,0.25,0.75,502.60499999999996
USR01166,20,11,21850.53,1986.411818181818,0.2727272727272727,0.36363636363636365,10930.765
USR01167,1,2,395.72,197.86,0.5,1.0,198.86
USR01168,30,15,5816.74,387.78266666666667,0.6,0.4666666666666667,2915.87
USR01169,11,11,10231.41,930.1281818181818,0.18181818181818182,0.6363636363636364,5121.205
USR01170,35,17,5388.35,316.9617647058824,0.058823529411764705,0.35294117647058826,2702.675
USR01171,5,11,4664.5199999999995,424.0472727272727,0.09090909090909091,0.36363636363636365,2337.7599999999998
USR01172,90,9,10312.93,1145.881111111111,0.2222222222222222,0.4444444444444444,5160.965
USR01173,25,10,3039.31,303.931,0.3,0.4,1524.655
USR01174,24,9,11566.32,1285.1466666666665,0.1111111111111111,0.0,5787.66
USR01175,3,13,51401.009999999995,3953.9238461538457,0.5384615384615384,0.5384615384615384,25707.004999999997
USR01176,69,7,3782.9700000000003,540.4242857142857,0.2857142857142857,0.2857142857142857,1894.9850000000001
USR01177,4,10,8417.1,841.71,0.2,0.3,4213.55
USR01178,17,12,16250.98,1354.2483333333332,0.4166666666666667,0.08333333333333333,8131.49
USR01179,27,13,3405.11,261.9315384615385,0.3076923076923077,0.15384615384615385,1709.055
USR01180,51,10,10266.23,1026.623,0.1,0.6,5138.115
USR01181,1,12,13703.07,1141.9225,0.5,0.5833333333333334,6857.535
USR01182,49,9,3660.0,406.6666666666667,0.1111111111111111,0.4444444444444444,1834.5
USR01183,43,7,20632.8,2947.542857142857,0.14285714285714285,0.14285714285714285,10319.9
USR01184,51,8,2263.4,282.925,0.25,0.125,1135.7
USR01185,59,9,2869.44,318.82666666666665,0.2222222222222222,0.3333333333333333,1439.22
USR01186,48,11,4626.77,420.6154545454546,0.2727272727272727,0.45454545454545453,2318.885
USR01187,1,10,13527.03,1352.703,0.3,0.0,6768.515
USR01188,14,13,7661.92,589.3784615384616,0.15384615384615385,0.23076923076923078,3837.46
USR01189,90,6,11368.8,1894.8,0.16666666666666666,0.3333333333333333,5687.4
USR01190,8,9,1405.2,156.13333333333333,0.2222222222222222,0.1111111111111111,707.1
USR01191,43,4,4021.7200000000003,1005.4300000000001,0.5,0.5,2012.8600000000001
USR01192,7,16,2804.98,175.31125,0.3125,0.25,1410.49
USR01193,1,9,15327.01,1703.0011111111112,0.0,0.7777777777777778,7668.005
USR01194,36,11,8945.2,813.2,0.36363636363636365,0.36363636363636365,4478.1
USR01195,8,8,8573.04,1071.63,0.375,0.5,4290.52
USR01196,3,12,10689.68,890.8066666666667,0.3333333333333333,0.6666666666666666,5350.84
USR01197,49,12,17654.84,1471.2366666666667,0.25,0.08333333333333333,8833.42
USR01198,48,7,4720.45,674.35,0.2857142857142857,0.42857142857142855,2363.725
USR01199,4,15,2919.33,194.62199999999999,0.2,0.4,1467.165
USR01200,5,8,3974.79,496.84875,0.375,0.25,1991.395
USR01201,4,14,17379.13,1241.3664285714287,0.14285714285714285,0.35714285714285715,8696.565
USR01202,9,15,4264.5199999999995,284.3013333333333,0.4,0.3333333333333333,2139.7599999999998
USR01203,46,12,2207.9900000000002,183.9991666666667,0.16666666666666666,0.25,1109.9950000000001
USR01204,113,11,31165.34,2833.212727272727,0.2727272727272727,0.18181818181818182,15588.17
USR01205,14,7,19435.43,2776.4900000000002,0.5714285714285714,0.42857142857142855,9721.215
USR01206,42,11,12433.12,1130.2836363636363,0.36363636363636365,0.6363636363636364,6222.06
USR01207,3,14,9549.27,682.0907142857143,0.14285714285714285,0.7142857142857143,4781.635
USR01208,30,6,2669.76,444.96000000000004,0.3333333333333333,0.3333333333333333,1337.88
USR01209,26,13,3518.04,270.61846153846153,0.38461538461538464,0.23076923076923078,1765.52
USR01210,23,6,5371.8,895.3000000000001,0.16666666666666666,0.3333333333333333,2688.9
USR01211,74,8,1916.64,239.58,0.25,0.0,962.32
USR01212,9,15,11404.63,760.3086666666666,0.4666666666666667,0.4,5709.815
USR01213,35,8,8188.39,1023.54875,0.125,0.375,4098.195
USR01214,20,10,11110.42,1111.042,0.1,0.2,5560.21
USR01215,30,9,3426.14,380.6822222222222,0.3333333333333333,0.2222222222222222,1717.57
USR01216,102,8,25162.46,3145.3075,0.0,0.375,12585.23
USR01217,5,13,21516.55,1655.1192307692306,0.15384615384615385,0.46153846153846156,10764.775
USR01218,17,8,4909.9,613.7375,0.75,0.375,2458.95
USR01219,17,9,8175.27,908.3633333333333,0.5555555555555556,0.2222222222222222,4092.135
USR01220,6,10,2054.01,205.401,0.5,0.1,1032.005
USR01221,4,13,7599.320000000001,584.563076923077,0.3076923076923077,0.46153846153846156,3806.1600000000003
USR01222,1,6,4002.4500000000003,667.075,0.0,0.3333333333333333,2004.2250000000001
USR01223,32,6,4113.65,685.6083333333332,0.16666666666666666,0.16666666666666666,2059.825
USR01224,1,11,4162.42,378.4018181818182,0.09090909090909091,0.36363636363636365,2086.71
USR01225,60,12,8373.28,697.7733333333334,0.08333333333333333,0.4166666666666667,4192.64
USR01226,13,11,3597.59,327.0536363636364,0.2727272727272727,0.45454545454545453,1804.295
USR01227,35,6,1574.52,262.42,0.3333333333333333,0.3333333333333333,790.26
USR01228,7,6,2697.83,449.6383333333333,0.16666666666666666,0.3333333333333333,1351.915
USR01229,13,10,17388.27,1738.827,0.5,0.6,8699.135
USR01230,31,13,17985.72,1383.5169230769231,0.15384615384615385,0.6923076923076923,8999.36
USR01231,47,9,7654.85,850.5388888888889,0.4444444444444444,0.4444444444444444,3831.925
USR01232,38,8,20920.89,2615.11125,0.0,0.375,10464.445
USR01233,102,15,8570.71,571.3806666666666,0.26666666666666666,0.13333333333333333,4292.855
USR01234,20,7,13075.93,1867.99,0.14285714285714285,0.42857142857142855,6541.465
USR01235,13,7,3481.49,497.35571428571427,0.14285714285714285,0.2857142857142857,1744.245
USR01236,54,7,1049.73,149.96142857142857,0.14285714285714285,0.14285714285714285,528.365
USR01237,3,11,9593.55,872.1409090909091,0.36363636363636365,0.2727272727272727,4802.275
USR01238,10,15,18970.18,1264.6786666666667,0.2,0.2,9492.59
USR01239,47,11,11869.12,1079.010909090909,0.36363636363636365,0.2727272727272727,5940.06
USR01240,4,9,1837.11,204.12333333333333,0.6666666666666666,0.2222222222222222,923.055
USR01241,2,11,4271.150000000001,388.28636363636366,0.45454545454545453,0.36363636363636365,2141.0750000000003
USR01242,75,8,8554.359999999999,1069.2949999999998,0.125,0.5,4281.179999999999
USR01243,4,12,4381.16,365.09666666666664,0.25,0.6666666666666666,2196.58
USR01244,73,8,9590.64,1198.83,0.5,0.0,4799.32
USR01245,48,8,6303.64,787.955,0.375,0.875,3155.82
USR01246,26,8,4774.95,596.86875,0.5,0.25,2391.475
USR01247,1,6,725.5100000000001,120.91833333333335,0.3333333333333333,0.16666666666666666,365.75500000000005
USR01248,44,11,1158.93,105.35727272727273,0.36363636363636365,0.09090909090909091,584.965
USR01249,2,14,2289.8999999999996,163.5642857142857,0.21428571428571427,0.2857142857142857,1151.9499999999998
USR01250,14,12,5080.94,423.41166666666663,0.25,0.3333333333333333,2546.47
USR01251,1,13,26116.629999999997,2008.9715384615383,0.46153846153846156,0.46153846153846156,13064.814999999999
USR01252,46,10,85333.17,8533.317,0.2,0.3,42671.585
USR01253,37,8,12680.86,1585.1075,0.25,0.25,6344.43
USR01254,21,5,3936.33,787.266,0.2,0.2,1970.665
USR01255,49,6,7913.429999999999,1318.905,0.16666666666666666,0.5,3959.7149999999997
USR01256,54,10,2635.11,263.511,0.1,0.4,1322.555
USR01257,20,9,5485.59,609.51,0.2222222222222222,0.5555555555555556,2747.295
USR01258,4,12,30548.75,2545.7291666666665,0.4166666666666667,0.25,15280.375
USR01259,11,15,1650.25,110.01666666666667,0.2,0.4,832.625
USR01260,104,10,7877.28,787.728,0.3,0.1,3943.64
USR01261,39,9,2217.88,246.43111111111114,0.2222222222222222,0.4444444444444444,1113.44
USR01262,12,22,17517.5,796.25,0.18181818181818182,0.2727272727272727,8769.75
USR01263,22,10,9704.2,970.4200000000001,0.2,0.2,4857.1
USR01264,17,12,31245.28,2603.773333333333,0.4166666666666667,0.3333333333333333,15628.64
USR01265,45,14,23511.47,1679.3907142857145,0.42857142857142855,0.2857142857142857,11762.735
USR01266,27,8,2798.79,349.84875,0.25,0.375,1403.395
USR01267,19,11,6956.13,632.3754545454545,0.18181818181818182,0.18181818181818182,3483.565
USR01268,8,10,3388.79,338.879,0.3,0.1,1699.395
USR01269,16,11,8645.65,785.9681818181817,0.5454545454545454,0.18181818181818182,4328.325
USR01270,13,6,2533.53,422.25500000000005,0.3333333333333333,0.3333333333333333,1269.765
USR01271,16,7,3351.8,478.8285714285715,0.42857142857142855,0.14285714285714285,1679.4
USR01272,51,6,10289.24,1714.8733333333332,0.3333333333333333,0.5,5147.62
USR01273,11,8,4029.96,503.745,0.25,0.25,2018.98
USR01274,6,11,5453.55,495.77727272727276,0.18181818181818182,0.18181818181818182,2732.275
USR01275,26,10,4336.66,433.666,0.2,0.2,2173.33
USR01276,17,6,5112.78,852.13,0.5,0.5,2559.39
USR01277,52,4,4067.5,1016.875,0.25,0.25,2035.75
USR01278,36,9,5355.6,595.0666666666667,0.1111111111111111,0.5555555555555556,2682.3
USR01279,5,14,2748.68,196.3342857142857,0.21428571428571427,0.14285714285714285,1381.34
USR01280,40,12,5044.96,420.41333333333336,0.16666666666666666,0.5833333333333334,2528.48
USR01281,42,11,3291.62,299.23818181818183,0.2727272727272727,0.09090909090909091,1651.31
USR01282,171,2,1352.9099999999999,676.4549999999999,1.0,0.5,677.4549999999999
USR01283,12,7,3157.86,451.1228571428572,0.42857142857142855,0.42857142857142855,1582.43
USR01284,48,8,7280.06,910.0075,0.125,0.25,3644.03
USR01285,40,8,5498.93,687.36625,0.5,0.25,2753.465
USR01286,22,9,2733.0,303.6666666666667,0.3333333333333333,0.2222222222222222,1371.0
USR01287,33,8,16342.14,2042.7675,0.25,0.5,8175.07
USR01288,71,8,10550.44,1318.805,0.125,0.25,5279.22
USR01289,28,20,32554.62,1627.731,0.45,0.3,16287.31
USR01290,10,10,12778.77,1277.877,0.2,0.4,6394.385
USR01291,5,9,8593.63,954.8477777777777,0.2222222222222222,0.4444444444444444,4301.315
USR01292,7,8,2398.5099999999998,299.81374999999997,0.25,0.375,1203.2549999999999
USR01293,50,14,6930.12,495.00857142857143,0.2857142857142857,0.21428571428571427,3472.06
USR01294,8,9,15034.18,1670.4644444444446,0.2222222222222222,0.2222222222222222,7521.59
USR01295,12,10,17482.489999999998,1748.2489999999998,0.3,0.3,8746.244999999999
USR01296,32,9,7776.75,864.0833333333334,0.4444444444444444,0.3333333333333333,3892.875
USR01297,58,15,13459.96,897.3306666666666,0.4666666666666667,0.2,6737.48
USR01298,48,12,6061.76,505.1466666666667,0.3333333333333333,0.4166666666666667,3036.88
USR01299,1,9,2388.8199999999997,265.4244444444444,0.2222222222222222,0.2222222222222222,1198.9099999999999
USR01300,4,8,962.85,120.35625,0.125,0.25,485.425
USR01301,162,3,392.11,130.70333333333335,0.3333333333333333,0.6666666666666666,197.555
USR01302,12,14,10983.96,784.5685714285713,0.5,0.35714285714285715,5498.98
USR01303,46,10,4300.59,430.059,0.2,0.5,2155.295
USR01304,66,12,4841.24,403.43666666666667,0.25,0.4166666666666667,2426.62
USR01305,31,11,19879.280000000002,1807.207272727273,0.18181818181818182,0.5454545454545454,9945.140000000001
USR01306,86,14,15234.99,1088.2135714285714,0.2857142857142857,0.35714285714285715,7624.495
USR01307,20,15,33350.12,2223.3413333333333,0.13333333333333333,0.2,16682.56
USR01308,5,15,7107.05,473.80333333333334,0.13333333333333333,0.4,3561.025
USR01309,3,9,5165.46,573.94,0.3333333333333333,0.1111111111111111,2587.23
USR01310,3,7,5223.139999999999,746.1628571428571,0.7142857142857143,0.2857142857142857,2615.0699999999997
USR01311,38,9,2696.6499999999996,299.62777777777774,0.6666666666666666,0.3333333333333333,1352.8249999999998
USR01312,66,10,4207.15,420.715,0.3,0.2,2108.575
USR01313,13,6,2475.4,412.56666666666666,0.3333333333333333,0.6666666666666666,1240.7
USR01314,47,9,1377.87,153.09666666666666,0.3333333333333333,0.3333333333333333,693.435
USR01315,70,10,12315.59,1231.559,0.7,0.2,6162.795
USR01316,11,10,9895.38,989.5379999999999,0.2,0.6,4952.69
USR01317,113,7,2884.6499999999996,412.0928571428571,0.14285714285714285,0.14285714285714285,1445.8249999999998
USR01318,14,5,2905.11,581.022,0.2,0.6,1455.055
USR01319,67,7,3321.36,474.48,0.14285714285714285,0.42857142857142855,1664.18
USR01320,42,9,5271.46,585.7177777777778,0.2222222222222222,0.1111111111111111,2640.23
USR01321,12,9,9600.18,1066.6866666666667,0.1111111111111111,0.1111111111111111,4804.59
USR01322,2,13,16787.95,1291.3807692307694,0.23076923076923078,0.5384615384615384,8400.475
USR01323,14,12,22383.25,1865.2708333333333,0.4166666666666667,0.25,11197.625
USR01324,12,11,4814.11,437.6463636363636,0.36363636363636365,0.36363636363636365,2412.555
USR01325,31,6,2540.5699999999997,423.4283333333333,0.5,0.6666666666666666,1273.2849999999999
USR01326,16,9,1125.0,125.0,0.2222222222222222,0.4444444444444444,567.0
USR01327,86,10,8115.110000000001,811.5110000000001,0.4,0.7,4062.5550000000003
USR01328,4,7,1671.9,238.84285714285716,0.42857142857142855,0.2857142857142857,839.45
USR01329,17,13,19116.37,1470.49,0.38461538461538464,0.3076923076923077,9564.685
USR01330,6,10,8171.78,817.178,0.4,0.5,4090.89
USR01331,6,11,15599.35,1418.1227272727274,0.45454545454545453,0.36363636363636365,7805.175
USR01332,12,11,20091.350000000002,1826.4863636363639,0.18181818181818182,0.45454545454545453,10051.175000000001
USR01333,13,7,2207.09,315.29857142857145,0.2857142857142857,0.14285714285714285,1107.045
USR01334,60,6,8244.33,1374.055,0.3333333333333333,0.16666666666666666,4125.165
USR01335,20,7,10215.79,1459.3985714285716,0.0,0.14285714285714285,5111.395
USR01336,77,11,13299.47,1209.0427272727272,0.36363636363636365,0.2727272727272727,6655.235
USR01337,81,8,8141.88,1017.735,0.125,0.5,4074.94
USR01338,70,11,55818.079999999994,5074.370909090909,0.18181818181818182,0.2727272727272727,27914.539999999997
USR01339,4,12,7444.82,620.4016666666666,0.25,0.25,3728.41
USR01340,23,8,17064.640000000003,2133.0800000000004,0.5,0.125,8536.320000000002
USR01341,43,9,12522.07,1391.341111111111,0.3333333333333333,0.3333333333333333,6265.535
USR01342,26,10,7642.26,764.226,0.3,0.0,3826.13
USR01343,12,8,3661.1900000000005,457.64875000000006,0.25,0.5,1834.5950000000003
USR01344,46,8,9225.66,1153.2075,0.0,0.625,4616.83
USR01345,7,9,2209.89,245.54333333333332,0.6666666666666666,0.6666666666666666,1109.445
USR01346,10,10,2926.39,292.639,0.3,0.7,1468.195
USR01347,16,14,12917.58,922.6842857142857,0.14285714285714285,0.07142857142857142,6465.79
USR01348,14,4,10356.75,2589.1875,0.0,0.25,5180.375
USR01349,9,9,14319.25,1591.0277777777778,0.3333333333333333,0.2222222222222222,7164.125
USR01350,146,6,11208.25,1868.0416666666667,0.0,0.5,5607.125
USR01351,19,9,3420.02,380.0022222222222,0.3333333333333333,0.5555555555555556,1714.51
USR01352,147,12,29750.77,2479.2308333333335,0.25,0.5833333333333334,14881.385
USR01353,100,11,13652.74,1241.158181818182,0.18181818181818182,0.18181818181818182,6831.87
USR01354,11,11,4763.95,433.0863636363636,0.36363636363636365,0.36363636363636365,2387.475
USR01355,3,5,9007.810000000001,1801.5620000000004,0.6,0.2,4506.405000000001
USR01356,5,8,11058.38,1382.2975,0.375,0.25,5533.19
USR01357,3,7,8354.24,1193.462857142857,0.14285714285714285,0.42857142857142855,4180.62
USR01358,107,5,11637.09,2327.418,0.2,0.4,5821.045
USR01359,27,13,1699.93,130.76384615384615,0.3076923076923077,0.38461538461538464,856.465
USR01360,1,20,14330.89,716.5445,0.4,0.4,7175.445
USR01361,37,12,8823.09,735.2575,0.25,0.25,4417.545
USR01362,21,14,18173.55,1298.1107142857143,0.21428571428571427,0.5,9093.775
USR01363,44,6,1735.46,289.24333333333334,0.16666666666666666,0.16666666666666666,870.73
USR01364,42,8,6428.21,803.52625,0.25,0.625,3218.105
USR01365,20,11,6112.27,555.6609090909092,0.18181818181818182,0.2727272727272727,3061.635
USR01366,1,12,12306.88,1025.5733333333333,0.4166666666666667,0.5833333333333334,6159.44
USR01367,20,8,5492.86,686.6075,0.125,0.25,2750.43
USR01368,30,13,2972.7,228.66923076923075,0.3076923076923077,0.6153846153846154,1492.85
USR01369,8,11,5274.92,479.53818181818184,0.36363636363636365,0.36363636363636365,2642.96
USR01370,28,11,17632.34,1602.94,0.36363636363636365,0.36363636363636365,8821.67
USR01371,77,8,3557.12,444.64,0.25,0.125,1782.56
USR01372,44,10,5234.4400000000005,523.4440000000001,0.4,0.4,2622.2200000000003
USR01373,62,15,8498.53,566.5686666666667,0.3333333333333333,0.2,4256.765
USR01374,86,10,31539.6,3153.96,0.4,0.4,15774.8
USR01375,36,11,12622.24,1147.4763636363637,0.36363636363636365,0.36363636363636365,6316.62
USR01376,33,13,11039.76,849.2123076923077,0.23076923076923078,0.3076923076923077,5526.38
USR01377,78,12,5357.97,446.4975,0.4166666666666667,0.4166666666666667,2684.985
USR01378,3,9,9822.75,1091.4166666666667,0.2222222222222222,0.5555555555555556,4915.875
USR01379,8,13,6806.72,523.5938461538461,0.3076923076923077,0.15384615384615385,3409.86
USR01380,2,12,18537.43,1544.7858333333334,0.4166666666666667,0.16666666666666666,9274.715
USR01381,18,7,2780.71,397.2442857142857,0.2857142857142857,0.0,1393.855
USR01382,51,14,9792.06,699.4328571428571,0.21428571428571427,0.21428571428571427,4903.03
USR01383,6,10,9023.33,902.333,0.3,0.6,4516.665
USR01384,2,12,12715.07,1059.5891666666666,0.16666666666666666,0.4166666666666667,6363.535
USR01385,81,6,8512.85,1418.8083333333334,0.3333333333333333,0.5,4259.425
USR01386,34,6,5009.69,834.9483333333333,0.3333333333333333,0.16666666666666666,2507.845
USR01387,26,13,38490.229999999996,2960.786923076923,0.23076923076923078,0.3076923076923077,19251.614999999998
USR01388,28,10,11295.58,1129.558,0.3,0.2,5652.79
USR01389,35,5,5940.96,1188.192,0.2,0.4,2972.98
USR01390,9,11,18220.42,1656.401818181818,0.2727272727272727,0.45454545454545453,9115.71
USR01391,121,6,1411.15,235.1916666666667,0.6666666666666666,0.3333333333333333,708.575
USR01392,85,7,5417.429999999999,773.9185714285713,0.2857142857142857,0.42857142857142855,2712.2149999999997
USR01393,7,11,6112.55,555.6863636363637,0.36363636363636365,0.36363636363636365,3061.775
USR01394,20,15,24227.11,1615.1406666666667,0.2,0.26666666666666666,12121.055
USR01395,13,10,8635.189999999999,863.5189999999999,0.4,0.3,4322.594999999999
USR01396,1,3,1644.19,548.0633333333334,0.0,0.3333333333333333,823.595
USR01397,42,9,7093.19,788.1322222222221,0.2222222222222222,0.3333333333333333,3551.095
USR01398,57,4,1685.5700000000002,421.39250000000004,0.0,0.5,844.7850000000001
USR01399,124,11,4946.65,449.69545454545454,0.2727272727272727,0.18181818181818182,2478.825
USR01400,7,13,7578.8099999999995,582.9853846153845,0.15384615384615385,0.07692307692307693,3795.9049999999997
USR01401,96,9,4595.78,510.6422222222222,0.4444444444444444,0.3333333333333333,2302.39
USR01402,4,13,31057.83,2389.0638461538465,0.38461538461538464,0.23076923076923078,15535.415
USR01403,15,11,9034.54,821.3218181818182,0.18181818181818182,0.45454545454545453,4522.77
USR01404,8,13,4882.06,375.54307692307697,0.07692307692307693,0.23076923076923078,2447.53
USR01405,51,7,6268.49,895.4985714285714,0.14285714285714285,0.2857142857142857,3137.745
USR01406,28,8,5328.1,666.0125,0.25,0.25,2668.05
USR01407,12,11,17590.510000000002,1599.1372727272728,0.18181818181818182,0.2727272727272727,8800.755000000001
USR01408,84,8,6191.92,773.99,0.125,0.375,3099.96
USR01409,10,13,11965.88,920.4523076923076,0.38461538461538464,0.38461538461538464,5989.44
USR01410,2,8,6254.43,781.80375,0.375,0.375,3131.215
USR01411,8,8,7221.37,902.67125,0.125,0.375,3614.685
USR01412,23,10,2582.0299999999997,258.203,0.2,0.1,1296.0149999999999
USR01413,5,14,3657.6,261.25714285714287,0.14285714285714285,0.2857142857142857,1835.8
USR01414,83,11,6024.76,547.7054545454546,0.09090909090909091,0.45454545454545453,3017.88
USR01415,29,7,24428.56,3489.7942857142857,0.2857142857142857,0.2857142857142857,12217.78
USR01416,38,14,8971.8,640.842857142857,0.5,0.21428571428571427,4492.9
USR01417,62,9,7730.93,858.9922222222223,0.3333333333333333,0.1111111111111111,3869.965
USR01418,105,4,2970.96,742.74,0.5,0.5,1487.48
USR01419,15,8,2952.68,369.085,0.625,0.125,1480.34
USR01420,49,11,25022.6,2274.781818181818,0.18181818181818182,0.45454545454545453,12516.8
USR01421,43,5,12939.07,2587.814,0.2,0.4,6472.035
USR01422,26,8,5921.72,740.215,0.25,0.375,2964.86
USR01423,9,14,10487.66,749.1185714285714,0.5,0.2857142857142857,5250.83
USR01424,19,10,6904.2300000000005,690.423,0.3,0.2,3457.1150000000002
USR01425,36,5,2801.66,560.332,0.2,0.4,1403.33
USR01426,11,10,1398.33,139.833,0.2,0.6,704.165
USR01427,2,15,22936.29,1529.086,0.26666666666666666,0.3333333333333333,11475.645
USR01428,56,10,3096.4,309.64,0.1,0.1,1553.2
USR01429,104,10,13046.61,1304.661,0.3,0.2,6528.305
USR01430,53,11,5274.860000000001,479.5327272727273,0.2727272727272727,0.36363636363636365,2642.9300000000003
USR01431,15,14,10360.4,740.0285714285714,0.35714285714285715,0.42857142857142855,5187.2
USR01432,37,5,13973.59,2794.718,0.2,0.6,6989.295
USR01433,20,5,759.85,151.97,0.2,0.2,382.425
USR01434,36,11,4021.64,365.6036363636363,0.36363636363636365,0.45454545454545453,2016.32
USR01435,14,11,13206.26,1200.5690909090908,0.18181818181818182,0.36363636363636365,6608.63
USR01436,7,8,5382.79,672.84875,0.0,0.375,2695.395
USR01437,120,4,3523.1600000000003,880.7900000000001,0.0,0.5,1763.5800000000002
USR01438,3,9,8458.98,939.8866666666667,0.4444444444444444,0.2222222222222222,4233.99
USR01439,33,10,3224.88,322.488,0.2,0.7,1617.44
USR01440,44,8,5030.4,628.8,0.25,0.25,2519.2
USR01441,3,8,7759.24,969.905,0.375,0.375,3883.62
USR01442,11,10,14595.8,1459.58,0.1,0.2,7302.9
USR01443,80,11,2100.18,190.92545454545453,0.45454545454545453,0.09090909090909091,1055.59
USR01444,58,9,1038.82,115.42444444444443,0.4444444444444444,0.4444444444444444,523.91
USR01445,117,4,2064.3500000000004,516.0875000000001,0.0,0.0,1034.1750000000002
USR01446,29,8,9800.04,1225.005,0.25,0.0,4904.02
USR01447,44,6,4298.61,716.435,0.16666666666666666,0.16666666666666666,2152.305
USR01448,19,4,1516.15,379.0375,0.0,0.0,760.075
USR01449,24,7,4440.09,634.2985714285714,0.42857142857142855,0.14285714285714285,2223.545
USR01450,30,12,4089.34,340.77833333333336,0.75,0.3333333333333333,2050.67
USR01451,76,6,2059.66,343.27666666666664,0.0,0.0,1032.83
USR01452,14,7,8708.16,1244.0228571428572,0.14285714285714285,0.2857142857142857,4357.58
USR01453,57,8,10385.57,1298.19625,0.125,0.5,5196.785
USR01454,21,12,4314.33,359.5275,0.4166666666666667,0.4166666666666667,2163.165
USR01455,48,9,9787.4,1087.4888888888888,0.4444444444444444,0.0,4898.2
USR01456,3,8,9464.43,1183.05375,0.375,0.375,4736.215
USR01457,26,9,18707.68,2078.6311111111113,0.3333333333333333,0.1111111111111111,9358.34
USR01458,44,13,11956.24,919.7107692307692,0.23076923076923078,0.6923076923076923,5984.62
USR01459,15,13,7215.13,555.01,0.23076923076923078,0.38461538461538464,3614.065
USR01460,3,15,7407.57,493.83799999999997,0.3333333333333333,0.4,3711.285
USR01461,11,10,4767.8,476.78000000000003,0.1,0.5,2388.9
USR01462,22,12,4873.4800000000005,406.1233333333334,0.16666666666666666,0.25,2442.7400000000002
USR01463,44,11,5644.88,513.170909090909,0.2727272727272727,0.2727272727272727,2827.94
USR01464,93,10,18822.64,1882.264,0.3,0.0,9416.32
USR01465,30,14,2559.08,182.79142857142855,0.14285714285714285,0.42857142857142855,1286.54
USR01466,6,14,16540.32,1181.4514285714286,0.21428571428571427,0.2857142857142857,8277.16
USR01467,17,8,680.39,85.04875,0.375,0.375,344.195
USR01468,11,11,1123.23,102.11181818181818,0.09090909090909091,0.09090909090909091,567.115
USR01469,40,17,8549.53,502.9135294117647,0.47058823529411764,0.5294117647058824,4283.265
USR01470,17,11,6035.15,548.65,0.36363636363636365,0.5454545454545454,3023.075
USR01471,18,7,10680.54,1525.7914285714287,0.14285714285714285,0.14285714285714285,5343.77
USR01472,57,8,6411.25,801.40625,0.25,0.375,3209.625
USR01473,28,9,8482.94,942.548888888889,0.5555555555555556,0.2222222222222222,4245.97
USR01474,30,12,9813.34,817.7783333333333,0.16666666666666666,0.16666666666666666,4912.67
USR01475,48,9,7997.81,888.6455555555556,0.2222222222222222,0.2222222222222222,4003.405
USR01476,3,8,1711.8200000000002,213.97750000000002,0.375,0.25,859.9100000000001
USR01477,121,11,40235.03,3657.73,0.2727272727272727,0.2727272727272727,20123.015
USR01478,5,13,1609.36,123.79692307692306,0.23076923076923078,0.3076923076923077,811.18
USR01479,70,12,5830.64,485.8866666666667,0.3333333333333333,0.25,2921.32
USR01480,126,7,3085.94,440.84857142857146,0.14285714285714285,0.14285714285714285,1546.47
USR01481,3,9,7530.1900000000005,836.6877777777778,0.5555555555555556,0.6666666666666666,3769.5950000000003
USR01482,28,16,43303.27,2706.454375,0.125,0.3125,21659.635
USR01483,16,15,34665.73,2311.048666666667,0.26666666666666666,0.5333333333333333,17340.365
USR01484,20,8,9760.05,1220.00625,0.375,0.375,4884.025
USR01485,52,12,15258.48,1271.54,0.25,0.4166666666666667,7635.24
USR01486,28,7,6198.52,885.5028571428572,0.0,0.2857142857142857,3102.76
USR01487,50,10,14432.89,1443.289,0.2,0.4,7221.445
USR01488,43,13,2263.16,174.08923076923077,0.23076923076923078,0.5384615384615384,1138.08
USR01489,16,5,4167.87,833.574,0.2,0.4,2086.435
USR01490,23,17,11212.37,659.5511764705883,0.17647058823529413,0.29411764705882354,5614.685
USR01491,22,9,25007.19,2778.5766666666664,0.1111111111111111,0.3333333333333333,12508.095
USR01492,22,11,3856.3,350.57272727272726,0.09090909090909091,0.2727272727272727,1933.65
USR01493,44,9,1202.04,133.56,0.2222222222222222,0.2222222222222222,605.52
USR01494,15,11,4639.31,421.7554545454546,0.36363636363636365,0.2727272727272727,2325.155
USR01495,48,9,2481.0099999999998,275.66777777777776,0.2222222222222222,0.4444444444444444,1245.0049999999999
USR01496,20,9,2721.55,302.39444444444445,0.3333333333333333,0.1111111111111111,1365.275
USR01497,16,10,3017.37,301.73699999999997,0.4,0.4,1513.685
USR01498,69,15,17875.92,1191.7279999999998,0.4,0.13333333333333333,8945.46
USR01499,16,9,4757.15,528.5722222222222,0.3333333333333333,0.2222222222222222,2383.075
USR01500,44,7,13287.16,1898.1657142857143,0.5714285714285714,0.14285714285714285,6647.08
USR01501,6,12,2171.39,180.94916666666666,0.25,0.4166666666666667,1091.695
USR01502,4,13,19848.329999999998,1526.7946153846153,0.3076923076923077,0.3076923076923077,9930.664999999999
USR01503,145,10,4398.63,439.863,0.5,0.2,2204.315
USR01504,35,7,2716.33,388.04714285714283,0.14285714285714285,0.14285714285714285,1361.665
USR01505,19,11,11536.119999999999,1048.7381818181818,0.0,0.18181818181818182,5773.5599999999995
USR01506,13,10,3550.49,355.049,0.5,0.7,1780.245
USR01507,42,13,11180.47,860.0361538461538,0.15384615384615385,0.15384615384615385,5596.735
USR01508,2,11,6214.139999999999,564.9218181818181,0.09090909090909091,0.45454545454545453,3112.5699999999997
USR01509,7,9,8187.42,909.7133333333334,0.0,0.5555555555555556,4098.21
USR01510,7,13,22633.37,1741.0284615384614,0.07692307692307693,0.38461538461538464,11323.185
USR01511,55,10,4074.72,407.472,0.3,0.7,2042.36
USR01512,94,9,3632.06,403.5622222222222,0.5555555555555556,0.4444444444444444,1820.53
USR01513,23,13,6831.43,525.4946153846154,0.46153846153846156,0.3076923076923077,3422.215
USR01514,78,12,14908.03,1242.3358333333333,0.4166666666666667,0.08333333333333333,7460.015
USR01515,16,12,6673.44,556.12,0.25,0.5833333333333334,3342.72
USR01516,23,5,2888.36,577.672,0.8,0.2,1446.68
USR01517,10,11,2335.37,212.3063636363636,0.36363636363636365,0.2727272727272727,1173.185
USR01518,52,7,2233.23,319.03285714285715,0.7142857142857143,0.42857142857142855,1120.115
USR01519,8,12,2924.24,243.68666666666664,0.6666666666666666,0.3333333333333333,1468.12
USR01520,6,10,11505.09,1150.509,0.1,0.2,5757.545
USR01521,8,6,3436.05,572.6750000000001,0.0,0.16666666666666666,1721.025
USR01522,49,6,8633.93,1438.9883333333335,0.16666666666666666,0.6666666666666666,4319.965
USR01523,54,8,5225.6,653.2,0.25,0.125,2616.8
USR01524,6,9,22737.23,2526.358888888889,0.2222222222222222,0.3333333333333333,11373.115
USR01525,64,7,9518.25,1359.75,0.2857142857142857,0.5714285714285714,4762.625
USR01526,19,3,367.54999999999995,122.51666666666665,0.3333333333333333,0.0,185.27499999999998
USR01527,11,4,4019.17,1004.7925,0.25,0.25,2011.585
USR01528,136,6,1778.83,296.47166666666664,0.5,0.16666666666666666,892.415
USR01529,5,16,6052.46,378.27875,0.375,0.375,3034.23
USR01530,54,7,12425.19,1775.027142857143,0.0,0.14285714285714285,6216.095
USR01531,20,14,13489.710000000001,963.5507142857143,0.21428571428571427,0.21428571428571427,6751.8550000000005
USR01532,12,14,7723.73,551.6949999999999,0.21428571428571427,0.14285714285714285,3868.865
USR01533,1,14,5331.79,380.84214285714285,0.21428571428571427,0.21428571428571427,2672.895
USR01534,32,12,11777.23,981.4358333333333,0.3333333333333333,0.16666666666666666,5894.615
USR01535,25,7,4473.15,639.0214285714285,0.42857142857142855,0.14285714285714285,2240.075
USR01536,34,13,11040.79,849.2915384615385,0.38461538461538464,0.3076923076923077,5526.895
USR01537,1,12,27170.67,2264.2225,0.08333333333333333,0.16666666666666666,13591.335
USR01538,89,9,2791.59,310.1766666666667,0.3333333333333333,0.5555555555555556,1400.295
USR01539,13,10,7451.799999999999,745.18,0.2,0.1,3730.8999999999996
USR01540,10,13,7079.41,544.5699999999999,0.38461538461538464,0.3076923076923077,3546.205
USR01541,36,12,11697.31,974.7758333333333,0.08333333333333333,0.25,5854.655
USR01542,6,13,1817.69,139.8223076923077,0.3076923076923077,0.3076923076923077,915.345
USR01543,9,10,17877.95,1787.795,0.2,0.7,8943.975
USR01544,8,12,4274.28,356.19,0.25,0.25,2143.14
USR01545,43,10,2797.44,279.744,0.1,0.2,1403.72
USR01546,7,12,4997.36,416.44666666666666,0.16666666666666666,0.3333333333333333,2504.68
USR01547,10,8,4188.11,523.51375,0.5,0.375,2098.055
USR01548,13,16,15789.44,986.84,0.375,0.25,7902.72
USR01549,3,6,6168.5,1028.0833333333333,0.6666666666666666,0.3333333333333333,3087.25
USR01550,4,15,4056.5,270.43333333333334,0.4,0.26666666666666666,2035.75
USR01551,98,8,3778.92,472.365,0.125,0.375,1893.46
USR01552,5,9,8630.9,958.9888888888888,0.2222222222222222,0.6666666666666666,4319.95
USR01553,40,7,5098.3099999999995,728.3299999999999,0.2857142857142857,0.5714285714285714,2552.6549999999997
USR01554,14,12,7019.36,584.9466666666666,0.5,0.25,3515.68
USR01555,2,12,3818.79,318.2325,0.4166666666666667,0.25,1915.395
USR01556,80,14,2709.46,193.53285714285715,0.35714285714285715,0.35714285714285715,1361.73
USR01557,3,8,1186.01,148.25125,0.75,0.5,597.005
USR01558,33,8,7037.599999999999,879.6999999999999,0.5,0.5,3522.7999999999997
USR01559,2,5,1124.75,224.95,0.2,0.4,564.875
USR01560,15,10,6467.290000000001,646.729,0.4,0.4,3238.6450000000004
USR01561,17,11,15214.08,1383.0981818181817,0.45454545454545453,0.36363636363636365,7612.54
USR01562,2,10,10782.83,1078.283,0.2,0.3,5396.415
USR01563,5,15,3066.34,204.4226666666667,0.3333333333333333,0.2,1540.67
USR01564,35,16,5415.44,338.465,0.4375,0.4375,2715.72
USR01565,47,11,3080.82,280.07454545454544,0.45454545454545453,0.2727272727272727,1545.91
USR01566,74,16,35624.25,2226.515625,0.625,0.375,17820.125
USR01567,5,9,2870.91,318.99,0.1111111111111111,0.2222222222222222,1439.955
USR01568,16,6,3838.5299999999997,639.755,0.16666666666666666,0.3333333333333333,1922.2649999999999
USR01569,25,8,13213.76,1651.72,0.625,0.375,6610.88
USR01570,12,13,5231.13,402.3946153846154,0.23076923076923078,0.3076923076923077,2622.065
USR01571,62,5,2518.42,503.684,0.4,0.0,1261.71
USR01572,4,8,28098.7,3512.3375,0.25,0.5,14053.35
USR01573,26,10,4915.98,491.59799999999996,0.5,0.2,2462.99
USR01574,96,10,2963.0,296.3,0.1,0.4,1486.5
USR01575,8,7,2297.21,328.17285714285714,0.42857142857142855,0.42857142857142855,1152.105
USR01576,73,7,5308.51,758.3585714285715,0.2857142857142857,0.2857142857142857,2657.755
USR01577,12,16,9574.15,598.384375,0.3125,0.1875,4795.075
USR01578,3,6,2744.61,457.435,0.3333333333333333,0.6666666666666666,1375.305
USR01579,23,8,7466.879999999999,933.3599999999999,0.375,0.25,3737.4399999999996
USR01580,96,9,7881.38,875.7088888888889,0.2222222222222222,0.3333333333333333,3945.19
USR01581,11,14,21867.67,1561.9764285714284,0.07142857142857142,0.2857142857142857,10940.835
USR01582,44,8,3237.5,404.6875,0.625,0.625,1622.75
USR01583,7,16,9633.84,602.115,0.3125,0.0625,4824.92
USR01584,11,12,6177.68,514.8066666666667,0.25,0.3333333333333333,3094.84
USR01585,75,12,4945.23,412.10249999999996,0.25,0.16666666666666666,2478.615
USR01586,32,10,13052.72,1305.272,0.4,0.5,6531.36
USR01587,50,9,13225.64,1469.5155555555555,0.1111111111111111,0.3333333333333333,6617.32
USR01588,83,7,1901.1,271.5857142857143,0.0,0.14285714285714285,954.05
USR01589,11,16,17132.13,1070.758125,0.125,0.25,8574.065
USR01590,35,8,5589.82,698.7275,0.625,0.25,2798.91
USR01591,86,10,5096.57,509.657,0.2,0.2,2553.285
USR01592,9,9,6345.82,705.0911111111111,0.3333333333333333,0.5555555555555556,3177.41
USR01593,58,9,1649.28,183.25333333333333,0.4444444444444444,0.2222222222222222,829.14
USR01594,49,10,17535.57,1753.557,0.4,0.4,8772.785
USR01595,3,12,4581.53,381.7941666666666,0.4166666666666667,0.3333333333333333,2296.765
USR01596,32,4,4005.31,1001.3275,0.0,0.5,2004.655
USR01597,6,10,12851.23,1285.123,0.2,0.1,6430.615
USR01598,40,11,3365.49,305.95363636363635,0.36363636363636365,0.45454545454545453,1688.245
USR01599,30,13,7115.07,547.3130769230769,0.38461538461538464,0.3076923076923077,3564.035
USR01600,1,9,26757.32,2973.0355555555557,0.2222222222222222,0.4444444444444444,13383.16
USR01601,44,3,1261.8400000000001,420.6133333333334,0.6666666666666666,0.0,632.4200000000001
USR01602,55,9,7728.37,858.7077777777778,0.3333333333333333,0.1111111111111111,3868.685
USR01603,5,11,16393.4,1490.309090909091,0.36363636363636365,0.18181818181818182,8202.2
USR01604,7,13,14486.62,1114.3553846153848,0.07692307692307693,0.15384615384615385,7249.81
USR01605,4,12,5725.92,477.16,0.3333333333333333,0.4166666666666667,2868.96
USR01606,1,13,4518.42,347.57076923076926,0.23076923076923078,0.3076923076923077,2265.71
USR01607,53,9,2691.85,299.09444444444443,0.3333333333333333,0.2222222222222222,1350.425
USR01608,34,10,4994.14,499.41400000000004,0.2,0.4,2502.07
USR01609,3,10,10308.36,1030.836,0.2,0.2,5159.18
USR01610,32,4,7172.03,1793.0075,0.5,0.25,3588.015
USR01611,22,12,14476.03,1206.3358333333333,0.3333333333333333,0.3333333333333333,7244.015
USR01612,53,10,9159.77,915.9770000000001,0.4,0.4,4584.885
USR01613,18,5,1963.6,392.71999999999997,0.0,0.0,984.3
USR01614,88,6,1513.53,252.255,0.16666666666666666,0.5,759.765
USR01615,140,1,86.68,86.68,0.0,1.0,43.84
USR01616,2,11,3504.0299999999997,318.5481818181818,0.45454545454545453,0.2727272727272727,1757.5149999999999
USR01617,17,9,6771.92,752.4355555555555,0.4444444444444444,0.1111111111111111,3390.46
USR01618,5,13,16131.44,1240.88,0.3076923076923077,0.23076923076923078,8072.22
USR01619,19,14,18848.1,1346.292857142857,0.2857142857142857,0.21428571428571427,9431.05
USR01620,23,6,5314.0199999999995,885.67,0.3333333333333333,0.3333333333333333,2660.0099999999998
USR01621,14,3,1977.63,659.21,0.0,0.6666666666666666,990.315
USR01622,2,7,12626.42,1803.7742857142857,0.14285714285714285,0.2857142857142857,6316.71
USR01623,10,10,10604.96,1060.4959999999999,0.4,0.0,5307.48
USR01624,19,15,10483.5,698.9,0.2,0.2,5249.25
USR01625,91,12,14055.119999999999,1171.26,0.16666666666666666,0.5,7033.5599999999995
USR01626,17,8,5348.9400000000005,668.6175000000001,0.375,0.25,2678.4700000000003
USR01627,53,9,18586.0,2065.1111111111113,0.3333333333333333,0.1111111111111111,9297.5
USR01628,37,8,7179.82,897.4775,0.625,0.25,3593.91
USR01629,26,12,4082.91,340.2425,0.25,0.3333333333333333,2047.455
USR01630,2,13,2252.7400000000002,173.28769230769234,0.38461538461538464,0.5384615384615384,1132.8700000000001
USR01631,77,7,1288.05,184.00714285714284,0.14285714285714285,0.42857142857142855,647.525
USR01632,76,10,2842.69,284.269,0.3,0.3,1426.345
USR01633,16,14,25868.95,1847.7821428571428,0.14285714285714285,0.14285714285714285,12941.475
USR01634,33,9,5189.86,576.651111111111,0.2222222222222222,0.4444444444444444,2599.43
USR01635,103,11,8021.099999999999,729.190909090909,0.09090909090909091,0.45454545454545453,4016.0499999999997
USR01636,36,7,7142.28,1020.3257142857143,0.0,0.2857142857142857,3574.64
USR01637,57,4,1237.0500000000002,309.26250000000005,0.25,0.5,620.5250000000001
USR01638,28,13,5770.049999999999,443.84999999999997,0.23076923076923078,0.5384615384615384,2891.5249999999996
USR01639,33,7,4667.34,666.7628571428571,0.2857142857142857,0.2857142857142857,2337.17
USR01640,47,7,8233.17,1176.1671428571428,0.14285714285714285,0.42857142857142855,4120.085
USR01641,6,9,3928.66,436.5177777777778,0.3333333333333333,0.2222222222222222,1968.83
USR01642,12,12,18763.5,1563.625,0.3333333333333333,0.5,9387.75
USR01643,102,8,12983.52,1622.94,0.5,0.25,6495.76
USR01644,118,12,12456.57,1038.0475,0.25,0.16666666666666666,6234.285
USR01645,75,12,17819.72,1484.9766666666667,0.25,0.16666666666666666,8915.86
USR01646,33,10,14514.84,1451.484,0.2,0.5,7262.42
USR01647,68,9,6244.82,693.8688888888888,0.1111111111111111,0.3333333333333333,3126.91
USR01648,7,13,1646.7,126.66923076923078,0.3076923076923077,0.3076923076923077,829.85
USR01649,5,12,15636.800000000001,1303.0666666666668,0.5833333333333334,0.3333333333333333,7824.400000000001
USR01650,2,8,14539.27,1817.40875,0.375,0.375,7273.635
USR01651,41,11,4993.41,453.9463636363636,0.18181818181818182,0.5454545454545454,2502.205
USR01652,28,8,3574.7799999999997,446.84749999999997,0.25,0.625,1791.3899999999999
USR01653,87,9,5421.33,602.37,0.2222222222222222,0.4444444444444444,2715.165
USR01654,3,12,8865.619999999999,738.8016666666666,0.4166666666666667,0.5833333333333334,4438.8099999999995
USR01655,25,10,15941.43,1594.143,0.3,0.5,7975.715
USR01656,15,9,6850.65,761.1833333333333,0.2222222222222222,0.3333333333333333,3429.825
USR01657,28,9,9278.73,1030.97,0.1111111111111111,0.1111111111111111,4643.865
USR01658,1,11,5541.7,503.79090909090905,0.18181818181818182,0.36363636363636365,2776.35
USR01659,26,16,36218.049999999996,2263.6281249999997,0.1875,0.1875,18117.024999999998
USR01660,91,8,3221.77,402.72125,0.25,0.375,1614.885
USR01661,64,10,4025.62,402.562,0.3,0.4,2017.81
USR01662,24,8,10823.85,1352.98125,0.5,0.125,5415.925
USR01663,5,11,12932.08,1175.6436363636365,0.09090909090909091,0.36363636363636365,6471.54
USR01664,9,11,33485.59,3044.144545454545,0.09090909090909091,0.2727272727272727,16748.295
USR01665,20,5,6178.68,1235.736,0.2,0.6,3091.84
USR01666,20,11,16675.6,1515.9636363636362,0.36363636363636365,0.18181818181818182,8343.3
USR01667,81,10,2320.08,232.00799999999998,0.1,0.2,1165.04
USR01668,4,10,18229.68,1822.968,0.1,0.3,9119.84
USR01669,27,12,4459.31,371.6091666666667,0.5,0.3333333333333333,2235.655
USR01670,89,12,19914.03,1659.5024999999998,0.3333333333333333,0.25,9963.015
USR01671,37,12,19685.550000000003,1640.4625000000003,0.25,0.3333333333333333,9848.775000000001
USR01672,1,13,25552.75,1965.5961538461538,0.3076923076923077,0.23076923076923078,12782.875
USR01673,11,5,6337.37,1267.474,0.6,0.4,3171.185
USR01674,38,11,9217.98,837.9981818181818,0.36363636363636365,0.36363636363636365,4614.49
USR01675,30,11,6512.29,592.0263636363636,0.2727272727272727,0.36363636363636365,3261.645
USR01676,9,7,5024.62,717.8028571428571,0.5714285714285714,0.14285714285714285,2515.81
USR01677,62,8,2055.02,256.8775,0.375,0.5,1031.51
USR01678,22,12,12158.47,1013.2058333333333,0.25,0.25,6085.235
USR01679,23,7,11344.34,1620.6200000000001,0.2857142857142857,0.2857142857142857,5675.67
USR01680,8,12,6372.8099999999995,531.0675,0.25,0.25,3192.4049999999997
USR01681,14,7,5405.2699999999995,772.1814285714285,0.2857142857142857,0.42857142857142855,2706.1349999999998
USR01682,32,10,4522.82,452.282,0.2,0.4,2266.41
USR01683,25,11,7564.32,687.6654545454545,0.09090909090909091,0.18181818181818182,3787.66
USR01684,8,14,6591.87,470.84785714285715,0.21428571428571427,0.5,3302.935
USR01685,119,13,16503.19,1269.4761538461537,0.3076923076923077,0.38461538461538464,8258.095
USR01686,1,10,3284.8900000000003,328.48900000000003,0.3,0.2,1647.4450000000002
USR01687,23,12,24995.35,2082.945833333333,0.4166666666666667,0.25,12503.675
USR01688,32,11,3611.68,328.33454545454543,0.09090909090909091,0.6363636363636364,1811.34
USR01689,52,6,15073.73,2512.2883333333334,0.5,0.5,7539.865
USR01690,92,8,5423.54,677.9425,0.125,0.125,2715.77
USR01691,15,16,5422.83,338.926875,0.1875,0.3125,2719.415
USR01692,7,12,12278.42,1023.2016666666667,0.16666666666666666,0.08333333333333333,6145.21
USR01693,93,4,2854.63,713.6575,0.25,0.0,1429.315
USR01694,6,14,13754.44,982.46,0.35714285714285715,0.14285714285714285,6884.22
USR01695,13,11,4212.83,382.98454545454547,0.2727272727272727,0.09090909090909091,2111.915
USR01696,101,7,1438.61,205.51571428571427,0.7142857142857143,0.14285714285714285,722.805
USR01697,81,8,5540.8099999999995,692.6012499999999,0.25,0.25,2774.4049999999997
USR01698,84,9,2265.3,251.70000000000002,0.1111111111111111,0.1111111111111111,1137.15
USR01699,14,16,3289.4900000000002,205.59312500000001,0.375,0.4375,1652.7450000000001
USR01700,14,9,10114.67,1123.8522222222223,0.0,0.3333333333333333,5061.835
USR01701,12,10,1998.1000000000001,199.81,0.4,0.5,1004.0500000000001
USR01702,9,14,2516.52,179.75142857142856,0.21428571428571427,0.42857142857142855,1265.26
USR01703,43,10,31325.91,3132.591,0.3,0.3,15667.955
USR01704,32,12,5765.76,480.48,0.5,0.16666666666666666,2888.88
USR01705,7,6,5658.83,943.1383333333333,0.16666666666666666,0.3333333333333333,2832.415
USR01706,65,12,10255.29,854.6075000000001,0.16666666666666666,0.3333333333333333,5133.645
USR01707,5,7,3793.7,541.9571428571428,0.2857142857142857,0.14285714285714285,1900.35
USR01708,15,4,1511.03,377.7575,0.75,0.25,757.515
USR01709,46,9,15628.63,1736.5144444444443,0.5555555555555556,0.4444444444444444,7818.815
USR01710,4,10,9257.32,925.732,0.3,0.1,4633.66
USR01711,3,12,6151.049999999999,512.5875,0.4166666666666667,0.25,3081.5249999999996
USR01712,12,7,5966.34,852.3342857142858,0.0,0.5714285714285714,2986.67
USR01713,113,7,16211.990000000002,2315.9985714285717,0.2857142857142857,0.2857142857142857,8109.495000000001
USR01714,43,8,4383.11,547.88875,0.25,0.125,2195.555
USR01715,3,20,16060.09,803.0045,0.4,0.5,8040.045
USR01716,45,14,13267.46,947.6757142857142,0.42857142857142855,0.5714285714285714,6640.73
USR01717,75,10,2432.92,243.292,0.2,0.3,1221.46
USR01718,98,9,3019.19,335.46555555555557,0.2222222222222222,0.3333333333333333,1514.095
USR01719,70,6,8668.14,1444.6899999999998,0.16666666666666666,0.3333333333333333,4337.07
USR01720,4,5,6299.59,1259.9180000000001,0.6,0.4,3152.295
USR01721,2,10,3668.56,366.856,0.3,0.2,1839.28
USR01722,5,10,28359.97,2835.9970000000003,0.1,0.3,14184.985
USR01723,10,8,13382.91,1672.86375,0.25,0.25,6695.455
USR01724,48,18,8596.12,477.56222222222226,0.2777777777777778,0.2222222222222222,4307.06
USR01725,79,8,4421.36,552.67,0.5,0.5,2214.68
USR01726,12,10,4060.13,406.01300000000003,0.3,0.2,2035.065
USR01727,9,11,5355.04,486.8218181818182,0.2727272727272727,0.45454545454545453,2683.02
USR01728,20,9,10817.01,1201.89,0.2222222222222222,0.5555555555555556,5413.005
USR01729,5,9,6204.71,689.4122222222222,0.2222222222222222,0.4444444444444444,3106.855
USR01730,34,9,3401.94,377.99333333333334,0.2222222222222222,0.2222222222222222,1705.47
USR01731,12,6,569.95,94.99166666666667,0.5,0.8333333333333334,287.975
USR01732,45,8,25206.12,3150.765,0.375,0.25,12607.06
USR01733,129,9,10820.0,1202.2222222222222,0.3333333333333333,0.3333333333333333,5414.5
USR01734,10,5,15347.37,3069.474,0.2,0.0,7676.185
USR01735,25,6,1798.08,299.68,0.3333333333333333,0.5,902.04
USR01736,61,9,7558.08,839.7866666666666,0.2222222222222222,0.5555555555555556,3783.54
USR01737,44,8,11566.64,1445.83,0.25,0.25,5787.32
USR01738,13,19,16711.32,879.5431578947369,0.2631578947368421,0.42105263157894735,8365.16
USR01739,13,18,7822.41,434.5783333333333,0.16666666666666666,0.2222222222222222,3920.205
USR01740,20,11,6347.95,577.0863636363637,0.2727272727272727,0.36363636363636365,3179.475
USR01741,4,10,3007.9,300.79,0.4,0.4,1508.95
USR01742,123,9,19584.03,2176.003333333333,0.1111111111111111,0.5555555555555556,9796.515
USR01743,15,10,7029.9,702.99,0.2,0.4,3519.95
USR01744,76,9,6258.31,695.3677777777779,0.1111111111111111,0.3333333333333333,3133.655
USR01745,207,4,1611.05,402.7625,0.5,0.75,807.525
USR01746,9,14,4447.03,317.645,0.21428571428571427,0.35714285714285715,2230.515
USR01747,57,7,4921.83,703.1185714285714,0.2857142857142857,0.2857142857142857,2464.415
USR01748,4,10,1991.11,199.111,0.4,0.3,1000.555
USR01749,102,6,3638.9400000000005,606.4900000000001,0.5,0.3333333333333333,1822.4700000000003
USR01750,3,4,1494.5,373.625,0.25,0.25,749.25
USR01751,40,9,10848.75,1205.4166666666667,0.2222222222222222,0.3333333333333333,5428.875
USR01752,17,10,26187.74,2618.7740000000003,0.1,0.4,13098.87
USR01753,30,9,11846.74,1316.3044444444445,0.4444444444444444,0.5555555555555556,5927.87
USR01754,21,16,13301.470000000001,831.3418750000001,0.25,0.25,6658.735000000001
USR01755,81,7,1363.77,194.8242857142857,0.14285714285714285,0.14285714285714285,685.385
USR01756,31,10,6083.8099999999995,608.381,0.4,0.6,3046.9049999999997
USR01757,174,9,3454.93,383.88111111111107,0.5555555555555556,0.3333333333333333,1731.965
USR01758,25,10,9177.93,917.793,0.4,0.2,4593.965
USR01759,29,11,3030.03,275.45727272727277,0.36363636363636365,0.45454545454545453,1520.515
USR01760,20,12,11813.23,984.4358333333333,0.3333333333333333,0.4166666666666667,5912.615
USR01761,81,10,16610.73,1661.0729999999999,0.3,0.4,8310.365
USR01762,19,6,11405.39,1900.8983333333333,0.16666666666666666,0.3333333333333333,5705.695
USR01763,51,6,1376.62,229.43666666666664,0.5,0.5,691.31
USR01764,54,5,1117.51,223.502,0.2,0.0,561.255
USR01765,41,10,2175.81,217.581,0.3,0.4,1092.905
USR01766,9,10,10828.48,1082.848,0.2,0.2,5419.24
USR01767,58,4,1579.24,394.81,0.25,0.25,791.62
USR01768,63,13,6834.86,525.7584615384615,0.15384615384615385,0.23076923076923078,3423.93
USR01769,16,7,8196.21,1170.8871428571426,0.2857142857142857,0.14285714285714285,4101.605
USR01770,12,11,12229.57,1111.7790909090909,0.2727272727272727,0.18181818181818182,6120.285
USR01771,160,5,1617.47,323.494,0.2,0.4,811.235
USR01772,29,13,3960.98,304.6907692307692,0.3076923076923077,0.46153846153846156,1986.99
USR01773,24,12,6732.0,561.0,0.4166666666666667,0.75,3372.0
USR01774,24,8,5418.37,677.29625,0.25,0.375,2713.185
USR01775,19,9,10548.74,1172.0822222222223,0.1111111111111111,0.6666666666666666,5278.87
USR01776,7,10,3459.44,345.944,0.1,0.1,1734.72
USR01777,40,11,12025.2,1093.2,0.45454545454545453,0.45454545454545453,6018.1
USR01778,9,7,7339.13,1048.4471428571428,0.2857142857142857,0.42857142857142855,3673.065
USR01779,5,12,3376.31,281.3591666666667,0.4166666666666667,0.4166666666666667,1694.155
USR01780,26,10,2628.75,262.875,0.3,0.3,1319.375
USR01781,4,5,20262.05,4052.41,0.0,0.2,10133.525
USR01782,9,11,14244.1,1294.918181818182,0.36363636363636365,0.5454545454545454,7127.55
USR01783,45,8,1379.45,172.43125,0.25,0.25,693.725
USR01784,107,8,4606.01,575.75125,0.375,0.25,2307.005
USR01785,21,8,17644.79,2205.59875,0.5,0.75,8826.395
USR01786,39,9,2514.95,279.43888888888887,0.3333333333333333,0.3333333333333333,1261.975
USR01787,6,9,5493.06,610.34,0.2222222222222222,0.2222222222222222,2751.03
USR01788,14,13,4137.27,318.2515384615385,0.23076923076923078,0.15384615384615385,2075.135
USR01789,87,8,1914.01,239.25125,0.5,0.25,961.005
USR01790,10,11,8317.05,756.0954545454545,0.45454545454545453,0.09090909090909091,4164.025
USR01791,76,8,3966.92,495.865,0.125,0.5,1987.46
USR01792,3,11,3109.02,282.6381818181818,0.2727272727272727,0.36363636363636365,1560.01
USR01793,9,6,1921.51,320.25166666666667,0.3333333333333333,0.5,963.755
USR01794,24,14,8577.74,612.6957142857143,0.6428571428571429,0.21428571428571427,4295.87
USR01795,54,11,12862.01,1169.2736363636363,0.09090909090909091,0.2727272727272727,6436.505
USR01796,8,6,452.84999999999997,75.475,0.16666666666666666,0.0,229.42499999999998
USR01797,24,7,1719.55,245.65,0.2857142857142857,0.42857142857142855,863.275
USR01798,1,13,3129.18,240.70615384615382,0.23076923076923078,0.23076923076923078,1571.09
USR01799,53,7,10042.02,1434.5742857142857,0.0,0.42857142857142855,5024.51
USR01800,4,12,18195.22,1516.2683333333334,0.3333333333333333,0.16666666666666666,9103.61
USR01801,77,11,13733.699999999999,1248.5181818181818,0.2727272727272727,0.36363636363636365,6872.349999999999
USR01802,99,7,12534.42,1790.6314285714286,0.2857142857142857,0.2857142857142857,6270.71
USR01803,33,12,34032.159999999996,2836.013333333333,0.3333333333333333,0.3333333333333333,17022.079999999998
USR01804,6,5,3077.29,615.458,0.2,0.4,1541.145
USR01805,23,10,5344.91,534.491,0.3,0.3,2677.455
USR01806,17,11,2469.56,224.50545454545454,0.2727272727272727,0.45454545454545453,1240.28
USR01807,23,6,3224.64,537.4399999999999,0.5,0.3333333333333333,1615.32
USR01808,61,5,2232.23,446.446,0.0,0.4,1118.615
USR01809,4,11,4032.92,366.6290909090909,0.36363636363636365,0.18181818181818182,2021.96
USR01810,5,10,6406.4,640.64,0.4,0.4,3208.2
USR01811,17,10,18306.149999999998,1830.6149999999998,0.4,0.5,9158.074999999999
USR01812,13,12,12264.17,1022.0141666666667,0.08333333333333333,0.3333333333333333,6138.085
USR01813,30,7,10210.08,1458.5828571428572,0.2857142857142857,0.2857142857142857,5108.54
USR01814,46,11,15461.0,1405.5454545454545,0.18181818181818182,0.5454545454545454,7736.0
USR01815,46,13,6434.31,494.9469230769231,0.15384615384615385,0.15384615384615385,3223.655
USR01816,17,17,30281.25,1781.25,0.29411764705882354,0.23529411764705882,15149.125
USR01817,29,13,22513.97,1731.8438461538462,0.46153846153846156,0.15384615384615385,11263.485
USR01818,27,7,9803.81,1400.5442857142857,0.42857142857142855,0.42857142857142855,4905.405
USR01819,12,6,4067.65,677.9416666666667,0.0,0.16666666666666666,2036.825
USR01820,23,11,6010.0599999999995,546.3690909090909,0.36363636363636365,0.36363636363636365,3010.5299999999997
USR01821,63,5,1757.95,351.59000000000003,0.2,0.4,881.475
USR01822,38,11,9743.369999999999,885.760909090909,0.18181818181818182,0.2727272727272727,4877.1849999999995
USR01823,25,13,7336.03,564.31,0.0,0.46153846153846156,3674.515
USR01824,8,12,10105.87,842.1558333333334,0.08333333333333333,0.25,5058.935
USR01825,56,9,10676.66,1186.2955555555554,0.2222222222222222,0.5555555555555556,5342.83
USR01826,18,7,2837.06,405.2942857142857,0.0,0.0,1422.03
USR01827,65,15,9659.81,643.9873333333333,0.26666666666666666,0.26666666666666666,4837.405
USR01828,12,12,6079.42,506.61833333333334,0.3333333333333333,0.16666666666666666,3045.71
USR01829,26,11,4919.05,447.18636363636364,0.18181818181818182,0.2727272727272727,2465.025
USR01830,11,11,5857.92,532.5381818181818,0.2727272727272727,0.36363636363636365,2934.46
USR01831,38,6,6511.43,1085.2383333333335,0.5,0.5,3258.715
USR01832,45,11,6020.52,547.32,0.36363636363636365,0.2727272727272727,3015.76
USR01833,28,6,5834.42,972.4033333333333,0.3333333333333333,0.3333333333333333,2920.21
USR01834,53,11,7566.29,687.8445454545455,0.36363636363636365,0.45454545454545453,3788.645
USR01835,182,6,18717.7,3119.616666666667,0.3333333333333333,0.5,9361.85
USR01836,59,14,15404.2,1100.3,0.07142857142857142,0.42857142857142855,7709.1
USR01837,30,10,3871.33,387.133,0.4,0.0,1940.665
USR01838,24,12,6585.49,548.7908333333334,0.16666666666666666,0.3333333333333333,3298.745
USR01839,36,11,5282.58,480.23454545454547,0.2727272727272727,0.5454545454545454,2646.79
USR01840,13,8,6168.03,771.00375,0.125,0.5,3088.015
USR01841,12,9,20430.65,2270.0722222222225,0.3333333333333333,0.2222222222222222,10219.825
USR01842,60,11,12798.310000000001,1163.4827272727273,0.36363636363636365,0.36363636363636365,6404.655000000001
USR01843,112,7,7048.9400000000005,1006.9914285714286,0.0,0.5714285714285714,3527.9700000000003
USR01844,28,11,8376.33,761.4845454545455,0.09090909090909091,0.2727272727272727,4193.665
USR01845,14,7,1585.0500000000002,226.4357142857143,0.2857142857142857,0.5714285714285714,796.0250000000001
USR01846,38,9,4068.2599999999998,452.02888888888884,0.2222222222222222,0.1111111111111111,2038.6299999999999
USR01847,8,10,18284.38,1828.438,0.3,0.3,9147.19
USR01848,12,6,2614.76,435.79333333333335,0.0,0.3333333333333333,1310.38
USR01849,18,5,5792.26,1158.452,0.2,0.4,2898.63
USR01850,3,15,3258.27,217.218,0.5333333333333333,0.3333333333333333,1636.635
USR01851,20,9,2807.87,311.98555555555555,0.3333333333333333,0.1111111111111111,1408.435
USR01852,91,11,12926.4,1175.1272727272726,0.2727272727272727,0.45454545454545453,6468.7
USR01853,108,7,1204.75,172.10714285714286,0.14285714285714285,0.42857142857142855,605.875
USR01854,9,4,1750.9,437.725,0.25,0.25,877.45
USR01855,7,12,1770.5,147.54166666666666,0.4166666666666667,0.16666666666666666,891.25
USR01856,40,12,4756.61,396.38416666666666,0.4166666666666667,0.0,2384.305
USR01857,95,7,3071.71,438.8157142857143,0.5714285714285714,0.42857142857142855,1539.355
USR01858,43,12,6575.84,547.9866666666667,0.3333333333333333,0.25,3293.92
USR01859,43,11,5655.72,514.1563636363636,0.09090909090909091,0.36363636363636365,2833.36
USR01860,103,12,19473.7,1622.8083333333334,0.5833333333333334,0.16666666666666666,9742.85
USR01861,33,4,1365.1999999999998,341.29999999999995,0.0,0.25,684.5999999999999
USR01862,75,12,14231.16,1185.93,0.25,0.3333333333333333,7121.58
USR01863,138,4,1782.19,445.5475,0.25,0.25,893.095
USR01864,34,14,26698.93,1907.0664285714286,0.42857142857142855,0.42857142857142855,13356.465
USR01865,67,10,3265.5,326.55,0.3,0.3,1637.75
USR01866,54,6,7390.900000000001,1231.8166666666668,0.3333333333333333,0.3333333333333333,3698.4500000000003
USR01867,29,10,24103.37,2410.337,0.3,0.3,12056.685
USR01868,130,7,6380.01,911.4300000000001,0.2857142857142857,0.2857142857142857,3193.505
USR01869,8,8,7520.0599999999995,940.0074999999999,0.25,0.125,3764.0299999999997
USR01870,11,9,6428.77,714.3077777777778,0.4444444444444444,0.0,3218.885
USR01871,7,9,11809.41,1312.1566666666668,0.1111111111111111,0.3333333333333333,5909.205
USR01872,9,11,16904.23,1536.7481818181818,0.18181818181818182,0.45454545454545453,8457.615
USR01873,25,10,20248.38,2024.8380000000002,0.4,0.3,10129.19
USR01874,46,13,3687.49,283.6530769230769,0.23076923076923078,0.15384615384615385,1850.245
USR01875,112,10,11055.84,1105.584,0.2,0.2,5532.92
USR01876,53,5,1262.6,252.51999999999998,0.0,0.2,633.8
USR01877,4,13,12028.17,925.2438461538461,0.46153846153846156,0.38461538461538464,6020.585
USR01878,4,13,9192.8,707.1384615384615,0.38461538461538464,0.15384615384615385,4602.9
USR01879,4,20,7174.8,358.74,0.3,0.45,3597.4
USR01880,27,6,2729.63,454.93833333333333,0.0,0.5,1367.815
USR01881,6,8,11562.33,1445.29125,0.25,0.125,5785.165
USR01882,76,11,4440.35,403.66818181818184,0.18181818181818182,0.2727272727272727,2225.675
USR01883,30,8,2154.4,269.3,0.5,0.375,1081.2
USR01884,10,13,2935.53,225.81,0.3076923076923077,0.5384615384615384,1474.265
USR01885,6,5,2408.3999999999996,481.67999999999995,0.0,0.4,1206.6999999999998
USR01886,116,7,2416.7799999999997,345.2542857142857,0.42857142857142855,0.5714285714285714,1211.8899999999999
USR01887,87,6,4856.150000000001,809.3583333333335,0.3333333333333333,0.16666666666666666,2431.0750000000003
USR01888,5,15,6297.9400000000005,419.8626666666667,0.4666666666666667,0.4,3156.4700000000003
USR01889,81,8,6520.0199999999995,815.0024999999999,0.25,0.125,3264.0099999999998
USR01890,52,9,29127.27,3236.3633333333332,0.3333333333333333,0.4444444444444444,14568.135
USR01891,22,10,3290.94,329.094,0.1,0.3,1650.47
USR01892,36,7,1991.48,284.4971428571429,0.42857142857142855,0.2857142857142857,999.24
USR01893,2,9,3017.02,335.22444444444443,0.1111111111111111,0.1111111111111111,1513.01
USR01894,7,7,2579.06,368.4371428571429,0.14285714285714285,0.42857142857142855,1293.03
USR01895,45,15,12244.27,816.2846666666667,0.4,0.13333333333333333,6129.635
USR01896,27,14,11123.54,794.5385714285715,0.21428571428571427,0.21428571428571427,5568.77
USR01897,25,3,1960.7399999999998,653.5799999999999,0.3333333333333333,0.0,981.8699999999999
USR01898,14,12,10243.51,853.6258333333334,0.3333333333333333,0.5833333333333334,5127.755
USR01899,30,9,23261.19,2584.5766666666664,0.1111111111111111,0.3333333333333333,11635.095
USR01900,51,8,7326.7,915.8375,0.375,0.375,3667.35
USR01901,13,21,17271.19,822.437619047619,0.38095238095238093,0.23809523809523808,8646.095
USR01902,47,5,4564.1900000000005,912.8380000000001,0.0,0.4,2284.5950000000003
USR01903,32,10,6276.42,627.642,0.3,0.1,3143.21
USR01904,24,15,4813.77,320.918,0.5333333333333333,0.2,2414.385
USR01905,14,11,6529.24,593.5672727272727,0.18181818181818182,0.18181818181818182,3270.12
USR01906,130,5,4696.610000000001,939.3220000000001,0.2,0.6,2350.8050000000003
USR01907,39,12,2858.73,238.2275,0.25,0.5833333333333334,1435.365
USR01908,24,11,10078.23,916.2027272727272,0.2727272727272727,0.2727272727272727,5044.615
USR01909,49,8,3717.34,464.6675,0.25,0.5,1862.67
USR01910,4,16,3863.57,241.473125,0.4375,0.375,1939.785
USR01911,99,15,13559.43,903.962,0.3333333333333333,0.3333333333333333,6787.215
USR01912,89,11,3889.73,353.6118181818182,0.45454545454545453,0.2727272727272727,1950.365
USR01913,27,10,7315.099999999999,731.51,0.2,0.5,3662.5499999999997
USR01914,23,7,3106.3199999999997,443.75999999999993,0.5714285714285714,0.2857142857142857,1556.6599999999999
USR01915,26,14,6088.389999999999,434.88499999999993,0.2857142857142857,0.35714285714285715,3051.1949999999997
USR01916,20,14,13163.68,940.2628571428571,0.14285714285714285,0.21428571428571427,6588.84
USR01917,10,14,2305.83,164.70214285714286,0.5,0.14285714285714285,1159.915
USR01918,55,8,5910.18,738.7725,0.125,0.25,2959.09
USR01919,108,7,1559.59,222.79857142857142,0.42857142857142855,0.7142857142857143,783.295
USR01920,11,12,2370.86,197.5716666666667,0.08333333333333333,0.4166666666666667,1191.43
USR01921,34,10,4356.22,435.622,0.2,0.3,2183.11
USR01922,38,14,9995.61,713.9721428571429,0.2857142857142857,0.21428571428571427,5004.805
USR01923,32,12,11832.51,986.0425,0.3333333333333333,0.5,5922.255
USR01924,39,8,1542.73,192.84125,0.375,0.25,775.365
USR01925,25,17,15910.119999999999,935.8894117647059,0.17647058823529413,0.23529411764705882,7963.5599999999995
USR01926,29,10,6660.25,666.025,0.0,0.1,3335.125
USR01927,43,12,3729.0899999999997,310.7575,0.25,0.4166666666666667,1870.5449999999998
USR01928,38,9,3340.42,371.15777777777777,0.3333333333333333,0.3333333333333333,1674.71
USR01929,46,10,8322.25,832.225,0.2,0.7,4166.125
USR01930,5,10,6980.969999999999,698.097,0.4,0.1,3495.4849999999997
USR01931,18,13,22517.25,1732.0961538461538,0.15384615384615385,0.15384615384615385,11265.125
USR01932,29,13,32660.45,2512.3423076923077,0.23076923076923078,0.46153846153846156,16336.725
USR01933,50,8,2202.7799999999997,275.34749999999997,0.625,0.375,1105.3899999999999
USR01934,54,6,2907.33,484.555,0.0,0.3333333333333333,1456.665
USR01935,63,9,5468.59,607.6211111111111,0.3333333333333333,0.2222222222222222,2738.795
USR01936,46,7,20942.9,2991.842857142857,0.0,0.0,10474.95
USR01937,5,10,24351.44,2435.144,0.2,0.3,12180.72
USR01938,106,7,7634.139999999999,1090.5914285714284,0.14285714285714285,0.2857142857142857,3820.5699999999997
USR01939,13,8,2138.4,267.3,0.125,0.375,1073.2
USR01940,3,14,8718.45,622.7464285714286,0.42857142857142855,0.21428571428571427,4366.225
USR01941,42,10,10491.89,1049.1889999999999,0.6,0.4,5250.945
USR01942,3,13,18547.69,1426.7453846153844,0.46153846153846156,0.3076923076923077,9280.345
USR01943,10,10,1831.58,183.158,0.2,0.4,920.79
USR01944,10,9,31204.17,3467.1299999999997,0.1111111111111111,0.3333333333333333,15606.585
USR01945,19,8,11100.19,1387.52375,0.125,0.25,5554.095
USR01946,57,11,5361.52,487.4109090909091,0.09090909090909091,0.45454545454545453,2686.26
USR01947,18,13,12739.65,979.9730769230769,0.3076923076923077,0.38461538461538464,6376.325
USR01948,76,12,8789.46,732.4549999999999,0.4166666666666667,0.25,4400.73
USR01949,10,10,7413.2,741.3199999999999,0.3,0.5,3711.6
USR01950,11,18,1037.72,57.65111111111111,0.1111111111111111,0.3333333333333333,527.86
USR01951,8,11,42200.48,3836.407272727273,0.18181818181818182,0.45454545454545453,21105.74
USR01952,42,7,3329.42,475.63142857142856,0.0,0.0,1668.21
USR01953,63,8,3115.94,389.4925,0.125,0.25,1561.97
USR01954,48,12,2323.42,193.61833333333334,0.16666666666666666,0.4166666666666667,1167.71
USR01955,11,15,1493.95,99.59666666666666,0.4666666666666667,0.2,754.475
USR01956,58,8,3221.92,402.74,0.875,0.25,1614.96
USR01957,7,13,7667.55,589.8115384615385,0.3076923076923077,0.3076923076923077,3840.275
USR01958,10,11,8223.76,747.6145454545455,0.36363636363636365,0.36363636363636365,4117.38
USR01959,12,12,6604.22,550.3516666666667,0.25,0.5,3308.11
USR01960,2,11,15861.51,1441.9554545454546,0.2727272727272727,0.45454545454545453,7936.255
USR01961,15,10,15282.45,1528.2450000000001,0.3,0.4,7646.225
USR01962,84,7,1599.31,228.47285714285712,0.42857142857142855,0.5714285714285714,803.155
USR01963,184,5,2232.51,446.50200000000007,0.6,0.2,1118.755
USR01964,31,11,8410.33,764.5754545454546,0.36363636363636365,0.09090909090909091,4210.665
USR01965,6,12,10631.24,885.9366666666666,0.5,0.25,5321.62
USR01966,31,7,2504.63,357.80428571428575,0.42857142857142855,0.2857142857142857,1255.815
USR01967,13,10,4982.53,498.253,0.4,0.3,2496.265
USR01968,30,14,2823.56,201.68285714285713,0.2857142857142857,0.2857142857142857,1418.78
USR01969,162,9,3836.52,426.28,0.3333333333333333,0.0,1922.76
USR01970,28,12,5524.06,460.33833333333337,0.3333333333333333,0.3333333333333333,2768.03
USR01971,28,5,8439.5,1687.9,0.2,0.2,4222.25
USR01972,6,7,1915.43,273.6328571428572,0.2857142857142857,0.42857142857142855,961.215
USR01973,1,6,1581.03,263.505,0.16666666666666666,0.3333333333333333,793.515
USR01974,299,3,3776.87,1258.9566666666667,0.0,0.3333333333333333,1889.935
USR01975,55,8,7491.95,936.49375,0.125,0.5,3749.975
USR01976,4,17,2448.04,144.00235294117647,0.4117647058823529,0.23529411764705882,1232.52
USR01977,2,5,12319.210000000001,2463.842,0.6,0.2,6162.1050000000005
USR01978,96,9,12891.189999999999,1432.3544444444442,0.1111111111111111,0.3333333333333333,6450.094999999999
USR01979,66,9,8561.42,951.2688888888889,0.4444444444444444,0.4444444444444444,4285.21
USR01980,52,10,8021.509999999999,802.151,0.3,0.2,4015.7549999999997
USR01981,8,6,1704.16,284.0266666666667,0.3333333333333333,0.16666666666666666,855.08
USR01982,24,11,15695.14,1426.830909090909,0.18181818181818182,0.18181818181818182,7853.07
USR01983,19,8,8800.689999999999,1100.0862499999998,0.25,0.625,4404.344999999999
USR01984,38,13,2425.13,186.54846153846154,0.46153846153846156,0.23076923076923078,1219.065
USR01985,33,8,5976.91,747.11375,0.375,0.375,2992.455
USR01986,31,12,9577.3,798.1083333333332,0.16666666666666666,0.16666666666666666,4794.65
USR01987,28,18,5859.81,325.545,0.2222222222222222,0.2777777777777778,2938.905
USR01988,109,13,3927.02,302.0784615384615,0.23076923076923078,0.38461538461538464,1970.01
USR01989,35,7,4378.92,625.5600000000001,0.0,0.5714285714285714,2192.96
USR01990,68,5,3202.59,640.518,0.4,0.4,1603.795
USR01991,46,10,7666.83,766.683,0.2,0.4,3838.415
USR01992,19,12,13492.11,1124.3425,0.25,0.5,6752.055
USR01993,8,8,2111.85,263.98125,0.375,0.375,1059.925
USR01994,66,12,5279.67,439.9725,0.3333333333333333,0.25,2645.835
USR01995,4,13,1544.07,118.77461538461537,0.3076923076923077,0.15384615384615385,778.535
USR01996,37,10,3068.73,306.873,0.3,0.3,1539.365
USR01997,67,11,6273.63,570.33,0.09090909090909091,0.2727272727272727,3142.315
USR01998,14,10,19099.29,1909.929,0.2,0.2,9554.645
USR01999,3,5,1284.94,256.988,0.4,0.6,644.97
USR02000,4,13,7820.44,601.5723076923076,0.38461538461538464,0.23076923076923078,3916.72
