user_id,Recency,Frequency,Monetary,Avg_Txn_Value,Fav_Txn_Type,Weekend_Ratio,Night_Ratio,age_group,city_tier,kyc_status,user_loyalty_score,Monetary_log
USR00001,9,11,10597.11,963.3736363636364,P2M,0.36363636363636365,0.5454545454545454,55+,Tier 2,Verified,0.348,9.268430962315694
USR00002,57,7,3444.34,492.04857142857145,P2M,0.2857142857142857,0.2857142857142857,35-44,Tier 3,Verified,0.903,8.144777872336922
USR00003,76,8,3195.66,399.4575,P2M,0.5,0.0,25-34,Tier 1,Verified,0.297,8.069861793701465
USR00004,14,10,2706.06,270.606,P2P,0.0,0.1,25-34,Tier 2,Verified,0.685,7.903618454126701
USR00005,43,8,8672.130000000001,1084.0162500000001,P2M,0.25,0.25,18-24,Tier 2,Verified,0.828,9.067985019618588
USR00006,43,7,2362.8,337.54285714285714,P2P,0.14285714285714285,0.2857142857142857,18-24,Tier 2,Verified,0.406,7.76802577257814
USR00007,14,11,9802.48,891.1345454545454,P2M,0.2727272727272727,0.2727272727272727,18-24,Tier 2,Not Verified,0.442,9.190492703665672
USR00008,22,17,12835.68,755.04,P2M,0.4117647058823529,0.5294117647058824,18-24,Tier 1,Verified,0.757,9.460061976831554
USR00009,15,13,20746.14,1595.856923076923,P2M,0.23076923076923078,0.15384615384615385,25-34,Tier 1,Verified,0.846,9.940163684833934
USR00010,5,10,18247.515699999956,1824.7515699999956,P2M,0.3,0.2,25-34,Tier 1,Verified,0.163,9.8118390241962
USR00011,33,7,10815.75,1545.107142857143,P2M,0.42857142857142855,0.14285714285714285,25-34,Tier 1,Verified,0.88,9.288851137594696
USR00012,85,10,18571.06,1857.1060000000002,P2M,0.7,0.4,35-44,Tier 2,Verified,0.42,9.82941357980442
USR00013,68,5,10559.08,2111.816,Bill Payment,0.0,0.4,18-24,Tier 1,Verified,0.32,9.264836132989132
USR00014,35,16,13091.9,818.24375,P2M,0.25,0.4375,25-34,Tier 1,Verified,0.392,9.479825377529602
USR00015,49,10,9264.73,926.473,P2M,0.2,0.3,45-54,Tier 2,Verified,0.825,9.134077926765087
USR00016,8,6,7649.5,1274.9166666666667,EMI,0.3333333333333333,0.3333333333333333,25-34,Tier 1,Verified,0.61,8.942526284161868
USR00017,8,9,4164.47,462.7188888888889,P2M,0.1111111111111111,0.6666666666666666,25-34,Tier 2,Verified,0.923,8.334584393372465
USR00018,14,11,7003.01,636.6372727272727,P2M,0.36363636363636365,0.36363636363636365,25-34,Tier 2,Not Verified,0.605,8.854238121160291
USR00019,13,14,5663.92,404.5657142857143,P2M,0.21428571428571427,0.14285714285714285,25-34,Tier 2,Verified,0.459,8.642048051561863
USR00020,82,14,12698.35,907.025,P2P,0.21428571428571427,0.2857142857142857,55+,Tier 2,Verified,0.78,9.449306090034524
USR00021,26,11,5739.57,521.7790909090909,P2P,0.18181818181818182,0.18181818181818182,35-44,Tier 2,Verified,0.48,8.65531378751927
USR00022,5,10,12670.77,1267.077,P2M,0.6,0.1,18-24,Tier 1,Verified,0.576,9.447131963636965
USR00023,10,10,4970.84,497.084,P2M,0.5,0.3,25-34,Tier 2,Not Verified,0.203,8.511545271903636
USR00024,39,6,5138.25,856.375,P2M,0.3333333333333333,0.5,25-34,Tier 3,Verified,0.406,8.544662433405783
USR00025,50,12,23367.4,1947.2833333333335,P2M,0.3333333333333333,0.3333333333333333,45-54,Tier 1,Not Verified,0.75,10.059139961346615
USR00026,34,8,6370.09,796.26125,P2P,0.375,0.125,45-54,Tier 3,Verified,0.196,8.759525848527462
USR00027,71,8,2517.66,314.7075,P2M,0.25,0.375,18-24,Tier 2,Verified,0.238,7.831482293046664
USR00028,7,9,4406.05,489.56111111111113,P2M,0.3333333333333333,0.2222222222222222,35-44,Tier 1,Verified,0.118,8.390960810364193
USR00029,6,12,5771.22,480.935,Bill Payment,0.25,0.16666666666666666,25-34,Tier 2,Verified,0.317,8.660812034205517
USR00030,15,9,13301.19,1477.91,P2M,0.3333333333333333,0.4444444444444444,45-54,Tier 2,Verified,0.834,9.495683962308739
USR00031,102,7,7930.610000000001,1132.9442857142858,P2P,0.5714285714285714,0.42857142857142855,35-44,Tier 1,Verified,0.952,8.978611320503521
USR00032,43,11,4627.85,420.7136363636364,P2P,0.2727272727272727,0.7272727272727273,45-54,Tier 3,Verified,0.936,8.440063736099237
USR00033,15,10,6575.33,657.533,Bill Payment,0.2,0.3,25-34,Tier 1,Verified,0.705,8.79123211795867
USR00034,37,11,3107.44,282.49454545454546,P2M,0.2727272727272727,0.36363636363636365,35-44,Tier 2,Verified,0.323,8.041876271609002
USR00035,17,20,9609.94,480.497,P2M,0.55,0.4,35-44,Tier 2,Verified,0.63,9.17065731195706
USR00036,61,13,14177.119999999999,1090.5476923076922,P2M,0.3076923076923077,0.5384615384615384,25-34,Tier 3,Verified,0.915,9.559455210196326
USR00037,32,13,2602.78,200.21384615384616,P2M,0.0,0.0,25-34,Tier 3,Verified,0.702,7.864719514352301
USR00038,24,10,9596.45,959.6450000000001,P2M,0.4,0.3,25-34,Tier 2,Verified,0.319,9.169252717171359
USR00039,63,7,7440.22,1062.8885714285714,Bill Payment,0.5714285714285714,0.2857142857142857,18-24,Tier 3,Verified,0.693,8.914790092878757
USR00040,76,10,6596.28,659.6279999999999,P2M,0.2,0.4,25-34,Tier 3,Verified,0.149,8.79441272185711
USR00041,24,12,32623.36569999996,2718.61380833333,Bill Payment,0.25,0.5,55+,Tier 1,Verified,0.405,10.392814702290398
USR00042,24,6,12945.465699999957,2157.5776166666597,P2M,0.3333333333333333,0.3333333333333333,25-34,Tier 1,Verified,0.504,9.468578110959616
USR00043,30,15,4664.2,310.94666666666666,P2P,0.4,0.5333333333333333,35-44,Tier 2,Verified,0.931,8.447885984816894
USR00044,9,15,34389.761399999916,2292.6507599999945,P2M,0.2,0.5333333333333333,18-24,Tier 1,Verified,0.587,10.445543243338243
USR00045,72,10,2346.4,234.64000000000001,P2M,0.5,0.3,25-34,Tier 2,Verified,0.537,7.761063611666024
USR00046,178,5,2702.35,540.47,P2M,0.2,0.2,25-34,Tier 1,Verified,0.102,7.902247023650458
USR00047,21,14,15996.49,1142.6064285714285,Bill Payment,0.42857142857142855,0.35714285714285715,35-44,Tier 1,Verified,0.962,9.680187113915748
USR00048,106,11,7832.48,712.0436363636363,Bill Payment,0.0,0.2727272727272727,25-34,Tier 2,Verified,0.367,8.966162134693116
USR00049,7,9,8620.18,957.7977777777778,P2M,0.2222222222222222,0.3333333333333333,18-24,Tier 1,Verified,0.626,9.061977245240303
USR00050,70,8,7458.55,932.31875,Bill Payment,0.0,0.125,45-54,Tier 1,Verified,0.172,8.917250369662561
USR00051,13,9,3380.96,375.6622222222222,P2M,0.2222222222222222,0.4444444444444444,35-44,Tier 2,Verified,0.312,8.126210702067471
USR00052,17,6,2421.11,403.5183333333334,P2P,0.6666666666666666,0.16666666666666666,25-34,Tier 2,Verified,0.635,7.792394340092451
USR00053,134,11,4723.76,429.4327272727273,Bill Payment,0.36363636363636365,0.36363636363636365,35-44,Tier 3,Verified,0.385,8.460572044987009
USR00054,19,15,6340.97,422.73133333333334,P2M,0.4666666666666667,0.4666666666666667,25-34,Tier 3,Verified,0.456,8.754944724718136
USR00055,29,5,3671.38,734.2760000000001,P2M,0.0,0.2,25-34,Tier 2,Verified,0.777,8.208595232224871
USR00056,6,5,1202.53,240.506,P2P,0.2,0.4,18-24,Tier 3,Verified,0.166,7.093014184207835
USR00057,22,15,22562.05,1504.1366666666665,P2P,0.3333333333333333,0.2,18-24,Tier 2,Verified,0.893,10.024068891509431
USR00058,37,11,11357.369999999999,1032.4881818181818,P2P,0.45454545454545453,0.2727272727272727,18-24,Tier 2,Verified,0.85,9.33771019606456
USR00059,9,10,14068.66,1406.866,P2M,0.4,0.2,25-34,Tier 2,Verified,0.835,9.551775984926623
USR00060,51,11,2933.7,266.7,P2M,0.36363636363636365,0.2727272727272727,25-34,Tier 2,Not Verified,0.221,7.984360512387156
USR00061,5,9,15100.49,1677.8322222222223,Bill Payment,0.0,0.3333333333333333,18-24,Tier 1,Verified,0.354,9.622548693431598
USR00062,20,10,6485.0,648.5,P2P,0.1,0.1,25-34,Tier 2,Verified,0.868,8.777401286867264
USR00063,72,15,21882.26,1458.8173333333332,P2M,0.4,0.13333333333333333,25-34,Tier 3,Verified,0.481,9.993477239952876
USR00064,18,9,1144.0,127.11111111111111,EMI,0.2222222222222222,0.3333333333333333,18-24,Tier 3,Verified,0.673,7.0431599159883405
USR00065,12,11,7878.33,716.2118181818182,P2P,0.18181818181818182,0.36363636363636365,25-34,Tier 2,Verified,0.485,8.971998153856351
USR00066,1,12,35803.74709999987,2983.645591666656,P2M,0.25,0.3333333333333333,45-54,Tier 1,Verified,0.851,10.48583576415677
USR00067,68,10,6037.62,603.762,P2M,0.3,0.3,18-24,Tier 1,Verified,0.377,8.705930788002863
USR00068,16,4,867.87,216.9675,P2M,0.25,0.25,45-54,Tier 3,Verified,0.289,6.767193516836405
USR00069,6,19,7274.75,382.88157894736844,P2M,0.15789473684210525,0.42105263157894735,55+,Tier 3,Not Verified,0.896,8.892302179509503
USR00070,33,9,14781.87,1642.43,P2P,0.5555555555555556,0.1111111111111111,25-34,Tier 1,Verified,0.979,9.601224356977555
USR00071,3,14,20359.59,1454.2564285714286,P2M,0.35714285714285715,0.2857142857142857,25-34,Tier 2,Verified,0.763,9.921356448633592
USR00072,232,4,2748.11,687.0275,P2P,0.75,1.0,25-34,Tier 3,Verified,0.878,7.919032501915431
USR00073,5,11,3889.29,353.5718181818182,P2M,0.45454545454545453,0.2727272727272727,35-44,Tier 3,Verified,0.197,8.266238983962303
USR00074,8,16,19615.100000000002,1225.9437500000001,P2M,0.3125,0.25,25-34,Tier 2,Verified,0.835,9.884105936602227
USR00075,55,12,10349.33,862.4441666666667,P2P,0.3333333333333333,0.3333333333333333,35-44,Tier 2,Verified,0.694,9.244773682243201
USR00076,25,10,5838.33,583.833,P2M,0.4,0.8,25-34,Tier 3,Verified,0.351,8.672371343213342
USR00077,7,8,19651.065699999956,2456.3832124999944,P2P,0.125,0.0,18-24,Tier 1,Verified,0.125,9.885937736454126
USR00078,11,6,2454.87,409.145,P2M,0.3333333333333333,0.16666666666666666,35-44,Tier 2,Verified,0.985,7.806236356270015
USR00079,193,2,256.48,128.24,P2M,0.0,0.0,25-34,Tier 1,Verified,0.382,5.5509420471844155
USR00080,106,10,5244.5,524.45,P2M,0.5,0.4,35-44,Tier 3,Verified,0.619,8.56512584517154
USR00081,8,12,7817.91,651.4925,P2M,0.16666666666666666,0.4166666666666667,18-24,Tier 1,Verified,0.826,8.964300437634941
USR00082,37,10,6306.95,630.6949999999999,P2M,0.5,0.4,18-24,Tier 2,Verified,0.163,8.749566021608903
USR00083,74,7,5160.5599999999995,737.222857142857,Bill Payment,0.14285714285714285,0.14285714285714285,25-34,Tier 1,Verified,0.212,8.548994138365835
USR00084,17,15,20563.01,1370.8673333333331,P2M,0.26666666666666666,0.3333333333333333,18-24,Tier 1,Verified,0.727,9.931297739461991
USR00085,117,7,16500.91,2357.272857142857,P2M,0.2857142857142857,0.2857142857142857,25-34,Tier 1,Verified,0.441,9.711231410765038
USR00086,3,16,20243.32,1265.2075,P2M,0.25,0.25,35-44,Tier 2,Verified,0.593,9.915629539361774
USR00087,71,14,15005.43,1071.8164285714286,P2M,0.21428571428571427,0.42857142857142855,18-24,Tier 1,Verified,0.622,9.616234054899707
USR00088,1,12,3756.56,313.0466666666667,P2M,0.25,0.16666666666666666,25-34,Tier 2,Not Verified,0.292,8.231525089563513
USR00089,9,10,5881.45,588.145,P2P,0.5,0.3,25-34,Tier 3,Verified,0.355,8.679728620777889
USR00090,29,11,5122.46,465.6781818181818,P2M,0.2727272727272727,0.09090909090909091,35-44,Tier 1,Verified,0.776,8.541585271046225
USR00091,59,11,14052.52,1277.5018181818182,P2M,0.2727272727272727,0.09090909090909091,35-44,Tier 1,Verified,0.142,9.550628177191367
USR00092,6,6,4379.9,729.9833333333332,P2M,0.3333333333333333,0.3333333333333333,25-34,Tier 1,Verified,0.667,8.385009461714535
USR00093,130,8,2032.4299999999998,254.05374999999998,P2M,0.25,0.25,35-44,Tier 3,Verified,0.32,7.6174793013468625
USR00094,5,15,8233.74,548.9159999999999,P2M,0.26666666666666666,0.3333333333333333,18-24,Tier 3,Verified,0.297,9.016117069557154
USR00095,7,10,11301.42,1130.142,P2M,0.3,0.4,35-44,Tier 1,Verified,0.926,9.33277214106364
USR00096,89,8,4348.8,543.6,P2M,0.5,0.125,25-34,Tier 2,Not Verified,0.989,8.377885146014261
USR00097,30,11,7405.37,673.2154545454546,P2P,0.09090909090909091,0.2727272727272727,25-34,Tier 2,Verified,0.747,8.910095719717928
USR00098,30,12,19573.73,1631.1441666666667,P2M,0.25,0.3333333333333333,45-54,Tier 2,Verified,0.243,9.88199472766043
USR00099,213,6,3143.95,523.9916666666667,P2P,0.3333333333333333,0.16666666666666666,25-34,Tier 2,Not Verified,0.856,8.05355327075697
USR00100,3,14,12349.44,882.1028571428571,P2M,0.35714285714285715,0.2857142857142857,18-24,Tier 2,Verified,0.315,9.421446968951843
USR00101,13,8,7695.36,961.92,Bill Payment,0.125,0.125,45-54,Tier 1,Verified,0.388,8.948502768798285
USR00102,15,7,14774.32,2110.617142857143,P2M,0.2857142857142857,0.2857142857142857,35-44,Tier 2,Verified,0.725,9.600713500246194
USR00103,8,15,5016.04,334.4026666666667,P2M,0.2,0.5333333333333333,45-54,Tier 1,Verified,0.588,8.520595397344636
USR00104,14,9,8628.11,958.678888888889,P2M,0.2222222222222222,0.1111111111111111,25-34,Tier 2,Verified,0.793,9.062896650138262
USR00105,122,9,18659.84,2073.3155555555554,Bill Payment,0.6666666666666666,0.1111111111111111,18-24,Tier 2,Verified,0.105,9.834182489465313
USR00106,15,15,9438.49,629.2326666666667,P2M,0.4,0.3333333333333333,25-34,Tier 3,Verified,0.958,9.152657232256391
USR00107,13,11,2829.1400000000003,257.1945454545455,P2M,0.45454545454545453,0.18181818181818182,25-34,Tier 1,Verified,0.492,7.94808145937835
USR00108,8,10,4481.46,448.146,P2M,0.3,0.5,35-44,Tier 1,Verified,0.856,8.407927281847726
USR00109,5,7,1128.16,161.1657142857143,P2M,0.0,0.0,25-34,Tier 2,Not Verified,0.455,7.029229272443377
USR00110,10,13,5143.22,395.63230769230773,P2M,0.15384615384615385,0.38461538461538464,18-24,Tier 2,Not Verified,0.222,8.545629033276636
USR00111,32,12,8584.57,715.3808333333333,P2M,0.08333333333333333,0.5,35-44,Tier 2,Verified,0.29,9.057838166002316
USR00112,29,11,14975.79,1361.4354545454546,P2P,0.45454545454545453,0.36363636363636365,18-24,Tier 1,Verified,0.849,9.61425694839446
USR00113,12,12,8105.45,675.4541666666667,Bill Payment,0.0,0.5833333333333334,25-34,Tier 2,Verified,0.585,9.000415320081137
USR00114,33,15,14845.5,989.7,P2P,0.3333333333333333,0.3333333333333333,25-34,Tier 3,Verified,0.803,9.605519426215848
USR00115,39,11,4521.64,411.0581818181818,P2M,0.2727272727272727,0.18181818181818182,35-44,Tier 2,Verified,0.279,8.416851173119777
USR00116,10,7,11034.64,1576.3771428571429,Bill Payment,0.2857142857142857,0.14285714285714285,35-44,Tier 1,Verified,0.703,9.308885314290437
USR00117,6,13,3666.96,282.07384615384615,P2M,0.38461538461538464,0.3076923076923077,45-54,Tier 2,Verified,0.79,8.207390928191485
USR00118,18,10,2124.7799999999997,212.47799999999998,P2M,0.3,0.3,18-24,Tier 3,Verified,0.247,7.661894072832437
USR00119,16,19,2198.9700000000003,115.73526315789475,P2M,0.47368421052631576,0.3157894736842105,25-34,Tier 3,Verified,0.618,7.696199002889795
USR00120,19,10,8158.530000000001,815.8530000000001,P2M,0.1,0.2,25-34,Tier 2,Verified,0.278,9.006941848260107
USR00121,34,11,8179.08,743.5527272727272,P2M,0.36363636363636365,0.2727272727272727,25-34,Tier 3,Not Verified,0.795,9.00945720950007
USR00122,77,11,6120.57,556.4154545454545,P2M,0.2727272727272727,0.2727272727272727,35-44,Tier 2,Verified,0.609,8.719573878554364
USR00123,7,7,6965.48,995.0685714285713,EMI,0.14285714285714285,0.42857142857142855,25-34,Tier 1,Verified,0.683,8.848865354667447
USR00124,64,9,7505.68,833.9644444444444,Bill Payment,0.3333333333333333,0.4444444444444444,18-24,Tier 3,Verified,0.965,8.923548569782874
USR00125,22,8,2185.68,273.21,P2P,0.125,0.375,45-54,Tier 1,Verified,0.76,7.69013969081241
USR00126,41,10,4110.5599999999995,411.0559999999999,P2M,0.2,0.3,18-24,Tier 2,Verified,0.518,8.321557797518626
USR00127,4,11,5050.06,459.09636363636366,P2P,0.45454545454545453,0.18181818181818182,25-34,Tier 2,Verified,0.321,8.527353401233373
USR00128,50,7,7366.400000000001,1052.3428571428572,P2M,0.14285714285714285,0.2857142857142857,18-24,Tier 1,Verified,0.518,8.904820141394522
USR00129,67,8,8450.84,1056.355,P2M,0.5,0.25,35-44,Tier 1,Verified,0.866,9.042139448126097
USR00130,2,11,14234.29,1294.0263636363636,Bill Payment,0.36363636363636365,0.0,25-34,Tier 2,Verified,0.406,9.563479371826368
USR00131,11,14,10320.36,737.1685714285715,P2M,0.35714285714285715,0.2857142857142857,18-24,Tier 2,Not Verified,0.565,9.24197081329868
USR00132,7,13,11983.13,921.7792307692307,P2M,0.3076923076923077,0.23076923076923078,35-44,Tier 2,Verified,0.782,9.391338553495226
USR00133,55,11,19160.54569999996,1741.8677909090873,Bill Payment,0.09090909090909091,0.09090909090909091,55+,Tier 1,Not Verified,0.184,9.860660721548598
USR00134,59,9,10813.0,1201.4444444444443,P2M,0.5555555555555556,0.3333333333333333,45-54,Tier 1,Not Verified,0.432,9.28859686994195
USR00135,20,7,10748.71,1535.53,Recharge,0.2857142857142857,0.5714285714285714,45-54,Tier 1,Verified,0.595,9.282634056447744
USR00136,32,16,8291.88,518.2425,P2M,0.1875,0.4375,25-34,Tier 2,Verified,0.307,9.023152594311542
USR00137,10,13,27493.88569999996,2114.9142846153813,P2M,0.6153846153846154,0.23076923076923078,35-44,Tier 1,Not Verified,0.956,10.221755291813796
USR00138,7,11,26046.735699999957,2367.88506363636,Bill Payment,0.2727272727272727,0.36363636363636365,45-54,Tier 1,Verified,0.349,10.167686122098454
USR00139,97,13,1950.06,150.0046153846154,P2M,0.23076923076923078,0.3076923076923077,55+,Tier 3,Verified,0.982,7.576128093609998
USR00140,8,10,8310.67,831.067,P2P,0.1,0.1,25-34,Tier 1,Verified,0.372,9.025415830354744
USR00141,33,7,3470.75,495.82142857142856,Bill Payment,0.2857142857142857,0.2857142857142857,25-34,Tier 3,Verified,0.149,8.152414068579489
USR00142,7,7,15036.255699999958,2148.0365285714224,P2P,0.14285714285714285,0.42857142857142855,25-34,Tier 1,Not Verified,0.111,9.618286114099424
USR00143,10,9,6919.83,768.87,P2M,0.2222222222222222,0.4444444444444444,25-34,Tier 3,Not Verified,0.969,8.842290983615756
USR00144,22,10,24010.92,2401.0919999999996,P2M,0.1,0.1,25-34,Tier 1,Verified,0.461,10.086305652698684
USR00145,25,10,1857.93,185.793,P2M,0.2,0.5,45-54,Tier 3,Not Verified,0.83,7.52775633235945
USR00146,3,16,6033.52,377.095,Bill Payment,0.25,0.3125,45-54,Tier 1,Verified,0.788,8.705251594328706
USR00147,7,7,12826.925699999956,1832.4179571428508,P2M,0.2857142857142857,0.14285714285714285,45-54,Tier 1,Verified,0.918,9.459379768778806
USR00148,146,9,14677.27,1630.8077777777778,P2M,0.0,0.4444444444444444,25-34,Tier 2,Verified,0.659,9.59412344781251
USR00149,22,8,2562.08,320.26,P2M,0.125,0.625,18-24,Tier 2,Verified,0.287,7.848964939298714
USR00150,38,8,6000.55,750.06875,EMI,0.375,0.625,35-44,Tier 1,Verified,0.597,8.699773048181216
USR00151,21,9,4957.69,550.8544444444444,Subscription,0.2222222222222222,0.1111111111111111,45-54,Tier 3,Verified,0.523,8.508896871931793
USR00152,12,14,5269.58,376.3985714285714,P2P,0.14285714285714285,0.42857142857142855,18-24,Tier 3,Not Verified,0.509,8.569895692405584
USR00153,61,6,6397.7,1066.2833333333333,P2M,0.3333333333333333,0.3333333333333333,45-54,Tier 1,Verified,0.94,8.763850123715086
USR00154,28,8,6145.47,768.18375,Bill Payment,0.375,0.25,35-44,Tier 3,Verified,0.918,8.723633212268998
USR00155,10,9,1512.73,168.0811111111111,P2P,0.3333333333333333,0.1111111111111111,25-34,Tier 3,Not Verified,0.377,7.322332082558715
USR00156,94,5,1082.46,216.49200000000002,Recharge,0.8,0.2,35-44,Tier 3,Verified,0.522,6.987914902897627
USR00157,13,15,10946.3,729.7533333333333,P2M,0.26666666666666666,0.2,35-44,Tier 1,Verified,0.544,9.300848129497483
USR00158,21,9,20730.54569999996,2303.393966666662,P2M,0.3333333333333333,0.4444444444444444,25-34,Tier 1,Verified,0.643,9.939411766084744
USR00159,46,12,12293.28,1024.44,P2M,0.25,0.3333333333333333,25-34,Tier 2,Verified,0.119,9.416889392545164
USR00160,29,9,4327.07,480.7855555555555,EMI,0.3333333333333333,0.4444444444444444,35-44,Tier 2,Verified,0.787,8.372876994147834
USR00161,33,15,10132.58,675.5053333333333,P2M,0.2,0.6,25-34,Tier 2,Not Verified,0.263,9.223609940535201
USR00162,4,13,26399.45,2030.7269230769232,P2M,0.3076923076923077,0.38461538461538464,35-44,Tier 1,Verified,0.468,10.18113633444368
USR00163,1,16,11974.04,748.3775,P2M,0.4375,0.25,35-44,Tier 3,Verified,0.724,9.390579762565812
USR00164,69,12,20293.93,1691.1608333333334,P2M,0.4166666666666667,0.5,45-54,Tier 1,Verified,0.179,9.918126380141649
USR00165,35,12,10958.03,913.1691666666667,P2M,0.5833333333333334,0.25,25-34,Tier 2,Verified,0.842,9.301919052935693
USR00166,23,12,1044.3,87.02499999999999,P2M,0.08333333333333333,0.3333333333333333,25-34,Tier 3,Verified,0.149,6.952059204538662
USR00167,78,5,2194.67,438.934,P2P,0.2,0.2,45-54,Tier 2,Verified,0.784,7.694242518113225
USR00168,129,8,3076.47,384.55875,P2P,0.125,0.25,18-24,Tier 3,Verified,0.494,8.031863109838877
USR00169,5,13,13379.11,1029.1623076923076,P2M,0.38461538461538464,0.15384615384615385,25-34,Tier 1,Verified,0.648,9.501524554874136
USR00170,24,13,13240.98,1018.536923076923,P2M,0.38461538461538464,0.38461538461538464,25-34,Tier 1,Verified,0.597,9.491147365137781
USR00171,62,8,5792.25,724.03125,P2P,0.0,0.25,35-44,Tier 2,Verified,0.206,8.66444872569799
USR00172,11,13,6804.0199999999995,523.3861538461538,P2P,0.38461538461538464,0.46153846153846156,25-34,Tier 3,Verified,0.346,8.825415854096677
USR00173,5,9,4375.83,486.2033333333333,P2P,0.2222222222222222,0.2222222222222222,35-44,Tier 2,Verified,0.23,8.384079997048918
USR00174,19,10,7018.02,701.802,Bill Payment,0.2,0.2,25-34,Tier 2,Verified,0.223,8.85637888613511
USR00175,8,13,14852.335699999958,1142.4873615384583,P2M,0.38461538461538464,0.15384615384615385,18-24,Tier 1,Verified,0.557,9.605979745268767
USR00176,18,14,22483.855699999956,1605.9896928571397,P2M,0.2857142857142857,0.42857142857142855,25-34,Tier 2,Verified,0.622,10.020597281572472
USR00177,8,9,2489.85,276.65,P2M,0.1111111111111111,0.2222222222222222,45-54,Tier 2,Not Verified,0.536,7.820379296668667
USR00178,25,13,17611.420000000002,1354.7246153846156,P2M,0.15384615384615385,0.15384615384615385,35-44,Tier 1,Verified,0.883,9.776359613968088
USR00179,2,15,12741.25,849.4166666666666,P2M,0.26666666666666666,0.4,25-34,Tier 1,Not Verified,0.87,9.452678522637783
USR00180,6,10,1041.58,104.15799999999999,Recharge,0.0,0.1,25-34,Tier 3,Verified,0.83,6.949453689337813
USR00181,25,16,3863.11,241.444375,P2M,0.1875,0.3125,25-34,Tier 3,Verified,0.133,8.259486662836109
USR00182,78,8,2723.28,340.41,P2M,0.125,0.125,25-34,Tier 2,Verified,0.887,7.909959452001556
USR00183,4,6,4080.4700000000003,680.0783333333334,P2M,0.0,0.3333333333333333,25-34,Tier 2,Verified,0.23,8.314212496625515
USR00184,65,6,2670.87,445.145,P2M,0.5,0.3333333333333333,35-44,Tier 2,Verified,0.972,7.890533880778345
USR00185,8,12,11538.27,961.5225,P2M,0.3333333333333333,0.25,18-24,Tier 1,Verified,0.867,9.353511279828968
USR00186,19,7,1886.3400000000001,269.4771428571429,P2M,0.14285714285714285,0.7142857142857143,25-34,Tier 1,Not Verified,0.899,7.542923709318232
USR00187,39,8,4515.87,564.48375,P2M,0.25,0.5,55+,Tier 3,Verified,0.311,8.415574555076622
USR00188,15,6,2001.07,333.51166666666666,Bill Payment,0.6666666666666666,0.6666666666666666,25-34,Tier 2,Verified,0.491,7.601936924298868
USR00189,66,5,1223.1399999999999,244.628,P2M,0.6,0.4,18-24,Tier 3,Verified,0.725,7.10999383561645
USR00190,129,12,5857.0,488.0833333333333,P2M,0.25,0.6666666666666666,55+,Tier 3,Verified,0.364,8.675563527387679
USR00191,24,12,20308.52,1692.3766666666668,P2M,0.3333333333333333,0.5833333333333334,55+,Tier 1,Verified,0.609,9.918845020617159
USR00192,13,11,6123.35,556.6681818181819,P2M,0.36363636363636365,0.2727272727272727,18-24,Tier 2,Verified,0.884,8.720027907332563
USR00193,50,10,4893.59,489.35900000000004,P2M,0.2,0.2,35-44,Tier 2,Not Verified,0.229,8.495885792518944
USR00194,53,9,3096.73,344.0811111111111,Bill Payment,0.5555555555555556,0.3333333333333333,35-44,Tier 3,Verified,0.108,8.038424864176834
USR00195,52,9,16961.165699999958,1884.573966666662,P2M,0.2222222222222222,0.3333333333333333,25-34,Tier 1,Verified,0.498,9.738740595769105
USR00196,37,11,9598.800000000001,872.6181818181819,Recharge,0.36363636363636365,0.5454545454545454,25-34,Tier 2,Verified,0.482,9.169497543905578
USR00197,81,6,4432.84,738.8066666666667,P2P,0.3333333333333333,0.16666666666666666,45-54,Tier 2,Verified,0.446,8.397021304725907
USR00198,2,9,7678.54,853.1711111111111,P2M,0.3333333333333333,0.3333333333333333,35-44,Tier 2,Verified,0.617,8.946314928514557
USR00199,180,9,3605.27,400.5855555555556,P2P,0.3333333333333333,0.3333333333333333,18-24,Tier 3,Verified,0.692,8.19042927616824
USR00200,15,6,2107.51,351.2516666666667,P2M,0.5,0.3333333333333333,25-34,Tier 3,Verified,0.771,7.6537368158834544
USR00201,63,8,4479.72,559.965,P2M,0.375,0.375,25-34,Tier 3,Verified,0.307,8.407539026781588
USR00202,3,8,2480.6,310.075,P2M,0.25,0.375,18-24,Tier 1,Verified,0.71,7.816658792422274
USR00203,37,9,4058.0499999999997,450.8944444444444,P2P,0.2222222222222222,0.1111111111111111,25-34,Tier 2,Not Verified,0.913,8.30870423506803
USR00204,6,10,6873.16,687.316,Recharge,0.4,0.1,55+,Tier 2,Verified,0.428,8.835524733251784
USR00205,5,19,19691.43,1036.391052631579,Bill Payment,0.2631578947368421,0.2631578947368421,25-34,Tier 2,Verified,0.474,9.887989576918375
USR00206,22,9,14205.97,1578.441111111111,P2M,0.1111111111111111,0.3333333333333333,45-54,Tier 1,Verified,0.345,9.561487968234738
USR00207,51,8,6508.54,813.5675,P2M,0.125,0.375,18-24,Tier 2,Verified,0.366,8.781024072183769
USR00208,31,10,2162.72,216.272,P2M,0.3,0.5,35-44,Tier 2,Verified,0.168,7.679584241576277
USR00209,8,8,906.95,113.36875,Recharge,0.25,0.5,18-24,Tier 3,Verified,0.824,6.811189311005806
USR00210,1,14,10327.02,737.6442857142857,P2M,0.35714285714285715,0.5,18-24,Tier 3,Verified,0.583,9.242615869007949
USR00211,60,13,7603.98,584.9215384615384,P2M,0.23076923076923078,0.5384615384615384,45-54,Tier 1,Verified,0.675,8.936558574841152
USR00212,18,13,4774.77,367.29,P2M,0.0,0.23076923076923078,18-24,Tier 2,Verified,0.658,8.471310496458894
USR00213,57,6,11219.4,1869.8999999999999,Bill Payment,0.16666666666666666,0.5,25-34,Tier 2,Verified,0.672,9.325488829065105
USR00214,77,9,4529.24,503.24888888888887,P2M,0.4444444444444444,0.3333333333333333,25-34,Tier 1,Not Verified,0.141,8.418530197206133
USR00215,12,6,5677.8099999999995,946.3016666666666,P2P,0.5,0.5,25-34,Tier 1,Verified,0.899,8.644496982723277
USR00216,33,11,12574.03,1143.0936363636365,P2M,0.36363636363636365,0.2727272727272727,25-34,Tier 1,Verified,0.769,9.439468380650979
USR00217,13,11,15820.52,1438.229090909091,P2M,0.18181818181818182,0.18181818181818182,35-44,Tier 1,Verified,0.239,9.66912631761641
USR00218,21,16,25562.075699999958,1597.6297312499973,Bill Payment,0.375,0.3125,25-34,Tier 1,Verified,0.945,10.14890423380295
USR00219,7,8,3917.29,489.66125,P2M,0.125,0.125,25-34,Tier 2,Not Verified,0.5,8.273410613121131
USR00220,89,13,3671.0299999999997,282.38692307692304,P2P,0.38461538461538464,0.3076923076923077,18-24,Tier 3,Verified,0.431,8.208499921641648
USR00221,5,13,3198.8599999999997,246.0661538461538,P2M,0.38461538461538464,0.3076923076923077,25-34,Tier 3,Verified,0.348,8.070862337830759
USR00222,37,6,2532.23,422.03833333333336,P2M,0.16666666666666666,0.0,35-44,Tier 3,Verified,0.291,7.837250447300716
USR00223,17,8,5854.07,731.75875,Bill Payment,0.5,0.5,25-34,Tier 1,Verified,0.319,8.67506323155386
USR00224,50,14,21782.57,1555.8978571428572,Bill Payment,0.2857142857142857,0.21428571428571427,55+,Tier 1,Verified,0.599,9.988911294900603
USR00225,210,10,3381.4900000000002,338.149,Bill Payment,0.0,0.2,18-24,Tier 2,Verified,0.233,8.126367403647373
USR00226,15,11,7837.780000000001,712.5254545454546,P2M,0.18181818181818182,0.36363636363636365,35-44,Tier 1,Verified,0.23,8.966838488990714
USR00227,23,7,5463.98,780.5685714285713,Bill Payment,0.2857142857142857,0.42857142857142855,18-24,Tier 1,Verified,0.88,8.606115740951608
USR00228,1,6,909.9,151.65,Bill Payment,0.3333333333333333,0.16666666666666666,45-54,Tier 3,Verified,0.114,6.814433121750764
USR00229,41,14,8741.27,624.3764285714286,P2P,0.07142857142857142,0.21428571428571427,45-54,Tier 1,Verified,0.771,9.075925160327236
USR00230,2,10,1070.38,107.03800000000001,P2M,0.5,0.6,35-44,Tier 2,Verified,0.198,6.976702816108169
USR00231,33,16,5640.01,352.500625,P2M,0.25,0.4375,18-24,Tier 3,Verified,0.918,8.637818406473736
USR00232,24,8,1495.05,186.88125,P2P,0.375,0.375,18-24,Tier 3,Verified,0.128,7.3105835804357975
USR00233,22,7,2199.09,314.1557142857143,P2M,0.14285714285714285,0.14285714285714285,25-34,Tier 2,Verified,0.197,7.696253547600563
USR00234,9,7,8100.85,1157.2642857142857,Bill Payment,0.2857142857142857,0.2857142857142857,35-44,Tier 1,Verified,0.39,8.999847709644078
USR00235,49,14,17131.08,1223.6485714285716,Bill Payment,0.2857142857142857,0.42857142857142855,35-44,Tier 2,Verified,0.627,9.748708008348455
USR00236,4,6,3576.09,596.015,Bill Payment,0.0,0.0,18-24,Tier 2,Verified,0.508,8.182304899691722
USR00237,36,15,20155.83,1343.7220000000002,P2M,0.13333333333333333,0.3333333333333333,18-24,Tier 2,Verified,0.686,9.911298467757984
USR00238,23,11,4356.46,396.0418181818182,Bill Payment,0.36363636363636365,0.2727272727272727,35-44,Tier 3,Verified,0.899,8.379644597776599
USR00239,122,9,16322.2,1813.5777777777778,P2P,0.2222222222222222,0.3333333333333333,55+,Tier 1,Verified,0.186,9.700342687728607
USR00240,25,11,42679.00279999983,3879.9093454545296,P2M,0.45454545454545453,0.18181818181818182,35-44,Tier 1,Verified,0.718,10.661485771020182
USR00241,8,10,12154.36,1215.4360000000001,P2M,0.2,0.3,25-34,Tier 3,Not Verified,0.187,9.405525503753019
USR00242,112,7,1111.46,158.78,Bill Payment,0.2857142857142857,0.42857142857142855,18-24,Tier 2,Verified,0.628,7.014329058337817
USR00243,8,7,3668.36,524.0514285714286,P2M,0.14285714285714285,0.14285714285714285,25-34,Tier 3,Verified,0.886,8.207772538920468
USR00244,32,8,2109.15,263.64375,P2P,0.25,0.5,45-54,Tier 3,Verified,0.64,7.654514313990728
USR00245,35,6,2097.2599999999998,349.5433333333333,P2M,0.16666666666666666,0.16666666666666666,35-44,Tier 3,Verified,0.691,7.648863708827905
USR00246,20,5,2057.1299999999997,411.42599999999993,Bill Payment,0.2,0.8,18-24,Tier 3,Verified,0.431,7.6295530825233655
USR00247,4,10,14309.99,1430.999,Recharge,0.0,0.6,45-54,Tier 2,Verified,0.861,9.568783052547442
USR00248,79,13,10778.58,829.1215384615384,P2M,0.46153846153846156,0.46153846153846156,35-44,Tier 2,Not Verified,0.936,9.285408882665026
USR00249,13,12,7743.72,645.3100000000001,P2M,0.25,0.25,25-34,Tier 1,Verified,0.732,8.954766599841099
USR00250,26,9,4514.8099999999995,501.6455555555555,P2M,0.1111111111111111,0.4444444444444444,35-44,Tier 2,Verified,0.883,8.415339851753828
USR00251,8,9,1560.62,173.4022222222222,P2M,0.3333333333333333,0.3333333333333333,18-24,Tier 3,Verified,0.67,7.353479022953864
USR00252,9,11,2868.15,260.7409090909091,P2M,0.36363636363636365,0.0,55+,Tier 3,Verified,0.478,7.961771097640099
USR00253,9,8,5932.55,741.56875,Bill Payment,0.625,0.375,25-34,Tier 2,Verified,0.799,8.688377963799276
USR00254,108,3,4261.45,1420.4833333333333,Bill Payment,0.6666666666666666,0.3333333333333333,35-44,Tier 2,Verified,0.779,8.357599391317693
USR00255,25,6,13227.08,2204.5133333333333,P2M,0.0,0.16666666666666666,35-44,Tier 2,Verified,0.482,9.490097121860838
USR00256,35,12,36576.87569999996,3048.072974999997,P2P,0.16666666666666666,0.5833333333333334,35-44,Tier 1,Verified,0.561,10.507198847541238
USR00257,1,16,7423.02,463.93875,P2M,0.1875,0.25,25-34,Tier 1,Verified,0.634,8.912475968427925
USR00258,38,11,6771.82,615.62,Recharge,0.45454545454545453,0.18181818181818182,35-44,Tier 3,Verified,0.986,8.820672822750723
USR00259,25,10,3788.66,378.866,Bill Payment,0.2,0.1,25-34,Tier 3,Verified,0.791,8.240031584289778
USR00260,22,12,4475.47,372.9558333333334,Bill Payment,0.6666666666666666,0.16666666666666666,18-24,Tier 1,Verified,0.548,8.406590068387509
USR00261,22,9,10379.72,1153.302222222222,P2M,0.4444444444444444,0.1111111111111111,25-34,Tier 1,Not Verified,0.307,9.247705518476147
USR00262,46,9,18034.695699999957,2003.855077777773,P2M,0.2222222222222222,0.1111111111111111,18-24,Tier 2,Verified,0.876,9.80010816758671
USR00263,39,8,1841.71,230.21375,P2M,0.25,0.375,18-24,Tier 3,Verified,0.876,7.518992593145431
USR00264,13,10,6721.0,672.1,Bill Payment,0.3,0.3,18-24,Tier 1,Verified,0.465,8.81314100828505
USR00265,10,12,13011.25,1084.2708333333333,P2M,0.5,0.16666666666666666,35-44,Tier 1,Verified,0.928,9.473646500442797
USR00266,5,13,12183.74,937.2107692307692,P2M,0.07692307692307693,0.23076923076923078,25-34,Tier 1,Verified,0.46,9.407939628121355
USR00267,12,6,1508.14,251.35666666666668,Bill Payment,0.5,0.3333333333333333,25-34,Tier 3,Not Verified,0.299,7.319295231137653
USR00268,7,7,1737.27,248.18142857142857,P2M,0.0,0.2857142857142857,25-34,Tier 3,Verified,0.578,7.46064564473776
USR00269,4,7,4637.5,662.5,P2M,0.14285714285714285,0.42857142857142855,25-34,Tier 2,Verified,0.962,8.442146317093327
USR00270,161,12,11923.74,993.645,P2P,0.16666666666666666,0.3333333333333333,25-34,Tier 2,Verified,0.33,9.386370512583843
USR00271,9,10,5489.38,548.938,P2M,0.7,0.5,18-24,Tier 2,Verified,0.796,8.610752748865949
USR00272,39,10,16157.105699999956,1615.7105699999956,P2M,0.2,0.2,25-34,Tier 2,Verified,0.504,9.690177103669448
USR00273,22,9,6672.91,741.4344444444445,P2M,0.3333333333333333,0.5555555555555556,25-34,Tier 3,Verified,0.664,8.805961174054076
USR00274,73,9,6767.2699999999995,751.9188888888889,P2M,0.4444444444444444,0.2222222222222222,35-44,Tier 1,Verified,0.373,8.82000079410735
USR00275,21,9,7278.78,808.7533333333333,P2M,0.1111111111111111,0.0,25-34,Tier 1,Not Verified,0.379,8.892855920953885
USR00276,29,11,16962.32,1542.0290909090909,P2M,0.45454545454545453,0.36363636363636365,18-24,Tier 2,Verified,0.169,9.73880864490542
USR00277,24,9,23596.215699999957,2621.8017444444395,P2P,0.3333333333333333,0.1111111111111111,25-34,Tier 1,Verified,0.516,10.068884005240093
USR00278,30,7,2907.21,415.3157142857143,P2P,0.5714285714285714,0.42857142857142855,45-54,Tier 2,Verified,0.829,7.97529305062653
USR00279,19,7,1929.57,275.65285714285716,P2M,0.42857142857142855,0.42857142857142855,45-54,Tier 3,Verified,0.962,7.565570575083171
USR00280,20,14,22057.535699999957,1575.5382642857112,P2P,0.21428571428571427,0.2857142857142857,25-34,Tier 1,Verified,0.255,10.001454912544533
USR00281,3,12,5804.9800000000005,483.7483333333334,P2M,0.16666666666666666,0.3333333333333333,35-44,Tier 3,Verified,0.649,8.666643699866276
USR00282,5,14,5066.48,361.89142857142855,P2P,0.21428571428571427,0.35714285714285715,35-44,Tier 2,Not Verified,0.797,8.530598931599076
USR00283,130,8,1116.58,139.5725,P2M,0.375,0.375,25-34,Tier 3,Verified,0.185,7.018920912292289
USR00284,74,7,5677.969999999999,811.1385714285714,P2M,0.14285714285714285,0.14285714285714285,25-34,Tier 2,Verified,0.691,8.644525157243299
USR00285,21,12,3857.86,321.48833333333334,P2M,0.16666666666666666,0.4166666666666667,25-34,Tier 1,Verified,0.697,8.258127082050814
USR00286,62,10,7797.04,779.704,P2M,0.1,0.4,25-34,Tier 2,Verified,0.738,8.961627699049776
USR00287,32,10,7488.66,748.866,P2M,0.2,0.7,25-34,Tier 2,Verified,0.396,8.921278681622455
USR00288,39,11,4030.64,366.4218181818182,P2P,0.45454545454545453,0.18181818181818182,35-44,Tier 2,Verified,0.703,8.301928520050712
USR00289,7,12,8820.41,735.0341666666667,P2M,0.25,0.4166666666666667,55+,Tier 2,Not Verified,0.956,9.084937000169536
USR00290,26,18,4587.84,254.88,P2M,0.05555555555555555,0.3333333333333333,35-44,Tier 3,Verified,1.0,8.431382547803127
USR00291,4,12,5446.44,453.86999999999995,P2M,0.25,0.08333333333333333,25-34,Tier 2,Not Verified,0.586,8.602901052531408
USR00292,5,15,3875.16,258.344,P2M,0.0,0.4666666666666667,25-34,Tier 3,Verified,0.889,8.262600251828438
USR00293,11,9,7263.12,807.0133333333333,EMI,0.1111111111111111,0.2222222222222222,55+,Tier 1,Verified,0.848,8.890702439968466
USR00294,34,10,9646.71,964.6709999999999,Bill Payment,0.2,0.1,35-44,Tier 1,Verified,0.428,9.174475860472096
USR00295,4,16,9860.05,616.253125,P2M,0.3125,0.5,35-44,Tier 1,Verified,0.805,9.196347932799142
USR00296,91,9,2777.34,308.59333333333336,EMI,0.2222222222222222,0.6666666666666666,35-44,Tier 3,Verified,0.806,7.929608906034002
USR00297,6,10,5245.43,524.543,P2M,0.3,0.4,55+,Tier 2,Verified,0.613,8.565303124280806
USR00298,66,11,11513.67,1046.6972727272728,P2M,0.2727272727272727,0.5454545454545454,18-24,Tier 1,Not Verified,0.477,9.35137715357231
USR00299,23,9,3769.04,418.78222222222223,P2P,0.3333333333333333,0.4444444444444444,25-34,Tier 2,Verified,0.147,8.234840890465346
USR00300,97,10,12865.76,1286.576,P2M,0.1,0.3,35-44,Tier 2,Verified,0.74,9.462402520644513
USR00301,63,10,7730.31,773.0310000000001,Subscription,0.4,0.5,25-34,Tier 1,Verified,0.244,8.953033596822083
USR00302,29,14,4198.59,299.8992857142857,P2P,0.35714285714285715,0.21428571428571427,35-44,Tier 2,Verified,0.183,8.34274218045879
USR00303,15,6,1628.81,271.4683333333333,P2M,0.3333333333333333,0.5,25-34,Tier 1,Not Verified,0.473,7.39621872258947
USR00304,13,10,8261.42,826.142,P2M,0.3,0.2,18-24,Tier 1,Verified,0.173,9.019472801813523
USR00305,19,17,10194.06,599.6505882352941,P2P,0.23529411764705882,0.29411764705882354,25-34,Tier 2,Not Verified,0.685,9.2296585682291
USR00306,65,12,11678.33,973.1941666666667,P2P,0.4166666666666667,0.4166666666666667,25-34,Tier 1,Not Verified,0.847,9.365575891723198
USR00307,39,12,11163.2,930.2666666666668,P2M,0.16666666666666666,0.25,25-34,Tier 1,Verified,0.105,9.32046750922165
USR00308,43,10,15730.94,1573.094,P2M,0.1,0.2,45-54,Tier 1,Not Verified,0.594,9.663448319661894
USR00309,45,5,1270.96,254.192,P2M,0.2,0.2,35-44,Tier 2,Verified,0.359,7.148314296864734
USR00310,45,5,1867.85,373.57,P2M,0.6,0.4,35-44,Tier 2,Verified,0.815,7.533078547412982
USR00311,10,7,6334.1,904.8714285714286,P2P,0.5714285714285714,0.42857142857142855,25-34,Tier 2,Verified,0.115,8.753860877950306
USR00312,89,9,8953.13,994.7922222222221,P2M,0.2222222222222222,0.2222222222222222,45-54,Tier 1,Verified,0.101,9.099870157346398
USR00313,85,6,10100.02,1683.3366666666668,P2P,0.0,0.0,25-34,Tier 1,Verified,0.177,9.220391687829204
USR00314,10,12,9396.58,783.0483333333333,P2P,0.5833333333333334,0.0,35-44,Tier 3,Verified,0.808,9.148207488304466
USR00315,24,19,7307.69,384.61526315789473,P2M,0.2631578947368421,0.15789473684210525,35-44,Tier 2,Verified,0.139,8.896819330118062
USR00316,50,8,3060.85,382.60625,P2M,0.25,0.5,35-44,Tier 2,Verified,0.421,8.026774587427887
USR00317,29,13,4957.53,381.3484615384615,EMI,0.15384615384615385,0.3076923076923077,25-34,Tier 3,Verified,0.762,8.508864604824677
USR00318,8,10,21467.081399999915,2146.7081399999915,Bill Payment,0.2,0.5,25-34,Tier 1,Verified,0.832,9.974322524979485
USR00319,6,11,1455.3799999999999,132.3072727272727,P2M,0.2727272727272727,0.36363636363636365,25-34,Tier 3,Verified,0.531,7.283709183715913
USR00320,6,12,4121.23,343.4358333333333,P2P,0.25,0.5833333333333334,25-34,Tier 3,Verified,0.949,8.32414955804998
USR00321,47,8,3296.81,412.10125,P2M,0.25,0.125,25-34,Tier 3,Verified,0.897,8.10101389078685
USR00322,50,9,4640.82,515.6466666666666,P2M,0.4444444444444444,0.3333333333333333,55+,Tier 3,Verified,0.834,8.44286180969307
USR00323,30,7,5341.16,763.0228571428571,P2M,0.14285714285714285,0.42857142857142855,18-24,Tier 2,Verified,0.876,8.583385344550464
USR00324,47,14,8681.72,620.1228571428571,P2M,0.35714285714285715,0.42857142857142855,25-34,Tier 1,Verified,0.431,9.069090122621434
USR00325,12,11,3373.18,306.65272727272725,P2M,0.2727272727272727,0.5454545454545454,25-34,Tier 2,Verified,0.448,8.123907610823386
USR00326,13,9,15914.150000000001,1768.238888888889,P2M,0.4444444444444444,0.2222222222222222,55+,Tier 2,Not Verified,0.818,9.675026764742466
USR00327,41,10,7493.15,749.3149999999999,EMI,0.3,0.3,18-24,Tier 2,Verified,0.642,8.921877995166126
USR00328,49,20,9664.56,483.22799999999995,Bill Payment,0.25,0.25,25-34,Tier 2,Verified,0.172,9.17632433098823
USR00329,21,11,5335.26,485.0236363636364,P2P,0.2727272727272727,0.2727272727272727,45-54,Tier 1,Not Verified,0.484,8.582280312045587
USR00330,4,10,2386.27,238.627,P2M,0.1,0.4,35-44,Tier 3,Verified,0.883,7.77790573263583
USR00331,18,9,4132.93,459.2144444444445,P2M,0.2222222222222222,0.3333333333333333,25-34,Tier 2,Verified,0.812,8.326983807345572
USR00332,34,13,12226.57,940.5053846153846,Bill Payment,0.15384615384615385,0.23076923076923078,18-24,Tier 3,Verified,0.821,9.41144851719778
USR00333,31,8,10567.22,1320.9025,P2M,0.25,0.375,45-54,Tier 1,Verified,0.71,9.265606663547931
USR00334,59,4,2623.92,655.98,P2P,0.25,0.0,35-44,Tier 2,Verified,0.681,7.872805698370839
USR00335,16,7,3737.13,533.8757142857143,P2M,0.42857142857142855,0.5714285714285714,25-34,Tier 3,Verified,0.711,8.226340765366896
USR00336,96,8,4905.88,613.235,P2M,0.0,0.125,35-44,Tier 3,Verified,0.617,8.498393580930475
USR00337,38,11,3515.3199999999997,319.57454545454544,P2P,0.36363636363636365,0.36363636363636365,35-44,Tier 3,Verified,0.325,8.165170267177901
USR00338,2,14,15648.93,1117.7807142857143,P2M,0.21428571428571427,0.2857142857142857,25-34,Tier 1,Verified,0.922,9.658221723114846
USR00339,36,14,3618.45,258.4607142857143,Bill Payment,0.42857142857142855,0.2857142857142857,35-44,Tier 3,Verified,0.293,8.194077359575065
USR00340,25,8,10059.7,1257.4625,P2M,0.125,0.25,35-44,Tier 1,Not Verified,0.868,9.216392023737951
USR00341,14,10,14273.460000000001,1427.346,P2M,0.3,0.2,35-44,Tier 1,Not Verified,0.971,9.566227205437421
USR00342,59,10,3967.7000000000003,396.77000000000004,EMI,0.3,0.5,25-34,Tier 3,Verified,0.595,8.286193864136445
USR00343,6,14,32799.53569999996,2342.8239785714254,P2P,0.42857142857142855,0.35714285714285715,35-44,Tier 1,Verified,0.935,10.398200126555937
USR00344,29,13,4793.69,368.7453846153846,P2M,0.07692307692307693,0.15384615384615385,25-34,Tier 3,Verified,0.209,8.475264334549804
USR00345,114,7,5899.59,842.7985714285714,Bill Payment,0.5714285714285714,0.2857142857142857,25-34,Tier 2,Verified,0.124,8.682807624894144
USR00346,91,3,2667.29,889.0966666666667,P2P,0.0,0.3333333333333333,45-54,Tier 1,Verified,0.596,7.889193096780744
USR00347,25,12,5067.48,422.28999999999996,P2M,0.16666666666666666,0.5,25-34,Tier 2,Verified,1.0,8.530796248874056
USR00348,9,8,1913.01,239.12625,P2M,0.25,0.125,25-34,Tier 3,Not Verified,0.841,7.556955796659648
USR00349,14,15,5026.650000000001,335.11,Recharge,0.2,0.13333333333333333,35-44,Tier 2,Verified,0.712,8.522707957104261
USR00350,12,9,4999.84,555.5377777777778,P2M,0.4444444444444444,0.1111111111111111,55+,Tier 3,Verified,0.264,8.517361177305817
USR00351,67,8,13015.54,1626.9425,P2M,0.25,0.375,25-34,Tier 1,Not Verified,0.15,9.473976135438418
USR00352,22,11,22368.15,2033.4681818181818,P2M,0.2727272727272727,0.45454545454545453,25-34,Tier 2,Verified,0.39,10.015438056444422
USR00353,28,5,8804.59,1760.9180000000001,P2P,0.0,0.0,35-44,Tier 1,Verified,0.861,9.08314202606758
USR00354,3,11,23633.091399999914,2148.4628545454466,EMI,0.2727272727272727,0.36363636363636365,18-24,Tier 1,Verified,0.653,10.070445499501288
USR00355,10,15,4285.71,285.714,P2P,0.26666666666666666,0.3333333333333333,18-24,Tier 2,Not Verified,0.623,8.363274817937103
USR00356,83,14,3688.93,263.495,P2P,0.07142857142857142,0.35714285714285715,25-34,Tier 2,Verified,0.607,8.213362766664934
USR00357,41,15,9962.78,664.1853333333333,P2M,0.13333333333333333,0.3333333333333333,35-44,Tier 2,Verified,0.677,9.206711796652165
USR00358,41,8,4917.88,614.735,P2M,0.375,0.5,35-44,Tier 1,Verified,0.675,8.500836141295496
USR00359,2,15,5718.7699999999995,381.2513333333333,P2M,0.3333333333333333,0.26666666666666666,35-44,Tier 3,Verified,0.961,8.651683873775198
USR00360,14,12,10684.55,890.3791666666666,EMI,0.08333333333333333,0.25,18-24,Tier 2,Verified,0.166,9.276647640457519
USR00361,41,10,1839.07,183.90699999999998,EMI,0.2,0.2,35-44,Tier 3,Verified,0.284,7.517558893357657
USR00362,5,9,23374.311399999915,2597.1457111111017,Bill Payment,0.3333333333333333,0.1111111111111111,25-34,Tier 1,Verified,0.875,10.059435675993281
USR00363,43,10,2701.25,270.125,P2P,0.2,0.2,35-44,Tier 3,Not Verified,0.196,7.901840038296312
USR00364,2,8,10941.69,1367.71125,Bill Payment,0.375,0.5,18-24,Tier 1,Verified,0.227,9.300426932405282
USR00365,29,7,3797.06,542.4371428571428,P2M,0.14285714285714285,0.8571428571428571,35-44,Tier 3,Verified,0.879,8.242245689035757
USR00366,24,9,15188.16,1687.5733333333333,Bill Payment,0.3333333333333333,0.3333333333333333,25-34,Tier 1,Not Verified,0.271,9.628337294521572
USR00367,50,11,10528.81,957.1645454545454,EMI,0.09090909090909091,0.36363636363636365,25-34,Tier 2,Verified,0.378,9.26196556128052
USR00368,18,11,12866.95,1169.7227272727273,P2P,0.18181818181818182,0.5454545454545454,18-24,Tier 2,Verified,0.317,9.462495002743658
USR00369,8,17,20684.98,1216.7635294117647,P2P,0.29411764705882354,0.17647058823529413,18-24,Tier 1,Verified,0.638,9.937211455099806
USR00370,37,12,14578.45,1214.8708333333334,P2M,0.6666666666666666,0.3333333333333333,55+,Tier 1,Not Verified,0.862,9.587368281943029
USR00371,15,12,6736.41,561.3675,P2M,0.3333333333333333,0.3333333333333333,35-44,Tier 1,Not Verified,0.429,8.815430857057532
USR00372,2,14,7758.110000000001,554.1507142857143,P2M,0.42857142857142855,0.2857142857142857,25-34,Tier 3,Not Verified,0.598,8.956622915878132
USR00373,24,9,6261.1,695.6777777777778,P2M,0.2222222222222222,0.3333333333333333,35-44,Tier 1,Verified,0.99,8.742270871097713
USR00374,102,9,11965.630000000001,1329.5144444444445,P2P,0.5555555555555556,0.2222222222222222,18-24,Tier 1,Verified,0.455,9.389877221736715
USR00375,20,11,6448.6900000000005,586.2445454545455,Bill Payment,0.5454545454545454,0.36363636363636365,18-24,Tier 2,Verified,0.779,8.771787346619298
USR00376,3,10,14113.189999999999,1411.319,P2P,0.6,0.6,25-34,Tier 1,Not Verified,0.135,9.554935953281134
USR00377,100,9,2326.61,258.51222222222225,P2P,0.1111111111111111,0.2222222222222222,55+,Tier 3,Verified,0.234,7.752597269044123
USR00378,41,7,2384.39,340.6271428571428,P2M,0.14285714285714285,0.2857142857142857,35-44,Tier 2,Verified,0.387,7.777117911966753
USR00379,4,4,20100.871399999916,5025.217849999979,Bill Payment,0.0,0.75,18-24,Tier 1,Verified,0.845,9.908568194190822
USR00380,18,10,11621.48,1162.148,P2M,0.3,0.2,25-34,Tier 3,Verified,0.834,9.360696432763087
USR00381,77,9,3445.52,382.8355555555556,Bill Payment,0.2222222222222222,0.2222222222222222,18-24,Tier 2,Verified,0.625,8.145120305297409
USR00382,7,11,16487.09,1498.8263636363636,P2M,0.2727272727272727,0.2727272727272727,18-24,Tier 1,Not Verified,0.97,9.710393581070681
USR00383,82,11,20688.07,1880.7336363636364,P2P,0.18181818181818182,0.18181818181818182,35-44,Tier 1,Verified,0.253,9.937360820478496
USR00384,9,14,10090.07,720.7192857142857,P2M,0.5,0.5,25-34,Tier 1,Verified,0.318,9.219406153314912
USR00385,8,12,3481.06,290.0883333333333,P2M,0.5,0.3333333333333333,18-24,Tier 2,Not Verified,0.497,8.155379351655837
USR00386,30,13,6011.23,462.40230769230766,P2M,0.6923076923076923,0.38461538461538464,35-44,Tier 1,Not Verified,0.797,8.701551006960786
USR00387,63,10,17290.07,1729.007,P2M,0.1,0.2,25-34,Tier 2,Verified,0.567,9.757945462245447
USR00388,3,9,10123.57,1124.841111111111,EMI,0.3333333333333333,0.4444444444444444,35-44,Tier 3,Not Verified,0.382,9.222720421937098
USR00389,3,13,14189.28,1091.483076923077,P2M,0.6153846153846154,0.23076923076923078,25-34,Tier 1,Verified,0.795,9.56031250216519
USR00390,41,7,2413.09,344.7271428571429,P2P,0.14285714285714285,0.2857142857142857,25-34,Tier 1,Verified,0.322,7.789077683481143
USR00391,22,13,17761.25,1366.25,P2M,0.38461538461538464,0.23076923076923078,25-34,Tier 2,Verified,0.734,9.784830697710953
USR00392,5,9,4360.99,484.5544444444444,P2M,0.4444444444444444,0.4444444444444444,35-44,Tier 2,Verified,0.604,8.380683654232582
USR00393,15,9,17650.245699999956,1961.1384111111063,Subscription,0.2222222222222222,0.1111111111111111,55+,Tier 1,Verified,0.709,9.77856163777462
USR00394,12,10,12166.59,1216.659,P2M,0.1,0.2,25-34,Tier 2,Verified,0.824,9.4065311384339
USR00395,4,16,6908.0199999999995,431.75124999999997,P2M,0.25,0.3125,18-24,Tier 3,Verified,0.498,8.840583083259537
USR00396,39,12,2578.19,214.84916666666666,P2M,0.25,0.4166666666666667,25-34,Tier 3,Not Verified,0.585,7.855230675133577
USR00397,11,15,15098.43,1006.562,P2M,0.13333333333333333,0.13333333333333333,35-44,Tier 1,Verified,0.767,9.622412273746159
USR00398,7,17,22273.15,1310.1852941176471,P2M,0.35294117647058826,0.35294117647058826,25-34,Tier 1,Not Verified,0.31,10.01118209223943
USR00399,10,15,6367.93,424.5286666666667,P2P,0.3333333333333333,0.2,45-54,Tier 2,Not Verified,0.794,8.759186759574588
USR00400,6,11,17092.81,1553.8918181818183,P2M,0.36363636363636365,0.18181818181818182,35-44,Tier 2,Verified,0.942,9.746471688653076
USR00401,17,5,4596.64,919.3280000000001,P2M,0.4,0.4,25-34,Tier 1,Verified,0.359,8.43329840734709
USR00402,94,12,4208.32,350.6933333333333,Bill Payment,0.25,0.3333333333333333,35-44,Tier 2,Verified,0.309,8.345056393440613
USR00403,33,8,10924.55,1365.56875,Bill Payment,0.25,0.25,25-34,Tier 1,Verified,0.854,9.29885936194604
USR00404,37,12,3418.37,284.8641666666667,P2M,0.4166666666666667,0.5,35-44,Tier 2,Verified,0.268,8.137211602561493
USR00405,9,17,6270.71,368.86529411764707,P2M,0.4117647058823529,0.29411764705882354,25-34,Tier 1,Verified,0.611,8.743804323716372
USR00406,12,14,10108.630000000001,722.0450000000001,P2M,0.21428571428571427,0.2857142857142857,18-24,Tier 1,Not Verified,0.677,9.221243713916525
USR00407,13,8,13428.66,1678.5825,P2M,0.375,0.25,25-34,Tier 2,Verified,0.521,9.505220972741121
USR00408,78,7,6431.57,918.7957142857142,P2M,0.2857142857142857,0.2857142857142857,35-44,Tier 1,Verified,0.513,8.76912942633532
USR00409,6,11,7381.05,671.0045454545455,P2M,0.2727272727272727,0.5454545454545454,35-44,Tier 2,Verified,0.812,8.906806656799192
USR00410,3,8,2079.4300000000003,259.92875000000004,P2M,0.5,0.375,25-34,Tier 3,Verified,0.871,7.640329882098734
USR00411,26,7,6986.92,998.1314285714286,P2M,0.14285714285714285,0.2857142857142857,25-34,Tier 1,Verified,0.461,8.851938222991507
USR00412,19,14,14772.95,1055.2107142857144,P2P,0.35714285714285715,0.35714285714285715,35-44,Tier 2,Verified,0.323,9.600620773759145
USR00413,33,11,7878.839999999999,716.2581818181817,P2M,0.2727272727272727,0.18181818181818182,18-24,Tier 2,Verified,0.959,8.972062878077256
USR00414,8,13,6231.110000000001,479.3161538461539,P2M,0.15384615384615385,0.3076923076923077,25-34,Tier 1,Verified,0.723,8.737470238229212
USR00415,25,12,9806.99,817.2491666666666,P2M,0.3333333333333333,0.3333333333333333,18-24,Tier 2,Not Verified,0.465,9.190952638599617
USR00416,10,11,12390.49,1126.408181818182,P2M,0.2727272727272727,0.2727272727272727,18-24,Tier 2,Verified,0.675,9.424765225665542
USR00417,38,15,9450.8,630.0533333333333,P2M,0.3333333333333333,0.3333333333333333,45-54,Tier 2,Verified,0.22,9.153960478539979
USR00418,18,14,14191.02,1013.6442857142857,P2M,0.07142857142857142,0.2857142857142857,35-44,Tier 2,Verified,0.594,9.560435113793012
USR00419,26,12,3416.43,284.7025,P2P,0.16666666666666666,0.4166666666666667,35-44,Tier 2,Not Verified,0.712,8.136644085579258
USR00420,45,5,8473.210000000001,1694.6420000000003,P2P,0.4,0.2,18-24,Tier 2,Verified,0.575,9.044782712564599
USR00421,49,9,7630.219999999999,847.8022222222221,P2P,0.0,0.3333333333333333,18-24,Tier 1,Verified,0.913,8.940003006647355
USR00422,9,7,3792.1,541.7285714285714,Bill Payment,0.14285714285714285,0.2857142857142857,18-24,Tier 2,Verified,0.869,8.240938905696757
USR00423,88,8,10011.13,1251.39125,Bill Payment,0.375,0.375,25-34,Tier 2,Verified,0.54,9.211552636886065
USR00424,82,8,3915.79,489.47375,P2P,0.25,0.375,25-34,Tier 1,Verified,0.562,8.273027719770118
USR00425,26,8,9183.09,1147.88625,P2M,0.375,0.5,45-54,Tier 1,Verified,0.826,9.1252279181629
USR00426,14,10,5794.62,579.462,P2M,0.2,0.2,18-24,Tier 2,Verified,0.771,8.664857738834394
USR00427,9,11,34326.37569999995,3120.579609090905,P2P,0.45454545454545453,0.36363636363636365,18-24,Tier 1,Verified,0.157,10.44369844018578
USR00428,19,9,5231.07,581.23,P2M,0.2222222222222222,0.1111111111111111,18-24,Tier 1,Not Verified,0.468,8.562562272252427
USR00429,70,8,4579.77,572.47125,P2M,0.25,0.125,35-44,Tier 2,Verified,0.902,8.429622385248008
USR00430,8,7,932.71,133.24428571428572,P2P,0.42857142857142855,0.2857142857142857,35-44,Tier 3,Verified,0.714,6.8391658975107115
USR00431,29,10,4600.3,460.03000000000003,P2M,0.4,0.3,18-24,Tier 2,Verified,0.413,8.434094151246523
USR00432,54,15,13151.32,876.7546666666666,P2M,0.2,0.2,35-44,Tier 1,Verified,0.981,9.484353447900213
USR00433,36,16,11493.220000000001,718.3262500000001,P2M,0.3125,0.4375,45-54,Tier 2,Verified,0.517,9.3495995793056
USR00434,18,14,26802.09,1914.435,P2M,0.14285714285714285,0.2857142857142857,25-34,Tier 1,Verified,0.307,10.196272458360049
USR00435,48,10,9800.279999999999,980.0279999999999,P2P,0.5,0.4,25-34,Tier 2,Verified,0.888,9.190268268374524
USR00436,36,14,5897.99,421.28499999999997,P2M,0.2857142857142857,0.35714285714285715,25-34,Tier 3,Verified,0.943,8.682536428799061
USR00437,15,13,9656.68,742.8215384615385,P2M,0.07692307692307693,0.5384615384615384,18-24,Tier 3,Verified,0.635,9.17550873273071
USR00438,148,11,6435.4800000000005,585.0436363636364,Recharge,0.18181818181818182,0.2727272727272727,35-44,Tier 1,Verified,0.462,8.769737085816061
USR00439,46,4,1120.12,280.03,Bill Payment,0.25,0.25,25-34,Tier 2,Verified,0.994,7.022083464622224
USR00440,4,4,968.97,242.2425,Recharge,0.25,0.25,35-44,Tier 2,Verified,0.638,6.877265143184101
USR00441,2,13,7056.780000000001,542.8292307692308,P2M,0.5384615384615384,0.46153846153846156,35-44,Tier 3,Verified,0.229,8.861885833446209
USR00442,10,13,13812.47,1062.4976923076922,EMI,0.38461538461538464,0.3076923076923077,18-24,Tier 2,Verified,0.155,9.533399482038705
USR00443,5,9,9995.61,1110.6233333333334,P2P,0.0,0.2222222222222222,35-44,Tier 3,Not Verified,0.484,9.210001314502694
USR00444,7,15,7893.2,526.2133333333334,Bill Payment,0.3333333333333333,0.4,35-44,Tier 2,Verified,0.387,8.973883591599847
USR00445,35,12,10591.210000000001,882.6008333333334,P2M,0.25,0.0,25-34,Tier 1,Verified,0.779,9.267874104264239
USR00446,20,13,24435.285699999957,1879.6373615384582,P2M,0.15384615384615385,0.3076923076923077,35-44,Tier 1,Verified,0.23,10.103824425467554
USR00447,9,12,20551.77569999996,1712.6479749999964,P2P,0.16666666666666666,0.25,25-34,Tier 2,Not Verified,0.475,9.930751281362783
USR00448,1,12,4566.47,380.5391666666667,P2P,0.08333333333333333,0.16666666666666666,18-24,Tier 2,Verified,0.397,8.426714720086093
USR00449,29,6,6339.13,1056.5216666666668,P2M,0.3333333333333333,0.3333333333333333,18-24,Tier 3,Verified,0.752,8.754654551952914
USR00450,152,4,1421.46,355.365,EMI,0.0,0.0,18-24,Tier 1,Not Verified,0.643,7.260143046097217
USR00451,53,9,6311.66,701.2955555555556,P2P,0.2222222222222222,0.5555555555555556,45-54,Tier 1,Not Verified,0.603,8.750312419797051
USR00452,39,9,5506.12,611.7911111111111,P2P,0.0,0.0,25-34,Tier 3,Verified,0.918,8.613797079473594
USR00453,108,7,5595.98,799.4257142857142,P2P,0.42857142857142855,0.0,18-24,Tier 1,Verified,0.779,8.629982445542113
USR00454,39,6,6995.68,1165.9466666666667,P2M,0.0,0.0,25-34,Tier 2,Verified,0.315,8.85319102981412
USR00455,90,2,517.0600000000001,258.53000000000003,P2P,0.0,1.0,35-44,Tier 3,Verified,0.684,6.250091065667523
USR00456,46,17,17828.27,1048.7217647058824,P2M,0.29411764705882354,0.23529411764705882,35-44,Tier 3,Verified,0.519,9.788596767786837
USR00457,79,9,3791.74,421.3044444444444,P2M,0.3333333333333333,0.4444444444444444,45-54,Tier 3,Verified,0.388,8.240843992015407
USR00458,29,12,7864.55,655.3791666666667,P2P,0.25,0.5,35-44,Tier 2,Verified,0.878,8.970247743117316
USR00459,17,9,2298.83,255.42555555555555,Bill Payment,0.3333333333333333,0.1111111111111111,25-34,Tier 2,Not Verified,0.626,7.740590486142059
USR00460,18,10,11486.39,1148.639,P2M,0.5,0.4,25-34,Tier 2,Verified,0.307,9.349005190992417
USR00461,112,4,10941.310000000001,2735.3275000000003,EMI,0.0,0.5,35-44,Tier 2,Verified,0.949,9.300392205423329
USR00462,104,8,2192.16,274.02,Recharge,0.375,0.375,55+,Tier 3,Verified,0.678,7.693098705172804
USR00463,14,11,25801.501399999914,2345.5910363636285,P2M,0.18181818181818182,0.45454545454545453,45-54,Tier 1,Verified,0.748,10.158226719698392
USR00464,15,17,22885.921399999916,1346.2306705882304,P2M,0.5294117647058824,0.17647058823529413,18-24,Tier 2,Verified,0.962,10.038320908488446
USR00465,15,12,14478.98,1206.5816666666667,P2M,0.4166666666666667,0.5833333333333334,35-44,Tier 1,Verified,0.471,9.580522284723283
USR00466,11,13,7041.63,541.6638461538462,Bill Payment,0.38461538461538464,0.15384615384615385,25-34,Tier 1,Verified,0.108,8.859736958934079
USR00467,2,16,11375.720000000001,710.9825000000001,P2M,0.1875,0.375,25-34,Tier 1,Verified,0.7,9.339324441179462
USR00468,75,7,3923.97,560.5671428571428,P2M,0.2857142857142857,0.0,25-34,Tier 1,Verified,0.579,8.275113986875196
USR00469,15,6,5298.35,883.0583333333334,EMI,0.16666666666666666,0.5,35-44,Tier 1,Verified,0.582,8.575339450509695
USR00470,14,10,6235.93,623.5930000000001,P2P,0.2,0.4,25-34,Tier 2,Verified,0.919,8.738243353118584
USR00471,8,9,10921.74,1213.5266666666666,P2P,0.3333333333333333,0.3333333333333333,35-44,Tier 1,Verified,0.273,9.29860213357572
USR00472,8,12,3613.71,301.1425,P2M,0.6666666666666666,0.5833333333333334,18-24,Tier 3,Verified,0.457,8.192766910074827
USR00473,9,13,5600.42,430.8015384615385,P2M,0.3076923076923077,0.3076923076923077,45-54,Tier 3,Verified,0.991,8.630775416008012
USR00474,45,5,4824.38,964.876,P2M,0.4,0.6,18-24,Tier 2,Verified,0.872,8.481644767148643
USR00475,18,10,1258.95,125.89500000000001,P2P,0.2,0.3,45-54,Tier 2,Verified,0.597,7.138827316618468
USR00476,43,13,23549.28,1811.4830769230769,P2M,0.38461538461538464,0.5384615384615384,55+,Tier 1,Verified,0.861,10.066892988970485
USR00477,8,10,10380.41,1038.041,P2P,0.2,0.0,25-34,Tier 1,Verified,0.976,9.247771985645002
USR00478,11,10,12049.97,1204.9969999999998,P2P,0.3,0.5,18-24,Tier 1,Verified,0.881,9.396900433604328
USR00479,45,11,18042.665699999958,1640.2423363636326,P2M,0.36363636363636365,0.45454545454545453,18-24,Tier 2,Verified,0.167,9.800549971422498
USR00480,54,12,9495.8,791.3166666666666,P2P,0.25,0.5,35-44,Tier 3,Verified,0.13,9.158710178739325
USR00481,68,11,11972.82,1088.4381818181819,EMI,0.0,0.5454545454545454,25-34,Tier 1,Verified,0.628,9.390477878801738
USR00482,11,11,5385.96,489.63272727272727,P2M,0.36363636363636365,0.2727272727272727,25-34,Tier 1,Verified,0.608,8.591736497369878
USR00483,2,4,4336.7,1084.175,P2M,0.5,0.5,18-24,Tier 1,Verified,0.78,8.37509953270219
USR00484,6,4,11936.685699999958,2984.1714249999895,Recharge,0.25,0.25,25-34,Tier 1,Verified,0.411,9.387455540688931
USR00485,54,9,8510.15,945.5722222222222,P2M,0.4444444444444444,0.4444444444444444,18-24,Tier 1,Verified,0.792,9.049132347572625
USR00486,85,8,16312.675699999958,2039.0844624999947,P2M,0.0,0.25,18-24,Tier 2,Verified,0.346,9.699759035031091
USR00487,13,7,4692.19,670.3128571428571,P2P,0.14285714285714285,0.42857142857142855,25-34,Tier 1,Verified,0.947,8.453867800804847
USR00488,13,15,15465.67,1031.0446666666667,P2M,0.26666666666666666,0.5333333333333333,35-44,Tier 2,Verified,0.177,9.646442665063455
USR00489,1,12,9295.64,774.6366666666667,P2P,0.5,0.3333333333333333,25-34,Tier 2,Not Verified,0.174,9.137408323537693
USR00490,76,10,9717.7,971.7700000000001,P2P,0.0,0.3,35-44,Tier 2,Verified,0.385,9.181807143653877
USR00491,35,6,5128.139999999999,854.6899999999999,P2M,0.3333333333333333,0.16666666666666666,25-34,Tier 3,Verified,0.785,8.542693282785901
USR00492,136,7,6858.41,979.7728571428571,Bill Payment,0.42857142857142855,0.42857142857142855,35-44,Tier 3,Verified,0.601,8.833376711190313
USR00493,16,14,5558.07,397.005,Bill Payment,0.21428571428571427,0.42857142857142855,18-24,Tier 1,Verified,0.599,8.62318610706703
USR00494,85,7,2772.27,396.0385714285714,P2M,0.0,0.42857142857142855,25-34,Tier 1,Not Verified,0.472,7.927782408347925
USR00495,93,7,4119.4,588.4857142857143,P2M,0.42857142857142855,0.42857142857142855,25-34,Tier 2,Verified,0.98,8.323705525009538
USR00496,10,7,12620.13,1802.8757142857141,EMI,0.42857142857142855,0.14285714285714285,45-54,Tier 2,Verified,0.342,9.443127672498745
USR00497,62,9,4971.389999999999,552.3766666666666,P2P,0.3333333333333333,0.3333333333333333,45-54,Tier 3,Verified,0.348,8.511655888814259
USR00498,112,9,8829.75,981.0833333333334,P2M,0.3333333333333333,0.4444444444444444,25-34,Tier 1,Verified,0.322,9.085995227703346
USR00499,33,12,7074.35,589.5291666666667,P2M,0.08333333333333333,0.25,25-34,Tier 2,Verified,0.222,8.864372191252505
USR00500,3,15,7235.5,482.3666666666667,P2M,0.4,0.3333333333333333,25-34,Tier 3,Verified,0.442,8.88689294307766
USR00501,3,16,11250.85,703.178125,P2P,0.3125,0.4375,45-54,Tier 2,Verified,0.841,9.328287838557506
USR00502,43,9,11719.07,1302.118888888889,P2P,0.3333333333333333,0.4444444444444444,18-24,Tier 2,Not Verified,0.643,9.369058035809413
USR00503,4,10,10620.49,1062.049,Bill Payment,0.1,0.3,18-24,Tier 2,Verified,0.458,9.270634586272887
USR00504,36,5,824.98,164.996,Bill Payment,0.4,0.8,25-34,Tier 3,Not Verified,0.804,6.7165705601527765
USR00505,2,20,20196.63,1009.8315,P2M,0.15,0.4,25-34,Tier 2,Verified,0.939,9.913320549773303
USR00506,85,8,1289.1599999999999,161.14499999999998,P2M,0.125,0.5,45-54,Tier 3,Verified,0.595,7.16252152067226
USR00507,1,13,20612.760000000002,1585.5969230769233,P2P,0.23076923076923078,0.3076923076923077,18-24,Tier 1,Verified,0.362,9.933714092955954
USR00508,6,19,5790.6,304.7684210526316,P2M,0.3684210526315789,0.2631578947368421,45-54,Tier 3,Verified,0.225,8.664163870907267
USR00509,145,7,1571.93,224.5614285714286,Bill Payment,0.14285714285714285,0.2857142857142857,35-44,Tier 3,Verified,0.81,7.360695401114489
USR00510,14,12,5881.04,490.08666666666664,P2P,0.4166666666666667,0.0,55+,Tier 2,Verified,0.581,8.679658919498841
USR00511,5,16,8058.34,503.64625,Bill Payment,0.25,0.25,55+,Tier 2,Verified,0.812,8.994586946291765
USR00512,92,9,2815.08,312.78666666666663,P2P,0.1111111111111111,0.4444444444444444,45-54,Tier 3,Verified,0.923,7.9431011259653115
USR00513,13,10,6101.68,610.168,P2P,0.4,0.2,35-44,Tier 2,Verified,0.651,8.716483297940266
USR00514,82,5,3232.56,646.512,P2M,0.2,0.4,18-24,Tier 3,Verified,0.398,8.08133897645904
USR00515,134,5,5691.58,1138.316,Recharge,0.0,0.6,25-34,Tier 3,Not Verified,0.3,8.646918851418414
USR00516,50,9,15045.885699999957,1671.765077777773,Bill Payment,0.1111111111111111,0.2222222222222222,35-44,Tier 2,Verified,0.299,9.618926318531447
USR00517,20,17,10938.16,643.4211764705882,P2P,0.35294117647058826,0.5294117647058824,45-54,Tier 2,Verified,0.236,9.300104290578323
USR00518,33,10,5967.64,596.764,P2P,0.4,0.6,25-34,Tier 2,Verified,0.928,8.694274374739846
USR00519,75,4,2476.3599999999997,619.0899999999999,EMI,0.5,0.5,55+,Tier 1,Not Verified,0.51,7.814948756030279
USR00520,40,7,4646.87,663.8385714285714,P2M,0.14285714285714285,0.42857142857142855,55+,Tier 3,Verified,0.494,8.444164329121675
USR00521,42,6,2748.5299999999997,458.0883333333333,Bill Payment,0.16666666666666666,0.5,35-44,Tier 2,Verified,0.829,7.919185266963085
USR00522,32,6,2047.6499999999999,341.275,Bill Payment,0.5,0.3333333333333333,25-34,Tier 2,Verified,0.709,7.624936318616628
USR00523,28,7,8350.21,1192.8871428571426,P2M,0.0,0.7142857142857143,25-34,Tier 1,Verified,0.244,9.030161717526076
USR00524,2,16,4940.65,308.790625,Bill Payment,0.3125,0.25,55+,Tier 3,Verified,0.667,8.505454562510847
USR00525,34,12,11409.17,950.7641666666667,P2M,0.0,0.4166666666666667,18-24,Tier 1,Verified,0.653,9.342260341956347
USR00526,36,12,11227.68,935.64,P2M,0.25,0.25,25-34,Tier 3,Verified,0.734,9.326226498526434
USR00527,49,14,22395.75,1599.6964285714287,P2M,0.14285714285714285,0.35714285714285715,35-44,Tier 1,Verified,0.885,10.016671138030949
USR00528,30,5,1919.84,383.96799999999996,P2M,0.6,0.0,45-54,Tier 2,Verified,0.336,7.560517869346606
USR00529,18,6,3018.42,503.07,EMI,0.3333333333333333,0.0,25-34,Tier 1,Verified,0.453,8.012820038944248
USR00530,34,9,6751.38,750.1533333333333,Bill Payment,0.2222222222222222,0.4444444444444444,25-34,Tier 2,Verified,0.832,8.817650314313008
USR00531,89,12,2650.2599999999998,220.855,P2M,0.16666666666666666,0.3333333333333333,18-24,Tier 3,Verified,0.221,7.882790277677531
USR00532,53,4,4897.85,1224.4625,Bill Payment,0.25,0.0,18-24,Tier 1,Verified,0.724,8.49675576267625
USR00533,38,6,808.87,134.81166666666667,EMI,0.16666666666666666,0.16666666666666666,45-54,Tier 3,Verified,0.445,6.696873740958812
USR00534,37,11,5113.77,464.88818181818186,P2M,0.5454545454545454,0.5454545454545454,35-44,Tier 3,Verified,0.681,8.539887711587834
USR00535,7,13,22858.125699999957,1758.3173615384583,Bill Payment,0.15384615384615385,0.3076923076923077,25-34,Tier 2,Verified,0.226,10.037105690773139
USR00536,135,7,2302.13,328.8757142857143,P2M,0.5714285714285714,0.42857142857142855,25-34,Tier 1,Verified,0.957,7.7420243463387095
USR00537,17,11,5778.3,525.3000000000001,Bill Payment,0.18181818181818182,0.45454545454545453,18-24,Tier 3,Not Verified,0.555,8.66203784706591
USR00538,1,8,5845.84,730.73,P2M,0.125,0.375,45-54,Tier 1,Verified,0.499,8.67365662334085
USR00539,6,11,7044.01,640.3645454545455,P2M,0.2727272727272727,0.2727272727272727,18-24,Tier 3,Verified,0.298,8.86007484377819
USR00540,7,9,3213.17,357.0188888888889,P2M,0.3333333333333333,0.2222222222222222,35-44,Tier 2,Verified,0.803,8.075324438489183
USR00541,1,10,9110.14,911.0139999999999,P2M,0.3,0.4,25-34,Tier 2,Verified,0.202,9.117253119636851
USR00542,16,6,4978.51,829.7516666666667,P2P,0.16666666666666666,0.16666666666666666,45-54,Tier 2,Verified,0.43,8.513086771603437
USR00543,38,8,9690.89,1211.36125,P2M,0.25,0.125,25-34,Tier 1,Verified,0.991,9.179044732305357
USR00544,13,9,2548.19,283.13222222222225,P2M,0.3333333333333333,0.2222222222222222,25-34,Tier 2,Verified,0.999,7.843530940633135
USR00545,103,7,5579.91,797.13,P2M,0.0,0.42857142857142855,35-44,Tier 3,Verified,0.995,8.627107124516138
USR00546,16,15,10367.72,691.1813333333333,P2M,0.4,0.6,45-54,Tier 1,Verified,0.629,9.246548860625346
USR00547,76,7,9991.17,1427.31,Bill Payment,0.42857142857142855,0.14285714285714285,45-54,Tier 2,Verified,0.225,9.209557065271573
USR00548,19,12,27318.175699999956,2276.514641666663,Bill Payment,0.0,0.25,25-34,Tier 1,Verified,0.579,10.2153441411944
USR00549,10,8,14800.3,1850.0375,P2M,0.25,0.25,25-34,Tier 2,Verified,0.363,9.602470293732527
USR00550,92,6,949.21,158.20166666666668,P2M,0.3333333333333333,0.16666666666666666,45-54,Tier 3,Verified,0.711,6.856683012797633
USR00551,48,10,4546.34,454.634,P2M,0.6,0.1,18-24,Tier 1,Verified,0.88,8.422297725606175
USR00552,61,5,939.9499999999999,187.98999999999998,P2M,0.0,0.2,55+,Tier 3,Verified,0.74,6.846890003210862
USR00553,15,12,8157.34,679.7783333333333,P2P,0.16666666666666666,0.4166666666666667,25-34,Tier 2,Verified,0.62,9.006795995890636
USR00554,151,4,2437.68,609.42,P2M,0.0,0.5,25-34,Tier 3,Verified,0.67,7.799212188296262
USR00555,18,10,6767.63,676.763,P2M,0.2,0.2,35-44,Tier 2,Verified,0.35,8.820053982060292
USR00556,63,7,4179.1,597.0142857142857,P2P,0.14285714285714285,0.2857142857142857,35-44,Tier 2,Verified,0.395,8.338090448677617
USR00557,1,18,5415.57,300.865,P2P,0.1111111111111111,0.3888888888888889,18-24,Tier 2,Verified,0.513,8.597218052776682
USR00558,36,7,4580.55,654.3642857142858,P2M,0.0,0.42857142857142855,18-24,Tier 1,Not Verified,0.458,8.429792647802008
USR00559,97,8,28754.63279999983,3594.3290999999786,P2P,0.125,0.375,18-24,Tier 1,Verified,0.846,10.266588950513253
USR00560,20,6,3785.9399999999996,630.9899999999999,P2P,0.5,0.3333333333333333,18-24,Tier 3,Verified,0.537,8.23931358410055
USR00561,18,10,9051.01,905.101,P2M,0.2,0.3,35-44,Tier 3,Verified,0.664,9.110742111481054
USR00562,10,13,11104.59,854.1992307692308,P2M,0.5384615384615384,0.3076923076923077,35-44,Tier 1,Verified,0.242,9.315203864138292
USR00563,62,9,3620.46,402.2733333333333,P2M,0.2222222222222222,0.4444444444444444,35-44,Tier 1,Verified,0.918,8.194632538427344
USR00564,12,12,5594.45,466.20416666666665,P2P,0.4166666666666667,0.5833333333333334,25-34,Tier 2,Not Verified,0.889,8.629709046466214
USR00565,6,13,7589.65,583.8192307692308,P2M,0.23076923076923078,0.38461538461538464,18-24,Tier 2,Verified,0.698,8.934672505721549
USR00566,6,14,3693.45,263.8178571428571,Bill Payment,0.14285714285714285,0.35714285714285715,25-34,Tier 2,Verified,0.753,8.214586972506048
USR00567,11,9,5719.47,635.4966666666667,EMI,0.1111111111111111,0.4444444444444444,18-24,Tier 2,Verified,0.101,8.65180624883042
USR00568,20,16,4727.61,295.475625,P2P,0.375,0.5,35-44,Tier 2,Verified,0.712,8.46138656937627
USR00569,128,3,1273.58,424.52666666666664,EMI,1.0,0.3333333333333333,35-44,Tier 1,Verified,0.48,7.150371991559847
USR00570,32,8,6767.389999999999,845.9237499999999,P2M,0.375,0.25,25-34,Tier 2,Verified,0.758,8.820018523739328
USR00571,29,14,4037.45,288.3892857142857,P2M,0.14285714285714285,0.21428571428571427,25-34,Tier 2,Verified,0.223,8.303616233971239
USR00572,102,10,3292.5400000000004,329.254,P2P,0.3,0.1,35-44,Tier 3,Verified,0.709,8.099718253141353
USR00573,80,5,3380.33,676.066,Bill Payment,0.2,0.6,55+,Tier 1,Verified,0.75,8.126024402203996
USR00574,21,11,30971.635699999955,2815.6032454545416,P2M,0.18181818181818182,0.18181818181818182,35-44,Tier 2,Not Verified,0.498,10.340859374286293
USR00575,43,17,21788.08,1281.6517647058824,P2M,0.4117647058823529,0.29411764705882354,55+,Tier 1,Verified,0.631,9.98916420584494
USR00576,146,7,5540.21,791.4585714285714,P2M,0.14285714285714285,0.0,25-34,Tier 2,Verified,0.323,8.619968167445345
USR00577,3,13,12643.48,972.5753846153846,P2P,0.38461538461538464,0.46153846153846156,18-24,Tier 2,Verified,0.749,9.444976035284986
USR00578,58,6,15158.84,2526.4733333333334,P2P,0.5,0.5,45-54,Tier 2,Verified,0.693,9.626405105050958
USR00579,41,12,22703.735699999957,1891.9779749999964,P2M,0.25,0.5,35-44,Tier 2,Verified,0.453,10.030328802856502
USR00580,31,15,5702.35,380.1566666666667,Bill Payment,0.4,0.4,35-44,Tier 2,Verified,0.201,8.64880900048154
USR00581,35,12,11498.64,958.2199999999999,P2M,0.25,0.08333333333333333,18-24,Tier 1,Verified,0.111,9.350071009513524
USR00582,1,14,4786.91,341.92214285714283,P2M,0.07142857142857142,0.5,25-34,Tier 2,Verified,0.855,8.473849269508717
USR00583,20,8,4372.79,546.59875,P2M,0.25,0.25,25-34,Tier 2,Not Verified,0.959,8.383385189110212
USR00584,2,7,9299.5,1328.5,P2M,0.5714285714285714,0.2857142857142857,18-24,Tier 1,Verified,0.336,9.137823441137005
USR00585,6,7,6340.75,905.8214285714286,P2M,0.2857142857142857,0.0,18-24,Tier 1,Verified,0.666,8.754910034579908
USR00586,9,14,2874.63,205.3307142857143,P2M,0.21428571428571427,0.35714285714285715,55+,Tier 2,Verified,0.174,7.964027059660666
USR00587,22,8,4655.0599999999995,581.8824999999999,P2M,0.125,0.375,35-44,Tier 2,Verified,0.379,8.445924875926181
USR00588,42,13,13227.22,1017.4784615384615,P2M,0.07692307692307693,0.3076923076923077,18-24,Tier 1,Not Verified,0.452,9.490107705351349
USR00589,12,11,23982.05,2180.1863636363637,P2M,0.5454545454545454,0.18181818181818182,18-24,Tier 1,Verified,0.757,10.085102609818065
USR00590,10,10,1716.69,171.669,P2M,0.1,0.5,18-24,Tier 3,Verified,0.491,7.448735643887662
USR00591,17,6,513.53,85.58833333333332,P2M,0.3333333333333333,0.3333333333333333,45-54,Tier 3,Verified,0.768,6.243253862612099
USR00592,68,18,1917.3,106.51666666666667,P2M,0.2222222222222222,0.2777777777777778,25-34,Tier 3,Verified,0.731,7.559194656142292
USR00593,45,14,2668.71,190.62214285714285,P2P,0.5,0.21428571428571427,18-24,Tier 3,Verified,0.84,7.889725131263132
USR00594,91,11,20104.63,1827.6936363636364,P2M,0.2727272727272727,0.18181818181818182,55+,Tier 2,Verified,0.886,9.908755154329112
USR00595,26,8,1630.6399999999999,203.82999999999998,P2M,0.375,0.25,45-54,Tier 3,Not Verified,0.486,7.397340922955595
USR00596,21,15,4404.63,293.642,P2M,0.3333333333333333,0.4666666666666667,35-44,Tier 2,Verified,0.547,8.39063854744025
USR00597,16,14,9810.08,700.72,P2P,0.2857142857142857,0.5714285714285714,35-44,Tier 1,Verified,0.25,9.191267638242877
USR00598,28,9,19906.971399999915,2211.8857111111015,P2P,0.3333333333333333,0.1111111111111111,25-34,Tier 2,Verified,0.707,9.89887550336901
USR00599,28,11,12410.439999999999,1128.221818181818,P2M,0.09090909090909091,0.36363636363636365,25-34,Tier 1,Verified,0.111,9.426373906922338
USR00600,19,7,7850.89,1121.5557142857144,P2M,0.5714285714285714,0.2857142857142857,35-44,Tier 1,Verified,0.261,8.968509546128583
USR00601,23,12,3836.45,319.70416666666665,P2P,0.5833333333333334,0.5833333333333334,35-44,Tier 1,Verified,0.743,8.252563362494609
USR00602,34,10,21495.09,2149.509,Bill Payment,0.4,0.4,45-54,Tier 1,Verified,0.924,9.975626337112018
USR00603,12,10,5172.87,517.287,Bill Payment,0.2,0.3,45-54,Tier 2,Verified,0.207,8.551376236802179
USR00604,38,8,4180.86,522.6075,P2M,0.25,0.625,25-34,Tier 1,Verified,0.564,8.338511402622862
USR00605,99,13,7010.82,539.2938461538462,Bill Payment,0.3076923076923077,0.46153846153846156,25-34,Tier 1,Verified,0.879,8.855352575432118
USR00606,100,10,2196.14,219.61399999999998,P2P,0.2,0.3,35-44,Tier 2,Verified,0.511,7.694911793613359
USR00607,12,12,4664.09,388.6741666666667,P2M,0.16666666666666666,0.3333333333333333,55+,Tier 3,Verified,0.766,8.447862405699846
USR00608,56,9,2470.24,274.4711111111111,P2P,0.0,0.3333333333333333,25-34,Tier 3,Verified,0.998,7.812475327941485
USR00609,1,16,6023.27,376.454375,P2P,0.125,0.125,25-34,Tier 3,Verified,0.321,8.703551589192443
USR00610,47,7,2926.4700000000003,418.06714285714287,P2M,0.14285714285714285,0.5714285714285714,35-44,Tier 3,Not Verified,0.412,7.981893847767785
USR00611,13,11,3731.25,339.20454545454544,Bill Payment,0.09090909090909091,0.5454545454545454,18-24,Tier 2,Verified,0.101,8.224766547933699
USR00612,17,13,10062.41,774.0315384615385,Bill Payment,0.15384615384615385,0.23076923076923078,25-34,Tier 1,Verified,0.985,9.216661352420449
USR00613,6,9,2279.1,253.23333333333332,P2M,0.2222222222222222,0.0,45-54,Tier 3,Verified,0.184,7.731974580635803
USR00614,71,8,4371.63,546.45375,P2P,0.5,0.375,25-34,Tier 1,Verified,0.773,8.383119937725805
USR00615,149,6,2227.95,371.325,Bill Payment,0.16666666666666666,0.6666666666666666,35-44,Tier 3,Verified,0.455,7.709285901550607
USR00616,16,5,2918.76,583.7520000000001,P2M,0.2,0.0,35-44,Tier 2,Verified,0.218,7.979256700103576
USR00617,59,12,22747.8,1895.6499999999999,P2M,0.25,0.5,55+,Tier 1,Verified,0.762,10.032267675735165
USR00618,2,10,15885.65,1588.565,P2P,0.5,0.3,45-54,Tier 1,Verified,0.282,9.673234412886297
USR00619,7,11,12001.22,1091.02,P2M,0.45454545454545453,0.36363636363636365,18-24,Tier 3,Verified,0.248,9.392846911659747
USR00620,10,9,3781.0,420.1111111111111,P2M,0.7777777777777778,0.4444444444444444,45-54,Tier 1,Verified,0.968,8.238008249218403
USR00621,17,10,12262.42,1226.242,P2M,0.2,0.6,45-54,Tier 2,Verified,0.208,9.414376126543548
USR00622,59,11,5672.36,515.6690909090909,P2M,0.36363636363636365,0.2727272727272727,25-34,Tier 2,Not Verified,0.727,8.643536813800734
USR00623,25,7,10933.715699999957,1561.9593857142795,P2M,0.0,0.2857142857142857,55+,Tier 1,Verified,0.323,9.299697933687376
USR00624,24,8,8893.34,1111.6675,P2M,0.375,0.0,35-44,Tier 1,Verified,0.992,9.09317039835886
USR00625,130,4,5703.64,1425.91,P2M,0.0,0.5,25-34,Tier 1,Verified,0.595,8.649035157763496
USR00626,21,17,14846.64,873.3317647058823,P2M,0.17647058823529413,0.29411764705882354,25-34,Tier 3,Verified,0.156,9.605596209042394
USR00627,31,10,18912.97,1891.297,P2M,0.6,0.2,18-24,Tier 3,Verified,0.461,9.847656081447521
USR00628,9,12,4011.57,334.2975,P2M,0.5,0.25,25-34,Tier 3,Verified,0.333,8.297187212768966
USR00629,55,9,16103.52,1789.28,P2P,0.2222222222222222,0.1111111111111111,25-34,Tier 1,Verified,0.681,9.68685525691257
USR00630,13,7,4645.34,663.62,P2M,0.14285714285714285,0.2857142857142857,35-44,Tier 1,Not Verified,0.948,8.443835091883905
USR00631,38,8,2965.1,370.6375,Bill Payment,0.25,0.25,35-44,Tier 2,Verified,0.752,7.995003237571197
USR00632,72,12,10066.89,838.9074999999999,P2M,0.6666666666666666,0.08333333333333333,35-44,Tier 2,Verified,0.293,9.217106430490317
USR00633,62,9,1782.62,198.06888888888886,P2P,0.4444444444444444,0.2222222222222222,25-34,Tier 3,Verified,0.131,7.4864002859669725
USR00634,51,15,9739.779999999999,649.3186666666666,P2M,0.3333333333333333,0.13333333333333333,25-34,Tier 2,Verified,0.895,9.184076475565702
USR00635,8,8,2834.87,354.35875,P2M,0.125,0.375,25-34,Tier 1,Verified,0.477,7.950104047391214
USR00636,31,8,3528.57,441.07125,P2M,0.375,0.5,45-54,Tier 2,Not Verified,0.995,8.16893132947637
USR00637,44,8,5590.87,698.85875,P2P,0.375,0.25,25-34,Tier 1,Verified,0.423,8.629069036146996
USR00638,32,3,3387.85,1129.2833333333333,EMI,0.0,0.3333333333333333,18-24,Tier 2,Verified,0.552,8.128245909783605
USR00639,7,9,10866.13,1207.3477777777778,P2M,0.5555555555555556,0.3333333333333333,45-54,Tier 1,Verified,0.297,9.293497915814523
USR00640,48,5,732.86,146.572,P2M,0.2,0.6,45-54,Tier 3,Verified,0.992,6.598318274727327
USR00641,66,8,4566.08,570.76,P2M,0.625,0.25,18-24,Tier 2,Verified,0.977,8.426629330001143
USR00642,8,13,6634.33,510.33307692307693,P2M,0.15384615384615385,0.3076923076923077,35-44,Tier 2,Verified,0.835,8.800163681776676
USR00643,2,15,14498.59,966.5726666666667,P2M,0.26666666666666666,0.3333333333333333,25-34,Tier 1,Not Verified,0.984,9.581875652146827
USR00644,60,15,13734.99,915.6659999999999,P2M,0.06666666666666667,0.4,55+,Tier 2,Verified,0.633,9.52777467456307
USR00645,10,12,2715.43,226.28583333333333,P2M,0.25,0.25,25-34,Tier 3,Verified,0.125,7.907073797207513
USR00646,25,8,3358.4500000000003,419.80625000000003,P2P,0.25,0.25,35-44,Tier 3,Verified,0.954,8.119532549082312
USR00647,3,8,9983.970000000001,1247.9962500000001,P2P,0.5,0.625,18-24,Tier 2,Verified,0.258,9.208836241338641
USR00648,28,10,15620.54,1562.054,P2M,0.4,0.4,25-34,Tier 1,Verified,0.118,9.656406010083145
USR00649,5,11,13968.96,1269.9054545454544,P2M,0.36363636363636365,0.2727272727272727,25-34,Tier 1,Verified,0.407,9.544664588968454
USR00650,47,8,4901.5599999999995,612.6949999999999,Recharge,0.125,1.0,25-34,Tier 2,Verified,0.233,8.497512796649358
USR00651,13,7,8967.960000000001,1281.137142857143,P2M,0.2857142857142857,0.2857142857142857,25-34,Tier 1,Verified,0.875,9.10152500630206
USR00652,60,11,36601.29709999987,3327.390645454534,P2P,0.18181818181818182,0.36363636363636365,55+,Tier 1,Verified,0.403,10.507866279715065
USR00653,32,6,4078.91,679.8183333333333,P2M,0.16666666666666666,0.3333333333333333,18-24,Tier 2,Verified,0.965,8.313830208331378
USR00654,31,9,10089.08,1121.0088888888888,P2P,0.4444444444444444,0.4444444444444444,55+,Tier 1,Verified,0.936,9.219308041958444
USR00655,28,13,14981.57,1152.4284615384615,P2P,0.38461538461538464,0.15384615384615385,25-34,Tier 2,Verified,0.441,9.614642804438896
USR00656,8,6,12361.075699999958,2060.179283333326,Bill Payment,0.16666666666666666,0.3333333333333333,25-34,Tier 2,Verified,0.102,9.422388653805061
USR00657,48,14,10487.06,749.0757142857143,P2M,0.14285714285714285,0.35714285714285715,25-34,Tier 1,Verified,0.642,9.25799274625097
USR00658,19,13,7903.48,607.9599999999999,P2M,0.07692307692307693,0.38461538461538464,35-44,Tier 2,Verified,0.194,8.975184966328728
USR00659,31,11,11376.73,1034.2481818181818,Bill Payment,0.6363636363636364,0.36363636363636365,35-44,Tier 2,Verified,0.984,9.339413215023757
USR00660,62,9,7660.030000000001,851.1144444444445,P2M,0.3333333333333333,0.4444444444444444,25-34,Tier 1,Verified,0.339,8.943901718447021
USR00661,18,10,4795.01,479.50100000000003,P2M,0.1,0.3,25-34,Tier 3,Verified,0.197,8.475539601216123
USR00662,71,8,5031.4800000000005,628.9350000000001,Bill Payment,0.5,0.125,18-24,Tier 2,Verified,0.972,8.523668183338142
USR00663,10,11,12316.56,1119.6872727272728,P2M,0.18181818181818182,0.36363636363636365,35-44,Tier 2,Verified,0.438,9.418781165524582
USR00664,80,7,6934.37,990.6242857142857,P2M,0.2857142857142857,0.2857142857142857,18-24,Tier 3,Verified,0.718,8.844389683885217
USR00665,39,12,3620.92,301.74333333333334,P2M,0.3333333333333333,0.4166666666666667,25-34,Tier 3,Verified,0.387,8.194759550954815
USR00666,34,4,2222.82,555.705,EMI,0.0,0.25,18-24,Tier 2,Verified,0.438,7.706981716843241
USR00667,42,12,29096.481399999913,2424.7067833333263,P2M,0.3333333333333333,0.3333333333333333,25-34,Tier 1,Verified,0.652,10.27840689958575
USR00668,53,8,9096.779999999999,1137.0974999999999,P2M,0.0,0.125,55+,Tier 2,Verified,0.248,9.115785706698869
USR00669,10,15,4729.02,315.26800000000003,P2M,0.2,0.26666666666666666,35-44,Tier 2,Verified,0.285,8.46168470980685
USR00670,65,10,1908.4,190.84,P2P,0.6,0.1,35-44,Tier 3,Verified,0.757,7.554544335563933
USR00671,143,9,5375.91,597.3233333333333,P2P,0.3333333333333333,0.5555555555555556,25-34,Tier 2,Verified,0.145,8.589869138711627
USR00672,6,9,10788.99,1198.7766666666666,P2M,0.2222222222222222,0.3333333333333333,25-34,Tier 1,Verified,0.103,9.286374131467692
USR00673,55,8,1353.64,169.205,Bill Payment,0.125,0.375,45-54,Tier 3,Verified,0.187,7.2112910153570855
USR00674,28,9,16984.65,1887.1833333333334,P2P,0.2222222222222222,0.3333333333333333,45-54,Tier 1,Verified,0.204,9.740124148923378
USR00675,38,7,952.5,136.07142857142858,P2P,0.42857142857142855,0.42857142857142855,25-34,Tier 3,Verified,0.339,6.860139425040474
USR00676,90,17,7854.99,462.05823529411765,P2M,0.23529411764705882,0.5294117647058824,45-54,Tier 1,Verified,0.443,8.969031577121068
USR00677,22,12,4393.76,366.1466666666667,P2M,0.0,0.3333333333333333,18-24,Tier 2,Verified,0.337,8.3881682011197
USR00678,4,8,13413.99,1676.74875,P2M,0.625,0.125,25-34,Tier 1,Verified,0.701,9.50412801742523
USR00679,15,16,19077.37,1192.335625,P2M,0.25,0.5,18-24,Tier 2,Verified,0.781,9.856310511583555
USR00680,127,8,8765.92,1095.74,P2M,0.25,0.25,25-34,Tier 2,Verified,0.477,9.07874082641863
USR00681,9,9,36915.07709999987,4101.675233333319,P2M,0.1111111111111111,0.3333333333333333,25-34,Tier 1,Not Verified,0.529,10.516402428908584
USR00682,20,16,9303.14,581.44625,P2P,0.3125,0.4375,25-34,Tier 3,Verified,0.91,9.138214741376778
USR00683,19,6,2901.7200000000003,483.62000000000006,P2M,0.3333333333333333,0.5,55+,Tier 2,Verified,0.781,7.973403507426579
USR00684,93,10,3405.08,340.508,P2P,0.3,0.1,35-44,Tier 3,Not Verified,0.214,8.133317348909214
USR00685,52,5,2014.99,402.998,P2M,0.4,0.6,35-44,Tier 3,Verified,0.84,7.608865668861497
USR00686,9,8,2198.02,274.7525,P2M,0.25,0.25,35-44,Tier 1,Verified,0.923,7.695767085556603
USR00687,27,14,35084.86569999996,2506.0618357142826,P2M,0.2857142857142857,0.21428571428571427,18-24,Tier 1,Verified,0.394,10.465553641744243
USR00688,28,7,8868.41,1266.9157142857143,P2P,0.2857142857142857,0.42857142857142855,25-34,Tier 1,Verified,0.661,9.090363556744077
USR00689,49,11,22381.145699999957,2034.6496090909052,P2P,0.18181818181818182,0.36363636363636365,55+,Tier 1,Verified,0.233,10.016018853052074
USR00690,14,6,6548.42,1091.4033333333334,Bill Payment,0.0,0.16666666666666666,25-34,Tier 1,Verified,0.191,8.787131775090229
USR00691,18,18,7559.2,419.9555555555555,P2M,0.1111111111111111,0.2222222222222222,25-34,Tier 2,Verified,0.338,8.930652923850106
USR00692,172,8,9113.85,1139.23125,P2M,0.375,0.375,55+,Tier 1,Verified,0.463,9.117660230586791
USR00693,30,9,3854.98,428.3311111111111,P2M,0.3333333333333333,0.3333333333333333,35-44,Tier 2,Verified,0.901,8.257380468994993
USR00694,43,7,3494.2200000000003,499.17428571428576,Recharge,0.42857142857142855,0.42857142857142855,25-34,Tier 2,Verified,0.929,8.159151599754066
USR00695,4,5,709.9,141.98,Subscription,0.0,0.2,25-34,Tier 2,Verified,0.373,6.566531772935438
USR00696,6,9,6387.68,709.7422222222223,P2P,0.4444444444444444,0.1111111111111111,18-24,Tier 2,Verified,0.305,8.762282953262535
USR00697,66,15,18055.33,1203.6886666666667,P2M,0.26666666666666666,0.4,35-44,Tier 2,Verified,0.389,9.801251594803553
USR00698,14,9,8773.93,974.8811111111112,P2P,0.2222222222222222,0.3333333333333333,35-44,Tier 3,Verified,0.29,9.079654071094271
USR00699,76,7,9278.77,1325.5385714285715,P2P,0.14285714285714285,0.5714285714285714,45-54,Tier 2,Verified,0.88,9.135592040990348
USR00700,82,9,16587.86,1843.0955555555556,Bill Payment,0.2222222222222222,0.3333333333333333,25-34,Tier 2,Verified,0.739,9.716486664729398
USR00701,5,7,5033.43,719.0614285714286,P2M,0.14285714285714285,0.5714285714285714,35-44,Tier 1,Verified,0.85,8.524055591197035
USR00702,18,9,7818.7699999999995,868.7522222222221,P2M,0.4444444444444444,0.3333333333333333,55+,Tier 1,Verified,0.926,8.964410421342116
USR00703,78,11,6981.5599999999995,634.6872727272727,Bill Payment,0.18181818181818182,0.45454545454545453,35-44,Tier 1,Verified,0.555,8.851170890693261
USR00704,123,7,11146.91,1592.4157142857143,EMI,0.0,0.42857142857142855,35-44,Tier 1,Verified,0.54,9.319007315372264
USR00705,11,9,8592.71,954.7455555555555,P2M,0.1111111111111111,0.3333333333333333,25-34,Tier 2,Not Verified,0.415,9.058785819292694
USR00706,85,5,919.2199999999999,183.844,Bill Payment,0.0,0.2,25-34,Tier 3,Verified,0.72,6.8246127718907434
USR00707,80,7,8508.59,1215.5128571428572,P2M,0.2857142857142857,0.14285714285714285,55+,Tier 2,Verified,0.615,9.048949041793398
USR00708,27,8,3823.73,477.96625,P2M,0.25,0.0,25-34,Tier 2,Verified,0.71,8.249243155533875
USR00709,4,8,8294.789999999999,1036.8487499999999,P2M,0.125,0.375,35-44,Tier 1,Not Verified,0.802,9.023503436184923
USR00710,29,7,1070.73,152.96142857142857,P2M,0.14285714285714285,0.2857142857142857,35-44,Tier 2,Not Verified,0.683,6.977029444235621
USR00711,46,11,13246.279999999999,1204.2072727272725,P2M,0.36363636363636365,0.45454545454545453,55+,Tier 1,Verified,0.825,9.491547527322057
USR00712,53,9,13673.36,1519.2622222222224,P2P,0.1111111111111111,0.3333333333333333,25-34,Tier 2,Not Verified,0.439,9.523277825463731
USR00713,6,13,19908.39,1531.4146153846154,P2P,0.3076923076923077,0.15384615384615385,25-34,Tier 2,Verified,0.709,9.898946758718475
USR00714,23,9,2710.59,301.1766666666667,Bill Payment,0.2222222222222222,0.4444444444444444,35-44,Tier 1,Verified,0.56,7.905290457690444
USR00715,60,11,9720.07,883.6427272727273,EMI,0.18181818181818182,0.2727272727272727,25-34,Tier 2,Verified,0.634,9.182050973700399
USR00716,16,11,24118.28,2192.570909090909,P2M,0.18181818181818182,0.2727272727272727,45-54,Tier 2,Verified,0.403,10.09076679964931
USR00717,99,7,3045.55,435.0785714285715,P2M,0.42857142857142855,0.2857142857142857,45-54,Tier 2,Verified,0.74,8.021765081830251
USR00718,53,11,11359.57,1032.6881818181819,P2M,0.18181818181818182,0.45454545454545453,25-34,Tier 2,Verified,0.789,9.337903867072704
USR00719,1,6,2289.01,381.5016666666667,P2P,0.16666666666666666,0.5,25-34,Tier 1,Verified,0.749,7.736311463350978
USR00720,19,15,4422.73,294.84866666666665,P2M,0.4666666666666667,0.6666666666666666,55+,Tier 1,Verified,0.464,8.394738510598309
USR00721,156,3,1004.27,334.75666666666666,Bill Payment,0.3333333333333333,0.3333333333333333,35-44,Tier 2,Verified,0.409,6.913011441127841
USR00722,19,7,3387.24,483.89142857142855,P2M,0.14285714285714285,0.0,18-24,Tier 2,Verified,0.528,8.128065891515691
USR00723,14,12,36732.057099999874,3061.004758333323,P2M,0.25,0.16666666666666666,18-24,Tier 1,Verified,0.253,10.511432367040861
USR00724,8,11,18766.435699999958,1706.0396090909053,P2M,0.2727272727272727,0.2727272727272727,18-24,Tier 1,Verified,0.215,9.839878503305679
USR00725,57,9,2100.4900000000002,233.3877777777778,EMI,0.3333333333333333,0.5555555555555556,55+,Tier 3,Verified,0.265,7.65040189592802
USR00726,44,8,7757.19,969.64875,P2M,0.375,0.25,45-54,Tier 3,Verified,0.301,8.956504338548173
USR00727,2,13,34006.6,2615.8923076923074,P2M,0.3076923076923077,0.3076923076923077,25-34,Tier 1,Verified,0.627,10.434339308031086
USR00728,44,15,6828.42,455.228,P2M,0.3333333333333333,0.3333333333333333,25-34,Tier 1,Verified,0.671,8.828995029486059
USR00729,55,8,3689.75,461.21875,Bill Payment,0.375,0.125,35-44,Tier 1,Verified,0.55,8.213584968414198
USR00730,5,11,4384.49,398.59,P2P,0.2727272727272727,0.45454545454545453,25-34,Tier 3,Verified,0.149,8.38605664314713
USR00731,14,11,9729.949999999999,884.5409090909089,P2M,0.09090909090909091,0.45454545454545453,18-24,Tier 1,Verified,0.988,9.183066806590721
USR00732,24,13,4227.66,325.20461538461535,P2P,0.23076923076923078,0.3076923076923077,45-54,Tier 3,Verified,0.744,8.349640436983421
USR00733,39,11,21242.521399999914,1931.1383090909012,P2P,0.2727272727272727,0.36363636363636365,35-44,Tier 1,Verified,0.259,9.96380725257452
USR00734,21,10,6522.12,652.212,P2P,0.1,0.5,35-44,Tier 1,Verified,0.785,8.783108068070238
USR00735,52,5,5179.57,1035.914,P2M,0.4,0.4,35-44,Tier 2,Verified,0.787,8.552670367809764
USR00736,101,8,3886.16,485.77,Recharge,0.25,0.0,45-54,Tier 2,Verified,0.463,8.265434092855584
USR00737,4,14,10904.83,778.9164285714286,Bill Payment,0.21428571428571427,0.5,18-24,Tier 1,Verified,0.279,9.297052787614653
USR00738,2,8,1515.94,189.4925,P2M,0.25,0.375,18-24,Tier 2,Verified,0.578,7.324450426819473
USR00739,2,15,19247.02,1283.1346666666666,P2M,0.2,0.2,25-34,Tier 1,Not Verified,0.889,9.865163477282914
USR00740,29,8,10717.2,1339.65,P2M,0.125,0.5,45-54,Tier 1,Verified,0.376,9.279698510078495
USR00741,35,9,2264.81,251.64555555555555,P2M,0.4444444444444444,0.2222222222222222,25-34,Tier 3,Verified,0.51,7.725687589881852
USR00742,79,14,19915.47,1422.5335714285716,P2P,0.2857142857142857,0.5714285714285714,25-34,Tier 1,Verified,0.996,9.899302306599907
USR00743,65,12,11564.880000000001,963.7400000000001,P2P,0.4166666666666667,0.25,55+,Tier 1,Verified,0.248,9.355814663426575
USR00744,35,8,3848.25,481.03125,Bill Payment,0.125,0.375,25-34,Tier 2,Verified,0.302,8.255633603110029
USR00745,59,13,5921.82,455.52461538461534,Bill Payment,0.38461538461538464,0.46153846153846156,45-54,Tier 3,Verified,0.252,8.686567965810115
USR00746,30,11,12532.630000000001,1139.3300000000002,Bill Payment,0.2727272727272727,0.5454545454545454,25-34,Tier 1,Verified,0.33,9.436170710642507
USR00747,21,14,22141.415699999958,1581.52969285714,P2M,0.21428571428571427,0.42857142857142855,45-54,Tier 1,Verified,0.696,10.005250310518308
USR00748,14,12,7672.879999999999,639.4066666666666,P2M,0.16666666666666666,0.4166666666666667,35-44,Tier 1,Verified,0.475,8.94557763346806
USR00749,4,12,7212.99,601.0825,P2P,0.08333333333333333,0.08333333333333333,45-54,Tier 2,Verified,0.238,8.88377747526901
USR00750,67,13,35136.98569999996,2702.8450538461507,P2P,0.23076923076923078,0.3076923076923077,35-44,Tier 1,Verified,0.191,10.4670380379581
USR00751,15,11,6645.11,604.1009090909091,P2M,0.36363636363636365,0.45454545454545453,25-34,Tier 1,Verified,0.194,8.801787000086627
USR00752,23,6,10037.94,1672.99,P2M,0.3333333333333333,0.3333333333333333,18-24,Tier 2,Verified,0.196,9.21422680998276
USR00753,10,11,8684.39,789.4899999999999,P2M,0.5454545454545454,0.2727272727272727,45-54,Tier 2,Verified,0.976,9.069397582675641
USR00754,10,15,14150.01,943.3340000000001,P2M,0.13333333333333333,0.26666666666666666,55+,Tier 1,Verified,0.593,9.557541278615961
USR00755,11,9,9791.61,1087.9566666666667,EMI,0.0,0.5555555555555556,25-34,Tier 1,Not Verified,0.111,9.189383298563442
USR00756,40,13,2916.76,224.36615384615385,P2M,0.23076923076923078,0.23076923076923078,18-24,Tier 3,Verified,0.234,7.978571477585022
USR00757,6,9,5027.73,558.6366666666667,P2M,0.3333333333333333,0.3333333333333333,25-34,Tier 3,Verified,0.191,8.522922746124594
USR00758,21,11,9997.44,908.8581818181818,P2M,0.2727272727272727,0.45454545454545453,25-34,Tier 2,Verified,0.366,9.210184359806917
USR00759,14,13,14327.43,1102.1100000000001,P2M,0.3076923076923077,0.23076923076923078,45-54,Tier 2,Verified,0.867,9.570000954457168
USR00760,22,12,7541.39,628.4491666666667,P2M,0.3333333333333333,0.25,18-24,Tier 1,Verified,0.185,8.928294386903003
USR00761,14,8,3127.86,390.9825,P2M,0.25,0.0,35-44,Tier 1,Verified,0.697,8.04842399993859
USR00762,8,12,5553.7,462.80833333333334,P2P,0.3333333333333333,0.3333333333333333,35-44,Tier 2,Verified,0.341,8.622399695214845
USR00763,77,9,5348.96,594.3288888888889,P2M,0.1111111111111111,0.2222222222222222,55+,Tier 3,Verified,0.461,8.584844363226589
USR00764,28,7,4688.96,669.8514285714285,P2M,0.2857142857142857,0.14285714285714285,25-34,Tier 2,Verified,0.53,8.453179332619307
USR00765,1,18,4761.34,264.5188888888889,P2M,0.5,0.2777777777777778,25-34,Tier 2,Verified,0.727,8.46849442307008
USR00766,8,16,16839.12,1052.445,P2M,0.25,0.375,45-54,Tier 1,Verified,0.632,9.731519413661665
USR00767,9,14,4020.81,287.2007142857143,P2M,0.21428571428571427,0.2857142857142857,35-44,Tier 2,Verified,0.442,8.29948732903773
USR00768,12,10,12639.93,1263.993,P2P,0.2,0.2,35-44,Tier 1,Verified,0.539,9.444695240943638
USR00769,12,16,11440.28,715.0175,P2M,0.4375,0.375,45-54,Tier 1,Not Verified,0.689,9.344983146786669
USR00770,87,8,1950.66,243.8325,P2P,0.375,0.5,25-34,Tier 3,Verified,0.619,7.576435571474014
USR00771,8,18,10959.03,608.835,P2P,0.2222222222222222,0.3888888888888889,18-24,Tier 2,Verified,0.719,9.302010297724538
USR00772,6,16,3428.19,214.261875,P2M,0.1875,0.4375,45-54,Tier 3,Verified,0.697,8.140079360668306
USR00773,38,14,7127.72,509.1228571428572,P2M,0.21428571428571427,0.21428571428571427,25-34,Tier 3,Verified,0.652,8.87188697415048
USR00774,59,11,12817.91,1165.2645454545454,Recharge,0.36363636363636365,0.36363636363636365,25-34,Tier 1,Verified,0.867,9.45867670345903
USR00775,95,13,2098.32,161.4092307692308,P2M,0.38461538461538464,0.23076923076923078,35-44,Tier 3,Not Verified,0.398,7.649368761750081
USR00776,76,6,6386.82,1064.47,P2M,0.16666666666666666,0.6666666666666666,18-24,Tier 1,Verified,0.463,8.762148331104463
USR00777,83,12,28783.355699999956,2398.6129749999964,Bill Payment,0.08333333333333333,0.3333333333333333,25-34,Tier 1,Verified,0.503,10.267587313673713
USR00778,7,5,948.5799999999999,189.71599999999998,P2M,0.2,0.0,18-24,Tier 1,Verified,0.548,6.856019781574083
USR00779,3,9,3992.41,443.6011111111111,P2M,0.2222222222222222,0.3333333333333333,25-34,Tier 2,Verified,0.601,8.29240078148148
USR00780,58,5,5748.65,1149.73,P2P,0.6,0.6,35-44,Tier 1,Verified,0.606,8.656894262373552
USR00781,29,15,25836.425699999956,1722.428379999997,P2M,0.3333333333333333,0.26666666666666666,25-34,Tier 2,Verified,0.149,10.159579328320673
USR00782,21,11,24147.78,2195.252727272727,EMI,0.18181818181818182,0.36363636363636365,25-34,Tier 2,Not Verified,0.658,10.091989140206318
USR00783,16,10,5554.15,555.415,P2M,0.3,0.3,18-24,Tier 2,Verified,0.203,8.622480704409433
USR00784,9,5,1756.85,351.37,P2P,0.6,0.2,35-44,Tier 2,Verified,0.847,7.471846750372721
USR00785,7,8,2160.98,270.1225,P2M,0.25,0.25,35-44,Tier 2,Verified,0.732,7.678779747462563
USR00786,1,9,1918.3300000000002,213.1477777777778,Bill Payment,0.1111111111111111,0.1111111111111111,25-34,Tier 2,Verified,0.745,7.559731445788366
USR00787,13,11,16015.119999999999,1455.9199999999998,P2M,0.45454545454545453,0.5454545454545454,35-44,Tier 1,Verified,0.269,9.681350994034426
USR00788,89,5,1053.17,210.63400000000001,P2M,0.0,0.2,18-24,Tier 3,Verified,0.803,6.960509006418003
USR00789,18,10,5010.56,501.05600000000004,Bill Payment,0.1,0.3,25-34,Tier 1,Verified,0.67,8.519502522856586
USR00790,19,9,4746.1,527.3444444444444,P2P,0.3333333333333333,0.4444444444444444,18-24,Tier 3,Verified,0.63,8.465289184265815
USR00791,25,10,24488.56,2448.856,P2M,0.1,0.2,25-34,Tier 1,Verified,0.144,10.106002183267869
USR00792,112,11,7445.57,676.87,P2P,0.36363636363636365,0.36363636363636365,25-34,Tier 3,Not Verified,0.557,8.915508802671184
USR00793,129,6,2055.01,342.5016666666667,Bill Payment,0.16666666666666666,0.16666666666666666,55+,Tier 1,Verified,0.834,7.628522490376457
USR00794,4,5,4523.04,904.608,P2M,0.2,0.4,55+,Tier 1,Verified,0.477,8.417160678929903
USR00795,7,15,15546.380000000001,1036.4253333333334,P2P,0.26666666666666666,0.26666666666666666,25-34,Tier 1,Verified,0.409,9.651647414665577
USR00796,43,10,6246.59,624.659,P2M,0.2,0.3,25-34,Tier 3,Verified,0.642,8.73995106836765
USR00797,23,12,9041.03,753.4191666666667,P2M,0.08333333333333333,0.4166666666666667,55+,Tier 1,Verified,0.741,9.10963898569908
USR00798,33,7,1946.19,278.02714285714285,P2P,0.5714285714285714,0.42857142857142855,55+,Tier 3,Verified,0.662,7.574142586640782
USR00799,21,10,4651.32,465.13199999999995,P2M,0.3,0.1,18-24,Tier 2,Verified,0.685,8.445121298891024
USR00800,61,9,14555.65,1617.2944444444445,P2P,0.1111111111111111,0.3333333333333333,35-44,Tier 1,Verified,0.606,9.585803212860075
USR00801,231,5,4646.99,929.3979999999999,P2P,0.2,0.2,45-54,Tier 2,Verified,0.904,8.444190147066438
USR00802,105,11,4615.3099999999995,419.5736363636363,P2M,0.09090909090909091,0.6363636363636364,35-44,Tier 1,Verified,0.123,8.437350963645262
USR00803,54,7,4862.5,694.6428571428571,Bill Payment,0.2857142857142857,0.5714285714285714,55+,Tier 2,Verified,0.775,8.489513622309495
USR00804,23,12,3412.45,284.37083333333334,P2M,0.3333333333333333,0.3333333333333333,45-54,Tier 2,Verified,0.156,8.135478789028777
USR00805,30,6,4704.68,784.1133333333333,P2M,0.5,0.16666666666666666,35-44,Tier 1,Verified,0.833,8.456525568675277
USR00806,49,10,2403.05,240.305,P2P,0.4,0.4,18-24,Tier 1,Verified,0.56,7.784910094107694
USR00807,6,6,1347.12,224.51999999999998,P2P,0.5,0.5,55+,Tier 2,Verified,0.142,7.206466308281652
USR00808,36,5,2903.9700000000003,580.7940000000001,P2M,0.2,0.6,35-44,Tier 1,Verified,0.148,7.974178342210313
USR00809,11,14,17365.08,1240.3628571428574,P2P,0.21428571428571427,0.42857142857142855,35-44,Tier 1,Verified,0.92,9.762274157312731
USR00810,57,9,6283.91,698.2122222222222,P2P,0.3333333333333333,0.2222222222222222,25-34,Tier 2,Not Verified,0.592,8.74590680111275
USR00811,81,11,11138.76,1012.6145454545455,P2P,0.2727272727272727,0.2727272727272727,55+,Tier 1,Not Verified,0.985,9.318275969263563
USR00812,127,9,3015.52,335.0577777777778,P2M,0.4444444444444444,0.2222222222222222,35-44,Tier 2,Not Verified,0.137,8.0118591280594
USR00813,15,6,14559.205699999957,2426.534283333326,P2M,0.3333333333333333,0.5,55+,Tier 1,Verified,0.861,9.586047449398132
USR00814,66,8,6389.97,798.74625,EMI,0.5,0.625,25-34,Tier 1,Verified,0.936,8.762641335538184
USR00815,43,10,12467.19,1246.719,P2M,0.3,0.3,55+,Tier 2,Verified,0.615,9.430935879782986
USR00816,5,12,31569.24709999987,2630.770591666656,P2P,0.3333333333333333,0.25,35-44,Tier 3,Verified,0.961,10.3599704085724
USR00817,147,6,7569.650000000001,1261.6083333333333,P2P,0.16666666666666666,0.6666666666666666,25-34,Tier 2,Verified,0.589,8.93203420800288
USR00818,6,12,4880.1,406.675,P2M,0.25,0.25,25-34,Tier 1,Verified,0.697,8.493125883282278
USR00819,3,12,8832.96,736.0799999999999,Bill Payment,0.3333333333333333,0.3333333333333333,18-24,Tier 1,Verified,0.656,9.086358664186067
USR00820,6,8,3177.87,397.23375,P2M,0.0,0.375,25-34,Tier 2,Verified,0.411,8.064281066711954
USR00821,108,11,15127.06,1375.1872727272728,P2M,0.36363636363636365,0.2727272727272727,55+,Tier 1,Verified,0.389,9.624306576485901
USR00822,15,11,18439.73,1676.3390909090908,P2M,0.18181818181818182,0.45454545454545453,35-44,Tier 1,Verified,0.752,9.8223170841795
USR00823,89,5,8665.2,1733.0400000000002,P2M,0.0,0.4,18-24,Tier 1,Verified,0.501,9.067185680731907
USR00824,10,5,1683.81,336.762,P2M,0.4,0.4,25-34,Tier 3,Verified,0.174,7.429408076784698
USR00825,26,11,9563.4,869.4,P2P,0.36363636363636365,0.36363636363636365,25-34,Tier 2,Verified,0.664,9.165803151208447
USR00826,4,11,3870.55,351.8681818181818,Recharge,0.18181818181818182,0.2727272727272727,35-44,Tier 1,Verified,0.285,8.26141022263425
USR00827,29,9,3086.37,342.93,P2M,0.3333333333333333,0.4444444444444444,55+,Tier 1,Verified,0.238,8.035074874786623
USR00828,8,9,20281.45569999996,2253.495077777773,P2P,0.3333333333333333,0.1111111111111111,25-34,Tier 1,Verified,0.149,9.917511540117935
USR00829,46,9,2675.49,297.27666666666664,Bill Payment,0.3333333333333333,0.4444444444444444,18-24,Tier 3,Verified,0.305,7.892261513603778
USR00830,4,11,3412.4300000000003,310.2209090909091,P2M,0.18181818181818182,0.2727272727272727,35-44,Tier 3,Verified,0.49,8.135472929836876
USR00831,38,11,8060.44,732.7672727272727,P2M,0.5454545454545454,0.45454545454545453,25-34,Tier 2,Verified,0.677,8.994847479592496
USR00832,6,17,14544.119999999999,855.5364705882353,P2M,0.17647058823529413,0.35294117647058826,18-24,Tier 3,Not Verified,0.863,9.585010821153089
USR00833,41,8,18143.26569999996,2267.908212499995,P2M,0.375,0.5,35-44,Tier 1,Verified,0.371,9.80610985037969
USR00834,8,13,17707.25,1362.0961538461538,P2M,0.15384615384615385,0.6153846153846154,45-54,Tier 2,Verified,0.84,9.781785911665182
USR00835,35,11,12986.24,1180.5672727272727,P2M,0.2727272727272727,0.6363636363636364,25-34,Tier 1,Verified,0.772,9.471722615957816
USR00836,26,10,4277.38,427.738,P2P,0.2,0.2,55+,Tier 2,Verified,0.671,8.36132971225197
USR00837,2,12,9720.97,810.0808333333333,Bill Payment,0.25,0.3333333333333333,25-34,Tier 3,Verified,0.11,9.182143551815821
USR00838,137,4,777.7,194.425,P2P,0.25,0.0,25-34,Tier 2,Verified,0.615,6.6576258625829405
USR00839,42,9,14099.28,1566.5866666666668,P2M,0.3333333333333333,0.3333333333333333,55+,Tier 1,Verified,0.767,9.553949934325118
USR00840,46,11,8163.02,742.0927272727273,Bill Payment,0.2727272727272727,0.18181818181818182,25-34,Tier 2,Verified,0.866,9.007491973706255
USR00841,6,9,13511.380000000001,1501.2644444444445,P2P,0.3333333333333333,0.2222222222222222,35-44,Tier 1,Verified,0.327,9.51136158124198
USR00842,73,13,6260.56,481.5815384615385,P2M,0.46153846153846156,0.23076923076923078,25-34,Tier 1,Verified,0.595,8.742184634326618
USR00843,105,10,7280.35,728.0350000000001,P2M,0.2,0.1,18-24,Tier 2,Verified,0.753,8.893071563559381
USR00844,24,12,23503.29,1958.6075,P2M,0.16666666666666666,0.16666666666666666,18-24,Tier 2,Verified,0.69,10.064938236662934
USR00845,40,7,2233.91,319.13,P2P,0.42857142857142855,0.14285714285714285,25-34,Tier 1,Verified,0.506,7.711956237780497
USR00846,51,6,10824.150000000001,1804.0250000000003,EMI,0.5,0.16666666666666666,25-34,Tier 1,Verified,0.61,9.289627409587618
USR00847,21,7,14895.335699999958,2127.905099999994,P2M,0.2857142857142857,0.42857142857142855,18-24,Tier 1,Verified,0.322,9.608870535514251
USR00848,43,8,8039.49,1004.93625,P2M,0.375,0.625,25-34,Tier 1,Verified,0.221,8.992245305589556
USR00849,1,13,6096.2,468.9384615384615,P2M,0.0,0.38461538461538464,25-34,Tier 1,Verified,0.797,8.715584928387687
USR00850,35,9,3178.58,353.17555555555555,P2M,0.5555555555555556,0.5555555555555556,35-44,Tier 3,Not Verified,0.174,8.064504391579792
USR00851,6,10,8955.130000000001,895.5130000000001,Bill Payment,0.2,0.2,25-34,Tier 1,Verified,0.76,9.100093493021962
USR00852,17,10,19098.905699999956,1909.8905699999955,P2M,0.3,0.3,25-34,Tier 2,Not Verified,0.865,9.857438676849757
USR00853,19,6,7370.08,1228.3466666666666,P2M,0.0,0.3333333333333333,25-34,Tier 1,Verified,0.133,8.905319514474579
USR00854,25,7,6688.370000000001,955.4814285714286,P2P,0.42857142857142855,0.42857142857142855,45-54,Tier 3,Verified,0.798,8.808274978284375
USR00855,67,1,937.89,937.89,EMI,0.0,0.0,25-34,Tier 1,Verified,0.362,6.844698326446252
USR00856,17,10,5372.4,537.24,P2M,0.3,0.4,18-24,Tier 2,Verified,0.552,8.589216134263435
USR00857,4,10,6918.69,691.8689999999999,P2P,0.3,0.2,25-34,Tier 2,Verified,0.226,8.842126249920408
USR00858,6,16,18596.895699999957,1162.3059812499973,P2M,0.25,0.1875,45-54,Tier 1,Verified,0.136,9.830803718892508
USR00859,6,11,9954.48,904.9527272727272,P2M,0.18181818181818182,0.2727272727272727,45-54,Tier 2,Verified,0.311,9.20587843231229
USR00860,61,15,5997.55,399.8366666666667,EMI,0.2,0.3333333333333333,35-44,Tier 1,Verified,0.509,8.69927305233743
USR00861,35,8,1634.1,204.2625,P2M,0.375,0.375,35-44,Tier 2,Verified,0.972,7.399459243540541
USR00862,87,9,5744.28,638.2533333333333,P2M,0.5555555555555556,0.3333333333333333,25-34,Tier 1,Verified,0.613,8.65613392712827
USR00863,15,9,10755.4,1195.0444444444445,P2P,0.1111111111111111,0.1111111111111111,18-24,Tier 2,Verified,0.908,9.283256205243207
USR00864,21,9,7061.5599999999995,784.6177777777777,Subscription,0.2222222222222222,0.1111111111111111,18-24,Tier 2,Verified,0.301,8.86256287099383
USR00865,7,10,2423.14,242.314,P2M,0.4,0.5,35-44,Tier 3,Not Verified,0.534,7.793232101296982
USR00866,128,6,5318.79,886.465,Bill Payment,0.16666666666666666,0.3333333333333333,18-24,Tier 1,Not Verified,0.169,8.579189107872374
USR00867,4,11,2654.02,241.27454545454546,Bill Payment,0.2727272727272727,0.2727272727272727,18-24,Tier 3,Verified,0.426,7.8842074666043525
USR00868,8,7,3474.87,496.40999999999997,Bill Payment,0.14285714285714285,0.2857142857142857,18-24,Tier 2,Verified,0.397,8.15360008637636
USR00869,7,12,14994.6,1249.55,P2P,0.25,0.3333333333333333,25-34,Tier 1,Verified,0.245,9.615512103720377
USR00870,51,12,5318.38,443.1983333333333,P2M,0.5,0.16666666666666666,25-34,Tier 2,Verified,0.616,8.579112034190835
USR00871,34,8,18689.829999999998,2336.2287499999998,P2P,0.0,0.5,25-34,Tier 1,Verified,0.25,9.835788308238314
USR00872,3,15,10059.09,670.606,Bill Payment,0.3333333333333333,0.2,18-24,Tier 1,Not Verified,0.674,9.21633138993578
USR00873,79,13,5410.45,416.1884615384615,P2P,0.3076923076923077,0.23076923076923078,25-34,Tier 2,Not Verified,0.295,8.596272358110145
USR00874,179,14,10535.93,752.5664285714286,P2M,0.14285714285714285,0.35714285714285715,18-24,Tier 1,Verified,0.847,9.262641508320367
USR00875,19,9,5241.2,582.3555555555555,P2M,0.0,0.3333333333333333,25-34,Tier 2,Verified,0.264,8.564496536532104
USR00876,102,8,3828.2799999999997,478.53499999999997,P2M,0.125,0.25,25-34,Tier 2,Verified,0.408,8.250432074946305
USR00877,4,11,6998.139999999999,636.1945454545454,P2M,0.36363636363636365,0.2727272727272727,25-34,Tier 3,Verified,0.447,8.853542563347036
USR00878,58,11,10630.01,966.3645454545455,P2M,0.45454545454545453,0.2727272727272727,18-24,Tier 2,Verified,0.554,9.271530480933446
USR00879,16,10,5602.99,560.299,P2P,0.3,0.2,25-34,Tier 2,Verified,0.911,8.63123412301562
USR00880,12,8,15174.97,1896.87125,Bill Payment,0.5,0.25,25-34,Tier 2,Verified,0.206,9.627468534807415
USR00881,43,11,3315.48,301.40727272727275,P2M,0.45454545454545453,0.36363636363636365,35-44,Tier 3,Verified,0.907,8.106659258493636
USR00882,14,13,3538.21,272.17,P2M,0.3076923076923077,0.5384615384615384,25-34,Tier 3,Verified,0.433,8.171658817381257
USR00883,44,11,5127.71,466.1554545454546,P2M,0.5454545454545454,0.36363636363636365,18-24,Tier 1,Verified,0.534,8.542609444554644
USR00884,43,6,3549.54,591.59,P2M,0.0,0.6666666666666666,35-44,Tier 1,Verified,0.917,8.174854983577557
USR00885,99,8,4243.68,530.46,P2M,0.25,0.375,35-44,Tier 1,Verified,0.529,8.353421713100724
USR00886,55,7,14742.52,2106.074285714286,P2M,0.2857142857142857,0.2857142857142857,18-24,Tier 1,Verified,0.589,9.59855894320387
USR00887,45,14,5196.82,371.20142857142855,P2P,0.21428571428571427,0.42857142857142855,25-34,Tier 2,Verified,0.206,8.555994585898501
USR00888,16,7,6587.530000000001,941.0757142857144,P2M,0.14285714285714285,0.5714285714285714,25-34,Tier 2,Verified,0.384,8.793085537363421
USR00889,32,12,5610.8099999999995,467.56749999999994,P2M,0.16666666666666666,0.5833333333333334,35-44,Tier 2,Verified,0.328,8.632628584626415
USR00890,33,7,3402.22,486.03142857142853,P2M,0.2857142857142857,0.42857142857142855,25-34,Tier 2,Verified,0.348,8.13247732125052
USR00891,7,12,4136.36,344.69666666666666,Bill Payment,0.08333333333333333,0.25,45-54,Tier 2,Verified,0.805,8.327813182254832
USR00892,101,8,2187.28,273.41,P2P,0.5,0.25,18-24,Tier 2,Verified,0.328,7.690871126103857
USR00893,1,8,1852.4099999999999,231.55124999999998,P2M,0.375,0.25,25-34,Tier 3,Verified,0.869,7.524782464627406
USR00894,26,12,7783.61,648.6341666666666,Bill Payment,0.25,0.4166666666666667,25-34,Tier 3,Verified,0.729,8.95990398667412
USR00895,37,11,2556.03,232.36636363636364,P2P,0.45454545454545453,0.6363636363636364,18-24,Tier 3,Verified,0.405,7.846601707721383
USR00896,14,6,638.48,106.41333333333334,P2M,0.16666666666666666,0.16666666666666666,35-44,Tier 3,Verified,0.968,6.460655346096691
USR00897,33,12,8950.67,745.8891666666667,P2M,0.08333333333333333,0.4166666666666667,25-34,Tier 1,Verified,0.64,9.099595386041516
USR00898,40,9,17186.47,1909.607777777778,P2P,0.2222222222222222,0.5555555555555556,35-44,Tier 1,Not Verified,0.648,9.75193590895286
USR00899,12,10,3803.11,380.31100000000004,Bill Payment,0.3,0.3,18-24,Tier 2,Verified,0.569,8.243837340176743
USR00900,37,11,14055.57,1277.7790909090909,P2P,0.6363636363636364,0.09090909090909091,25-34,Tier 1,Verified,0.495,9.550845181122124
USR00901,21,9,3067.0099999999998,340.77888888888884,P2M,0.3333333333333333,0.1111111111111111,35-44,Tier 3,Verified,0.13,8.028784421934247
USR00902,16,4,7589.759999999999,1897.4399999999998,P2M,0.25,0.5,25-34,Tier 1,Verified,0.424,8.934686997129132
USR00903,103,13,8099.69,623.0530769230769,P2M,0.38461538461538464,0.38461538461538464,18-24,Tier 1,Verified,0.802,8.999704522217664
USR00904,2,16,7434.61,464.663125,P2P,0.3125,0.375,25-34,Tier 2,Verified,0.566,8.914035899913467
USR00905,24,7,3275.25,467.89285714285717,P2P,0.7142857142857143,0.2857142857142857,35-44,Tier 3,Verified,0.754,8.094454754637615
USR00906,4,8,8146.33,1018.29125,P2M,0.5,0.375,18-24,Tier 3,Verified,0.834,9.00544554519793
USR00907,20,10,3209.16,320.916,Recharge,0.1,0.5,45-54,Tier 2,Not Verified,0.617,8.074076059118639
USR00908,4,11,1202.6499999999999,109.33181818181816,P2M,0.2727272727272727,0.36363636363636365,45-54,Tier 3,Verified,0.165,7.0931138859335885
USR00909,6,11,4188.95,380.81363636363636,P2P,0.36363636363636365,0.18181818181818182,55+,Tier 1,Not Verified,0.889,8.340444079670759
USR00910,37,16,9690.41,605.650625,P2P,0.25,0.3125,18-24,Tier 2,Not Verified,0.969,9.17899520513505
USR00911,34,11,6326.62,575.1472727272727,P2M,0.18181818181818182,0.36363636363636365,55+,Tier 2,Verified,0.965,8.752679457075482
USR00912,24,9,9205.56,1022.8399999999999,P2M,0.1111111111111111,0.3333333333333333,18-24,Tier 2,Verified,0.534,9.127671552420672
USR00913,4,6,4167.48,694.5799999999999,P2P,0.0,0.16666666666666666,25-34,Tier 1,Not Verified,0.307,8.33530673995023
USR00914,46,14,4526.64,323.3314285714286,P2M,0.35714285714285715,0.2857142857142857,55+,Tier 3,Verified,0.731,8.417956111421951
USR00915,20,6,11756.165699999958,1959.360949999993,P2M,0.5,0.16666666666666666,25-34,Tier 1,Verified,0.774,9.372218180499816
USR00916,8,9,4427.12,491.90222222222224,P2M,0.2222222222222222,0.4444444444444444,45-54,Tier 3,Verified,0.418,8.395730393732325
USR00917,67,9,13265.119999999999,1473.902222222222,P2P,0.1111111111111111,0.4444444444444444,18-24,Tier 1,Verified,0.715,9.492968695725276
USR00918,113,6,7775.6900000000005,1295.9483333333335,P2M,0.0,0.16666666666666666,18-24,Tier 1,Verified,0.318,8.958886076771497
USR00919,104,7,2453.81,350.5442857142857,P2P,0.14285714285714285,0.2857142857142857,35-44,Tier 2,Verified,0.853,7.805804644158266
USR00920,15,11,6148.26,558.9327272727273,P2M,0.09090909090909091,0.45454545454545453,25-34,Tier 2,Verified,0.171,8.724087028357653
USR00921,42,14,9490.31,677.8792857142856,P2M,0.14285714285714285,0.2857142857142857,18-24,Tier 2,Verified,0.587,9.158131922119473
USR00922,27,13,14412.39,1108.6453846153845,P2M,0.07692307692307693,0.23076923076923078,35-44,Tier 1,Verified,0.543,9.575912914622172
USR00923,14,7,6762.110000000001,966.0157142857144,P2M,0.2857142857142857,0.2857142857142857,35-44,Tier 2,Verified,0.542,8.819238122413834
USR00924,26,11,9180.76,834.6145454545455,P2M,0.0,0.2727272727272727,25-34,Tier 2,Verified,0.3,9.124974186371286
USR00925,27,10,3790.0499999999997,379.005,Subscription,0.4,0.4,35-44,Tier 1,Verified,0.53,8.240398304561515
USR00926,135,8,1509.37,188.67125,P2M,0.375,0.125,35-44,Tier 3,Verified,0.718,7.320109932905843
USR00927,15,17,7551.71,444.2182352941177,P2M,0.23529411764705882,0.47058823529411764,25-34,Tier 3,Verified,0.72,8.929661718236728
USR00928,185,6,14650.035699999957,2441.6726166666595,Bill Payment,0.5,0.3333333333333333,25-34,Tier 1,Verified,0.393,9.592266308192082
USR00929,91,8,5826.85,728.35625,Recharge,0.25,0.25,35-44,Tier 1,Verified,0.313,8.67040342916644
USR00930,72,10,2779.69,277.969,P2M,0.1,0.2,25-34,Tier 2,Verified,0.549,7.93045437732665
USR00931,56,9,10506.52,1167.391111111111,P2M,0.4444444444444444,0.3333333333333333,18-24,Tier 1,Verified,0.352,9.259846470279792
USR00932,28,7,22511.981399999917,3215.997342857131,P2M,0.14285714285714285,0.42857142857142855,25-34,Tier 2,Verified,0.833,10.021847372931315
USR00933,15,8,2630.94,328.8675,P2M,0.0,0.0,18-24,Tier 2,Verified,0.871,7.875476495832784
USR00934,116,7,9233.92,1319.1314285714286,P2P,0.42857142857142855,0.2857142857142857,25-34,Tier 3,Verified,0.109,9.130747229899555
USR00935,58,8,3780.98,472.6225,P2M,0.5,0.125,18-24,Tier 2,Not Verified,0.384,8.238002960997122
USR00936,109,4,4813.379999999999,1203.3449999999998,Bill Payment,0.0,0.25,45-54,Tier 2,Verified,0.143,8.479362551663097
USR00937,40,8,6220.07,777.50875,P2M,0.25,0.25,25-34,Tier 3,Not Verified,0.329,8.73569719666197
USR00938,25,7,5226.49,746.6414285714285,P2M,0.14285714285714285,0.2857142857142857,18-24,Tier 2,Verified,0.334,8.561686518340652
USR00939,55,9,2695.12,299.4577777777778,Bill Payment,0.1111111111111111,0.1111111111111111,18-24,Tier 2,Verified,0.471,7.899568981427397
USR00940,114,8,1377.1100000000001,172.13875000000002,P2P,0.25,0.125,25-34,Tier 2,Verified,0.685,7.228468274222235
USR00941,20,7,7061.610000000001,1008.8014285714287,P2M,0.42857142857142855,0.14285714285714285,35-44,Tier 2,Verified,0.706,8.862569950554644
USR00942,39,15,9176.65,611.7766666666666,P2M,0.2,0.2,45-54,Tier 2,Verified,0.443,9.12452645955777
USR00943,36,17,8312.49,488.96999999999997,P2M,0.058823529411764705,0.29411764705882354,35-44,Tier 3,Verified,0.677,9.025634775616897
USR00944,101,8,3574.02,446.7525,P2M,0.25,0.25,25-34,Tier 3,Verified,0.916,8.181726049518053
USR00945,22,9,3103.43,344.8255555555555,P2M,0.3333333333333333,0.1111111111111111,35-44,Tier 2,Not Verified,0.688,8.040585402636422
USR00946,4,11,6451.639999999999,586.5127272727273,P2M,0.2727272727272727,0.5454545454545454,18-24,Tier 2,Verified,0.5,8.772244628374052
USR00947,16,12,10751.24,895.9366666666666,Bill Payment,0.25,0.25,18-24,Tier 2,Verified,0.505,9.282869383942383
USR00948,23,8,18274.685699999958,2284.3357124999948,P2P,0.625,0.125,55+,Tier 1,Verified,0.696,9.813326805117905
USR00949,37,16,8760.15,547.509375,P2M,0.3125,0.4375,18-24,Tier 3,Verified,0.457,9.078082453852977
USR00950,64,7,3396.43,485.2042857142857,P2P,0.2857142857142857,0.42857142857142855,25-34,Tier 3,Verified,0.124,8.130774542428204
USR00951,10,14,15812.06,1129.432857142857,P2M,0.5714285714285714,0.35714285714285715,25-34,Tier 2,Verified,0.656,9.668591459862542
USR00952,84,10,5330.76,533.076,P2M,0.3,0.5,25-34,Tier 2,Verified,0.323,8.58143666903275
USR00953,24,10,18574.025699999955,1857.4025699999954,P2P,0.4,0.6,25-34,Tier 1,Not Verified,0.254,9.829573253165082
USR00954,34,16,29516.365699999955,1844.7728562499972,P2M,0.1875,0.3125,35-44,Tier 2,Verified,0.52,10.2927340369276
USR00955,32,8,3068.26,383.5325,EMI,0.375,0.375,25-34,Tier 2,Verified,0.222,8.02919176918059
USR00956,21,10,4679.82,467.98199999999997,P2P,0.0,0.4,55+,Tier 3,Not Verified,0.511,8.451228587238782
USR00957,21,12,2503.95,208.6625,P2M,0.16666666666666666,0.5,18-24,Tier 3,Verified,0.676,7.8260240532399195
USR00958,31,15,7671.08,511.4053333333333,P2M,0.13333333333333333,0.4,25-34,Tier 1,Verified,0.824,8.945343044037584
USR00959,1,14,4858.8099999999995,347.05785714285713,P2M,0.2857142857142857,0.2857142857142857,45-54,Tier 3,Not Verified,0.373,8.488754621480117
USR00960,10,10,5383.9,538.39,P2P,0.6,0.4,45-54,Tier 3,Verified,0.522,8.591354019315927
USR00961,7,9,5336.95,592.9944444444444,P2M,0.5555555555555556,0.1111111111111111,25-34,Tier 1,Verified,0.789,8.582596963116554
USR00962,14,12,4086.23,340.51916666666665,P2M,0.5,0.25,45-54,Tier 2,Not Verified,0.593,8.315622757977907
USR00963,83,6,6415.7699999999995,1069.2949999999998,Bill Payment,0.0,0.6666666666666666,45-54,Tier 2,Verified,0.325,8.766670154814259
USR00964,28,11,11701.02,1063.729090909091,Bill Payment,0.09090909090909091,0.2727272727272727,25-34,Tier 3,Verified,0.299,9.367516755456275
USR00965,7,9,1943.26,215.9177777777778,Recharge,0.4444444444444444,0.2222222222222222,18-24,Tier 2,Verified,0.82,7.572636720933305
USR00966,5,8,2900.3,362.5375,P2P,0.125,0.25,35-44,Tier 3,Verified,0.769,7.972914191391027
USR00967,2,9,8145.62,905.0688888888889,P2P,0.4444444444444444,0.4444444444444444,35-44,Tier 3,Verified,0.264,9.005358396286777
USR00968,4,10,13639.49,1363.949,P2M,0.2,0.2,55+,Tier 1,Verified,0.66,9.520797854505876
USR00969,15,5,4705.38,941.076,P2M,0.2,0.6,55+,Tier 1,Verified,0.581,8.456674314008666
USR00970,42,15,18467.28,1231.1519999999998,P2M,0.26666666666666666,0.4,25-34,Tier 2,Not Verified,0.744,9.823809944872139
USR00971,7,12,5915.07,492.92249999999996,EMI,0.25,0.5,25-34,Tier 3,Verified,0.544,8.685427656079824
USR00972,2,13,2590.44,199.26461538461538,P2M,0.38461538461538464,0.23076923076923078,25-34,Tier 2,Not Verified,0.517,7.859968984747419
USR00973,4,10,11688.31,1168.831,P2M,0.2,0.3,18-24,Tier 1,Verified,0.956,9.366430027916554
USR00974,8,4,1013.87,253.4675,EMI,0.25,0.0,55+,Tier 3,Verified,0.523,6.922515804455362
USR00975,156,8,4213.74,526.7175,P2M,0.5,0.125,25-34,Tier 2,Not Verified,0.845,8.346343184073131
USR00976,51,13,14535.060000000001,1118.0815384615385,P2M,0.38461538461538464,0.38461538461538464,25-34,Tier 1,Verified,0.499,9.584387737750482
USR00977,9,10,11429.23,1142.923,P2M,0.6,0.0,25-34,Tier 2,Verified,0.794,9.344016879071091
USR00978,28,11,3810.1400000000003,346.3763636363637,P2M,0.2727272727272727,0.36363636363636365,25-34,Tier 3,Verified,0.965,8.24568363596401
USR00979,25,6,7639.19,1273.1983333333333,P2P,0.0,0.3333333333333333,35-44,Tier 2,Verified,0.595,8.941177750961282
USR00980,11,9,6206.71,689.6344444444444,P2P,0.3333333333333333,0.4444444444444444,35-44,Tier 2,Verified,0.899,8.7335473468544
USR00981,106,11,5413.62,492.1472727272727,P2M,0.2727272727272727,0.36363636363636365,25-34,Tier 2,Verified,0.491,8.596857981534082
USR00982,151,8,9603.0,1200.375,P2M,0.375,0.25,25-34,Tier 2,Verified,0.456,9.169934957341145
USR00983,78,11,4323.19,393.0172727272727,P2P,0.2727272727272727,0.6363636363636364,25-34,Tier 2,Verified,0.528,8.37198011858929
USR00984,23,12,6303.87,525.3225,P2M,0.25,0.25,25-34,Tier 2,Verified,0.55,8.749077629629754
USR00985,40,7,9570.039999999999,1367.1485714285714,P2M,0.2857142857142857,0.2857142857142857,18-24,Tier 1,Verified,0.68,9.166497151478783
USR00986,19,14,7017.53,501.2521428571428,P2M,0.14285714285714285,0.2857142857142857,25-34,Tier 2,Verified,0.309,8.856309073382857
USR00987,11,8,11252.6,1406.575,P2M,0.375,0.625,25-34,Tier 1,Verified,0.119,9.328443356443486
USR00988,33,12,5579.7,464.97499999999997,P2P,0.3333333333333333,0.4166666666666667,35-44,Tier 1,Verified,0.537,8.627069495536084
USR00989,18,10,2768.01,276.80100000000004,Bill Payment,0.2,0.3,25-34,Tier 2,Verified,0.271,7.926245134576503
USR00990,7,8,11100.86,1387.6075,P2P,0.25,0.375,45-54,Tier 2,Not Verified,0.348,9.314867940830116
USR00991,7,12,4156.02,346.33500000000004,P2P,0.16666666666666666,0.08333333333333333,25-34,Tier 2,Not Verified,0.578,8.33255375040296
USR00992,12,10,9027.26,902.726,P2M,0.3,0.3,35-44,Tier 2,Verified,0.509,9.108114936813829
USR00993,19,13,5505.22,423.47846153846154,P2M,0.3076923076923077,0.3076923076923077,18-24,Tier 2,Not Verified,0.895,8.613633641315504
USR00994,9,18,13541.06,752.281111111111,P2P,0.3333333333333333,0.3888888888888889,25-34,Tier 2,Verified,0.157,9.513555676695944
USR00995,36,13,13984.64,1075.7415384615383,P2M,0.23076923076923078,0.46153846153846156,25-34,Tier 1,Verified,0.548,9.545786367906793
USR00996,20,8,2548.44,318.555,P2P,0.375,0.375,18-24,Tier 3,Verified,0.677,7.8436290061920015
USR00997,18,10,2462.18,246.218,P2M,0.5,0.4,55+,Tier 2,Verified,0.944,7.809208477058003
USR00998,20,9,5212.05,579.1166666666667,P2M,0.2222222222222222,0.1111111111111111,18-24,Tier 3,Verified,0.272,8.558920376128208
USR00999,53,8,3660.54,457.5675,EMI,0.25,0.375,18-24,Tier 3,Verified,0.573,8.205639102925954
USR01000,1,13,14119.64,1086.1261538461538,P2M,0.38461538461538464,0.23076923076923078,35-44,Tier 2,Verified,0.645,9.555392835799088
USR01001,50,10,14224.18,1422.4180000000001,P2M,0.2,0.4,25-34,Tier 1,Verified,0.849,9.562768912693032
USR01002,21,13,10316.0,793.5384615384615,P2M,0.3076923076923077,0.5384615384615384,18-24,Tier 2,Verified,0.769,9.241548299100376
USR01003,12,10,2945.66,294.566,P2M,0.3,0.3,25-34,Tier 3,Verified,0.152,7.9884276045175815
USR01004,3,13,3215.07,247.31307692307695,P2M,0.46153846153846156,0.07692307692307693,35-44,Tier 2,Verified,0.851,8.075915396231132
USR01005,13,14,26299.96,1878.5685714285714,P2M,0.07142857142857142,0.42857142857142855,35-44,Tier 2,Verified,0.753,10.177360719400818
USR01006,80,9,2583.51,287.0566666666667,Recharge,0.3333333333333333,0.4444444444444444,45-54,Tier 1,Verified,0.324,7.857291213848961
USR01007,36,10,19589.79569999996,1958.9795699999959,P2M,0.4,0.3,18-24,Tier 1,Verified,0.474,9.882815127775782
USR01008,32,10,9161.58,916.158,Recharge,0.2,0.3,18-24,Tier 2,Verified,0.513,9.122883077398264
USR01009,56,10,12325.6,1232.56,Bill Payment,0.4,0.4,18-24,Tier 2,Verified,0.262,9.419514807929554
USR01010,15,17,9451.27,555.9570588235295,P2M,0.35294117647058826,0.17647058823529413,18-24,Tier 3,Verified,0.64,9.154010203281803
USR01011,50,9,17331.43,1925.7144444444446,P2M,0.2222222222222222,0.5555555555555556,35-44,Tier 1,Verified,0.392,9.760334592152786
USR01012,9,15,6321.04,421.4026666666667,P2P,0.13333333333333333,0.4666666666666667,45-54,Tier 1,Verified,0.607,8.751797219867221
USR01013,3,11,6045.72,549.6109090909091,P2M,0.45454545454545453,0.5454545454545454,25-34,Tier 3,Verified,0.329,8.707271255248779
USR01014,6,7,2755.66,393.6657142857143,P2P,0.2857142857142857,0.2857142857142857,45-54,Tier 2,Verified,0.131,7.921775080967017
USR01015,14,6,7690.17,1281.695,P2M,0.16666666666666666,0.5,55+,Tier 1,Verified,0.901,8.947828196570407
USR01016,26,11,7245.82,658.710909090909,P2P,0.18181818181818182,0.7272727272727273,25-34,Tier 1,Verified,0.12,8.888318030936873
USR01017,47,9,5688.92,632.1022222222223,P2P,0.2222222222222222,0.4444444444444444,18-24,Tier 2,Verified,0.56,8.646451467267584
USR01018,8,17,19926.67,1172.1570588235293,Bill Payment,0.17647058823529413,0.29411764705882354,35-44,Tier 3,Verified,0.514,9.899864497190292
USR01019,30,6,9671.03,1611.8383333333334,Bill Payment,0.16666666666666666,0.16666666666666666,35-44,Tier 1,Verified,0.325,9.17699349402679
USR01020,30,7,11083.630000000001,1583.3757142857144,P2P,0.7142857142857143,0.42857142857142855,45-54,Tier 2,Verified,0.612,9.313314743054008
USR01021,13,8,5876.72,734.59,P2P,0.125,0.25,35-44,Tier 2,Verified,0.256,8.678924210594182
USR01022,48,5,1889.16,377.832,P2M,0.2,0.2,35-44,Tier 3,Verified,0.186,7.54441676055522
USR01023,16,6,18404.12,3067.353333333333,P2M,0.5,0.5,35-44,Tier 1,Not Verified,0.802,9.820384165759267
USR01024,53,9,19503.915699999958,2167.1017444444396,P2M,0.2222222222222222,0.1111111111111111,55+,Tier 1,Verified,0.491,9.87842179996269
USR01025,40,5,3356.88,671.376,P2P,0.2,0.2,35-44,Tier 2,Verified,0.865,8.119065101442077
USR01026,16,10,2916.78,291.678,P2M,0.1,0.2,25-34,Tier 3,Not Verified,0.572,7.978578332134901
USR01027,68,6,8905.205699999957,1484.2009499999929,P2P,0.16666666666666666,0.3333333333333333,35-44,Tier 1,Not Verified,0.299,9.094503582403599
USR01028,2,11,5827.17,529.7427272727273,P2P,0.45454545454545453,0.36363636363636365,18-24,Tier 1,Verified,0.618,8.670458336416097
USR01029,26,15,6016.33,401.08866666666665,Bill Payment,0.13333333333333333,0.3333333333333333,18-24,Tier 2,Verified,0.233,8.702398918323388
USR01030,9,7,3468.74,495.53428571428566,Bill Payment,0.14285714285714285,0.42857142857142855,18-24,Tier 2,Verified,0.593,8.151834942179775
USR01031,15,13,25150.935699999958,1934.6873615384584,P2M,0.23076923076923078,0.5384615384615384,25-34,Tier 1,Verified,0.728,10.13269013876892
USR01032,31,14,9179.06,655.6471428571429,P2M,0.21428571428571427,0.42857142857142855,35-44,Tier 1,Verified,0.456,9.12478901954089
USR01033,127,9,24280.46,2697.8288888888887,Recharge,0.3333333333333333,0.3333333333333333,25-34,Tier 1,Verified,0.799,10.097468375161307
USR01034,15,9,5946.25,660.6944444444445,P2M,0.3333333333333333,0.2222222222222222,25-34,Tier 1,Verified,0.481,8.690684206825376
USR01035,70,9,3970.05,441.1166666666667,P2M,0.6666666666666666,0.3333333333333333,18-24,Tier 2,Not Verified,0.122,8.286785822338812
USR01036,11,11,2673.67,243.0609090909091,P2M,0.18181818181818182,0.18181818181818182,25-34,Tier 2,Verified,0.496,7.891581287234102
USR01037,18,9,3361.06,373.4511111111111,P2M,0.5555555555555556,0.2222222222222222,18-24,Tier 3,Verified,0.24,8.120309160329242
USR01038,98,7,1613.1499999999999,230.45,P2P,0.2857142857142857,0.5714285714285714,25-34,Tier 3,Verified,0.319,7.386563781314511
USR01039,15,14,24516.789999999997,1751.1992857142855,P2M,0.2857142857142857,0.14285714285714285,55+,Tier 1,Not Verified,0.724,10.10715425548244
USR01040,60,12,14897.09,1241.4241666666667,P2P,0.16666666666666666,0.08333333333333333,25-34,Tier 2,Verified,0.288,9.608988295797314
USR01041,40,14,11382.75,813.0535714285714,P2M,0.21428571428571427,0.2857142857142857,25-34,Tier 1,Verified,0.333,9.339942178882028
USR01042,32,10,2129.45,212.945,P2M,0.2,0.1,25-34,Tier 3,Verified,0.701,7.664088503995247
USR01043,65,7,4420.36,631.4799999999999,P2M,0.2857142857142857,0.2857142857142857,25-34,Tier 3,Verified,0.253,8.394202620051866
USR01044,85,6,3128.62,521.4366666666666,P2M,0.3333333333333333,0.3333333333333333,25-34,Tier 2,Verified,0.689,8.048666870413125
USR01045,25,9,2406.91,267.4344444444444,P2M,0.1111111111111111,0.3333333333333333,35-44,Tier 1,Verified,0.922,7.786514430314951
USR01046,36,11,25545.121399999916,2322.283763636356,P2M,0.2727272727272727,0.09090909090909091,55+,Tier 1,Not Verified,0.895,10.148240779803123
USR01047,41,13,1755.53,135.04076923076923,P2M,0.23076923076923078,0.23076923076923078,18-24,Tier 2,Verified,0.19,7.47109555097933
USR01048,24,11,2101.87,191.0790909090909,P2P,0.2727272727272727,0.45454545454545453,18-24,Tier 3,Verified,0.268,7.651058357339298
USR01049,9,14,8428.2,602.0142857142857,P2M,0.35714285714285715,0.21428571428571427,25-34,Tier 3,Verified,0.119,9.039457147323057
USR01050,73,15,2720.2599999999998,181.35066666666665,P2M,0.2,0.3333333333333333,35-44,Tier 3,Verified,0.454,7.908850287323815
USR01051,49,12,12996.58,1083.0483333333334,P2M,0.08333333333333333,0.16666666666666666,35-44,Tier 1,Verified,0.372,9.472518465268742
USR01052,18,8,13219.949999999999,1652.4937499999999,P2P,0.25,0.25,18-24,Tier 1,Verified,0.891,9.489557971640757
USR01053,10,17,12593.1,740.7705882352941,P2P,0.23529411764705882,0.29411764705882354,35-44,Tier 2,Verified,0.954,9.44098372930619
USR01054,8,8,12322.76,1540.345,P2M,0.125,0.5,45-54,Tier 1,Verified,0.179,9.419284385330245
USR01055,25,6,1930.65,321.77500000000003,P2M,0.5,0.16666666666666666,35-44,Tier 2,Verified,0.616,7.566129838940824
USR01056,72,10,15398.369999999999,1539.837,P2M,0.4,0.3,25-34,Tier 1,Verified,0.219,9.642081878474011
USR01057,47,9,5033.11,559.2344444444444,P2M,0.3333333333333333,0.6666666666666666,18-24,Tier 3,Verified,0.282,8.523992026866932
USR01058,33,16,12399.220000000001,774.9512500000001,Bill Payment,0.25,0.5,45-54,Tier 1,Verified,0.978,9.425469493371226
USR01059,19,7,13113.24,1873.32,P2P,0.14285714285714285,0.42857142857142855,18-24,Tier 1,Verified,0.58,9.481453941708413
USR01060,92,9,24024.27,2669.3633333333332,P2M,0.3333333333333333,0.0,45-54,Tier 1,Verified,0.231,10.086861472068788
USR01061,17,10,6989.84,698.984,P2M,0.1,0.2,18-24,Tier 2,Verified,0.373,8.852355999681638
USR01062,48,8,2035.8200000000002,254.47750000000002,P2P,0.125,0.375,35-44,Tier 3,Verified,0.269,7.619145047079363
USR01063,67,7,6111.46,873.0657142857143,P2M,0.2857142857142857,0.42857142857142855,25-34,Tier 1,Not Verified,0.651,8.718084589794435
USR01064,66,7,3617.1800000000003,516.74,P2M,0.2857142857142857,0.2857142857142857,25-34,Tier 3,Verified,0.719,8.19372641596147
USR01065,31,4,1647.49,411.8725,P2P,1.0,0.0,25-34,Tier 3,Verified,0.437,7.407614996372671
USR01066,5,9,7735.0,859.4444444444445,P2P,0.2222222222222222,0.2222222222222222,25-34,Tier 2,Not Verified,0.274,8.95364003713313
USR01067,46,8,2898.2200000000003,362.27750000000003,P2M,0.125,0.25,25-34,Tier 1,Verified,0.3,7.972197014279613
USR01068,34,10,8153.61,815.361,P2M,0.2,0.3,25-34,Tier 2,Verified,0.934,9.006338690490324
USR01069,6,15,35495.60569999996,2366.37371333333,P2M,0.5333333333333333,0.13333333333333333,55+,Tier 1,Not Verified,0.899,10.47719235680768
USR01070,41,12,12019.69,1001.6408333333334,P2M,0.08333333333333333,0.16666666666666666,45-54,Tier 1,Verified,0.455,9.394384610767757
USR01071,43,12,2278.95,189.9125,P2M,0.4166666666666667,0.3333333333333333,25-34,Tier 3,Verified,0.677,7.731908791883463
USR01072,10,15,13200.65,880.0433333333333,P2M,0.26666666666666666,0.13333333333333333,55+,Tier 1,Verified,0.511,9.488097100762614
USR01073,26,10,8365.41,836.5409999999999,P2M,0.1,0.4,25-34,Tier 2,Verified,0.456,9.031980158690372
USR01074,78,9,2369.8,263.31111111111113,Bill Payment,0.2222222222222222,0.2222222222222222,25-34,Tier 2,Verified,0.668,7.770982729913683
USR01075,56,9,2971.65,330.18333333333334,P2M,0.2222222222222222,0.3333333333333333,35-44,Tier 2,Not Verified,0.374,7.997209089865335
USR01076,2,10,1165.17,116.51700000000001,P2P,0.1,0.1,18-24,Tier 3,Verified,0.652,7.061480153881629
USR01077,62,7,5243.23,749.0328571428571,EMI,0.14285714285714285,0.14285714285714285,18-24,Tier 2,Verified,0.681,8.564883703570906
USR01078,4,9,1638.96,182.10666666666668,P2M,0.2222222222222222,0.3333333333333333,25-34,Tier 3,Verified,0.627,7.4024271302768945
USR01079,42,11,12489.56,1135.4145454545453,P2M,0.45454545454545453,0.2727272727272727,25-34,Tier 1,Verified,0.506,9.43272843798322
USR01080,13,6,8774.85,1462.4750000000001,P2M,0.0,0.3333333333333333,18-24,Tier 1,Not Verified,0.392,9.079758909739715
USR01081,4,9,2299.94,255.54888888888888,P2P,0.1111111111111111,0.3333333333333333,25-34,Tier 3,Verified,0.211,7.741073014076095
USR01082,14,7,21042.86569999996,3006.1236714285656,P2M,0.14285714285714285,0.2857142857142857,18-24,Tier 1,Verified,0.737,9.954364380963767
USR01083,11,11,3289.33,299.03,P2M,0.2727272727272727,0.2727272727272727,45-54,Tier 1,Verified,0.14,8.09874314268068
USR01084,5,6,4100.16,683.36,P2M,0.16666666666666666,0.0,35-44,Tier 3,Verified,0.876,8.31902513950542
USR01085,2,8,2251.2599999999998,281.40749999999997,EMI,0.25,0.375,18-24,Tier 3,Verified,0.146,7.719689435526132
USR01086,1,10,11408.630000000001,1140.863,P2P,0.2,0.4,25-34,Tier 2,Verified,0.263,9.342213014635329
USR01087,55,9,5881.9800000000005,653.5533333333334,P2P,0.2222222222222222,0.4444444444444444,25-34,Tier 2,Verified,0.328,8.679818715232637
USR01088,106,12,7228.8,602.4,P2M,0.16666666666666666,0.3333333333333333,45-54,Tier 2,Verified,0.105,8.885966652252907
USR01089,94,9,4747.99,527.5544444444445,Bill Payment,0.3333333333333333,0.2222222222222222,25-34,Tier 2,Verified,0.528,8.46568724284044
USR01090,6,8,4834.62,604.3275,Bill Payment,0.25,0.375,18-24,Tier 1,Verified,0.32,8.483764631310681
USR01091,38,16,26488.62,1655.53875,P2M,0.25,0.375,25-34,Tier 1,Verified,0.15,10.184508237127362
USR01092,34,7,1383.49,197.64142857142858,P2M,0.14285714285714285,0.0,45-54,Tier 2,Verified,0.854,7.233087119760808
USR01093,25,8,5339.89,667.48625,P2P,0.375,0.25,25-34,Tier 2,Verified,0.475,8.583147584733561
USR01094,5,10,7256.950000000001,725.695,Bill Payment,0.2,0.6,35-44,Tier 2,Verified,0.722,8.889852698799162
USR01095,7,13,23325.485699999957,1794.2681307692276,P2P,0.23076923076923078,0.3076923076923077,25-34,Tier 1,Verified,0.424,10.057344719292637
USR01096,2,13,4296.57,330.50538461538457,P2P,0.46153846153846156,0.3076923076923077,45-54,Tier 3,Not Verified,0.908,8.365805025664196
USR01097,1,13,4536.27,348.9438461538462,P2M,0.3076923076923077,0.46153846153846156,35-44,Tier 2,Verified,0.158,8.420080788583157
USR01098,2,10,18113.07,1811.307,P2M,0.3,0.4,35-44,Tier 1,Verified,0.472,9.804444263341692
USR01099,4,11,29938.771399999914,2721.706490909083,P2M,0.18181818181818182,0.2727272727272727,35-44,Tier 1,Verified,0.757,10.306943022673927
USR01100,41,8,13417.41,1677.17625,P2P,0.25,0.125,25-34,Tier 1,Not Verified,0.644,9.504382923625602
USR01101,21,9,5077.78,564.1977777777778,P2M,0.2222222222222222,0.1111111111111111,18-24,Tier 2,Verified,0.863,8.532826354249787
USR01102,40,8,12289.65,1536.20625,P2M,0.125,0.5,35-44,Tier 1,Verified,0.547,9.41659408968879
USR01103,33,14,3338.67,238.47642857142858,P2M,0.14285714285714285,0.35714285714285715,25-34,Tier 3,Verified,0.895,8.113627278694258
USR01104,85,11,8932.61,812.0554545454546,Bill Payment,0.09090909090909091,0.0,25-34,Tier 2,Verified,0.122,9.097575847500528
USR01105,45,9,5340.75,593.4166666666666,Bill Payment,0.5555555555555556,0.2222222222222222,35-44,Tier 3,Verified,0.999,8.583308593623098
USR01106,56,12,17737.11,1478.0925,Bill Payment,0.3333333333333333,0.4166666666666667,18-24,Tier 2,Verified,0.674,9.783470711292747
USR01107,12,10,3339.26,333.92600000000004,Bill Payment,0.3,0.2,25-34,Tier 3,Verified,0.161,8.113803927252413
USR01108,11,9,1685.85,187.31666666666666,P2M,0.4444444444444444,0.3333333333333333,45-54,Tier 3,Verified,0.202,7.4306181633586315
USR01109,15,11,6100.05,554.5500000000001,P2M,0.36363636363636365,0.2727272727272727,18-24,Tier 3,Verified,0.126,8.716216166496077
USR01110,135,7,1273.57,181.9385714285714,P2P,0.2857142857142857,0.2857142857142857,18-24,Tier 2,Verified,0.531,7.150364145807341
USR01111,17,11,694.65,63.15,Bill Payment,0.5454545454545454,0.36363636363636365,18-24,Tier 3,Verified,0.664,6.544846660287885
USR01112,27,7,2823.7200000000003,403.3885714285715,P2M,0.2857142857142857,0.42857142857142855,35-44,Tier 3,Verified,0.833,7.946164523624073
USR01113,29,17,5405.33,317.9605882352941,Bill Payment,0.35294117647058826,0.35294117647058826,25-34,Tier 2,Verified,0.752,8.595325768258567
USR01114,202,3,593.69,197.89666666666668,P2P,0.0,0.0,35-44,Tier 1,Verified,0.399,6.38804026137023
USR01115,25,12,10687.39,890.6158333333333,P2M,0.25,0.25,18-24,Tier 2,Verified,0.234,9.276913384631658
USR01116,33,14,8369.24,597.8028571428571,P2M,0.14285714285714285,0.5,45-54,Tier 2,Not Verified,0.858,9.03243783690756
USR01117,20,6,1509.8600000000001,251.64333333333335,P2M,0.16666666666666666,0.0,18-24,Tier 2,Verified,0.878,7.320434304108496
USR01118,107,12,12871.4,1072.6166666666666,P2M,0.25,0.3333333333333333,25-34,Tier 3,Verified,0.344,9.462840763391384
USR01119,158,12,4643.96,386.99666666666667,P2M,0.3333333333333333,0.5,25-34,Tier 2,Verified,0.847,8.443538039800742
USR01120,13,14,17932.66,1280.9042857142856,P2P,0.14285714285714285,0.2857142857142857,18-24,Tier 1,Verified,0.806,9.794434672929247
USR01121,121,7,5962.42,851.7742857142857,Bill Payment,0.7142857142857143,0.42857142857142855,18-24,Tier 1,Verified,0.819,8.693399420987852
USR01122,8,6,2881.99,480.33166666666665,P2M,0.16666666666666666,0.3333333333333333,18-24,Tier 3,Verified,0.535,7.966583229023299
USR01123,33,7,1927.83,275.4042857142857,P2M,0.0,0.2857142857142857,18-24,Tier 3,Verified,0.885,7.564668880458156
USR01124,5,10,690.36,69.036,P2P,0.4,0.3,25-34,Tier 3,Verified,0.133,6.538660672183623
USR01125,44,11,8231.94,748.3581818181818,P2M,0.5454545454545454,0.2727272727272727,25-34,Tier 1,Verified,0.14,9.015898459527428
USR01126,7,11,11524.05,1047.640909090909,P2P,0.2727272727272727,0.2727272727272727,35-44,Tier 2,Not Verified,0.9,9.352278206250233
USR01127,19,12,6051.28,504.2733333333333,P2P,0.25,0.4166666666666667,18-24,Tier 1,Verified,0.381,8.708190339535312
USR01128,25,14,2852.25,203.73214285714286,P2P,0.21428571428571427,0.14285714285714285,55+,Tier 3,Verified,0.349,7.95621397443371
USR01129,90,8,11680.14,1460.0175,P2M,0.375,0.375,55+,Tier 1,Verified,0.242,9.365730854359107
USR01130,1,11,3232.7999999999997,293.8909090909091,P2M,0.36363636363636365,0.36363636363636365,35-44,Tier 2,Verified,0.286,8.081413195305714
USR01131,2,8,4433.66,554.2075,P2M,0.375,0.5,45-54,Tier 2,Verified,0.734,8.397206228896248
USR01132,63,12,31832.870000000003,2652.7391666666667,P2P,0.3333333333333333,0.25,25-34,Tier 1,Verified,0.652,10.36828609629735
USR01133,46,7,3194.08,456.29714285714283,P2M,0.0,0.2857142857142857,35-44,Tier 2,Verified,0.524,8.069367405621792
USR01134,19,11,8741.1,794.6454545454545,P2M,0.45454545454545453,0.18181818181818182,35-44,Tier 3,Verified,0.484,9.075905714387805
USR01135,40,9,1885.22,209.4688888888889,P2M,0.4444444444444444,0.1111111111111111,25-34,Tier 3,Verified,0.721,7.542330105383015
USR01136,42,8,8126.12,1015.765,P2M,0.25,0.125,18-24,Tier 2,Verified,0.278,9.002961896240356
USR01137,2,11,9243.84,840.3490909090909,P2M,0.2727272727272727,0.18181818181818182,45-54,Tier 2,Verified,0.931,9.13182083701922
USR01138,26,16,8232.35,514.521875,P2M,0.375,0.3125,25-34,Tier 1,Verified,0.928,9.015948258237408
USR01139,21,17,10699.720000000001,629.3952941176472,P2P,0.23529411764705882,0.23529411764705882,18-24,Tier 2,Verified,0.739,9.278066307905773
USR01140,101,14,19627.35,1401.9535714285714,P2M,0.2857142857142857,0.2857142857142857,25-34,Tier 1,Verified,0.906,9.884730228719857
USR01141,3,12,6263.13,521.9275,P2M,0.16666666666666666,0.4166666666666667,18-24,Tier 3,Verified,0.926,8.74259499096742
USR01142,13,7,4456.64,636.6628571428572,EMI,0.14285714285714285,0.42857142857142855,25-34,Tier 1,Verified,0.159,8.402374756983848
USR01143,17,10,3376.96,337.696,P2P,0.1,0.5,25-34,Tier 2,Verified,0.354,8.125027255971407
USR01144,7,12,4099.7,341.64166666666665,P2M,0.25,0.4166666666666667,55+,Tier 3,Verified,0.465,8.318912969826718
USR01145,40,10,20605.255699999958,2060.5255699999957,P2M,0.0,0.3,45-54,Tier 1,Verified,0.164,9.933349983435106
USR01146,60,11,19529.46,1775.4054545454544,P2M,0.18181818181818182,0.36363636363636365,25-34,Tier 2,Verified,0.315,9.87973057710077
USR01147,36,12,1923.54,160.295,P2M,0.16666666666666666,0.4166666666666667,25-34,Tier 3,Verified,0.407,7.562442257127185
USR01148,32,9,5778.77,642.0855555555556,P2M,0.3333333333333333,0.3333333333333333,35-44,Tier 1,Verified,0.408,8.662119168487141
USR01149,14,8,2448.93,306.11625,Subscription,0.25,0.125,25-34,Tier 2,Verified,0.741,7.8038147317020305
USR01150,55,10,16777.0,1677.7,P2M,0.2,0.3,18-24,Tier 2,Verified,0.393,9.72782378340624
USR01151,37,4,4314.67,1078.6675,P2P,0.25,0.25,45-54,Tier 1,Not Verified,0.465,8.370007863769942
USR01152,15,10,14147.7,1414.77,P2M,0.3,0.3,18-24,Tier 1,Verified,0.694,9.5573780260593
USR01153,39,10,21620.21,2162.0209999999997,P2M,0.5,0.4,35-44,Tier 1,Verified,0.673,9.981430056324625
USR01154,6,7,7475.31,1067.9014285714286,P2M,0.0,0.2857142857142857,25-34,Tier 1,Verified,0.362,8.919494633740374
USR01155,1,7,10343.130000000001,1477.5900000000001,P2M,0.5714285714285714,0.2857142857142857,35-44,Tier 2,Not Verified,0.89,9.244174488044802
USR01156,170,7,2375.03,339.29,P2M,0.42857142857142855,0.5714285714285714,35-44,Tier 2,Verified,0.943,7.773186306665451
USR01157,8,9,10371.27,1152.3633333333335,P2M,0.2222222222222222,0.3333333333333333,25-34,Tier 2,Not Verified,0.624,9.24689117794334
USR01158,39,12,3548.33,295.69416666666666,P2P,0.16666666666666666,0.3333333333333333,25-34,Tier 2,Verified,0.867,8.174514132262896
USR01159,24,4,2944.51,736.1275,P2M,0.5,0.5,18-24,Tier 2,Verified,0.101,7.988037255965315
USR01160,9,10,5946.95,594.6949999999999,P2M,0.4,0.3,25-34,Tier 2,Not Verified,0.879,8.69080190135776
USR01161,1,11,4958.33,450.7572727272727,P2M,0.0,0.0,25-34,Tier 2,Verified,0.386,8.5090259299496
USR01162,21,7,11522.02,1646.0028571428572,P2P,0.2857142857142857,0.14285714285714285,18-24,Tier 1,Verified,0.696,9.352102052671626
USR01163,2,10,2344.94,234.494,P2M,0.5,0.6,45-54,Tier 3,Verified,0.932,7.760441453438793
USR01164,12,14,7305.06,521.7900000000001,P2M,0.21428571428571427,0.14285714285714285,25-34,Tier 2,Not Verified,0.703,8.896459419749647
USR01165,88,4,1001.2099999999999,250.30249999999998,P2M,0.25,0.75,18-24,Tier 2,Verified,0.896,6.909962840524138
USR01166,20,11,18781.045699999955,1707.3677909090868,P2M,0.2727272727272727,0.36363636363636365,55+,Tier 1,Verified,0.825,9.8406566765423
USR01167,1,2,395.72,197.86,P2M,0.5,1.0,35-44,Tier 1,Verified,0.482,5.983230742180878
USR01168,30,15,5816.74,387.78266666666667,P2P,0.6,0.4666666666666667,45-54,Tier 2,Verified,0.482,8.66866714916004
USR01169,11,11,10231.41,930.1281818181818,P2P,0.18181818181818182,0.6363636363636364,25-34,Tier 1,Verified,0.342,9.233315412823357
USR01170,35,17,5388.35,316.9617647058824,P2M,0.058823529411764705,0.35294117647058826,35-44,Tier 3,Verified,0.134,8.592180062939017
USR01171,5,11,4664.5199999999995,424.0472727272727,P2M,0.09090909090909091,0.36363636363636365,25-34,Tier 1,Verified,0.966,8.44795457545087
USR01172,90,9,10312.93,1145.881111111111,EMI,0.2222222222222222,0.4444444444444444,35-44,Tier 2,Verified,0.985,9.241250687696269
USR01173,25,10,3039.31,303.931,P2M,0.3,0.4,25-34,Tier 2,Verified,0.901,8.019714762885515
USR01174,24,9,11566.32,1285.1466666666665,P2M,0.1111111111111111,0.0,25-34,Tier 1,Verified,0.585,9.355939159821528
USR01175,3,13,40139.16279999983,3087.6279076922947,P2P,0.5384615384615384,0.5384615384615384,35-44,Tier 1,Not Verified,0.11,10.600132678146784
USR01176,69,7,3782.9700000000003,540.4242857142857,Bill Payment,0.2857142857142857,0.2857142857142857,18-24,Tier 2,Verified,0.398,8.238529002021949
USR01177,4,10,8417.1,841.71,P2M,0.2,0.3,35-44,Tier 2,Verified,0.132,9.038139428566206
USR01178,17,12,16250.98,1354.2483333333332,P2M,0.4166666666666667,0.08333333333333333,25-34,Tier 2,Verified,0.607,9.69597002648909
USR01179,27,13,3405.11,261.9315384615385,P2M,0.3076923076923077,0.15384615384615385,18-24,Tier 2,Not Verified,0.146,8.133326156649456
USR01180,51,10,10266.23,1026.623,P2P,0.1,0.6,18-24,Tier 2,Verified,0.174,9.236712548918115
USR01181,1,12,13703.07,1141.9225,Bill Payment,0.5,0.5833333333333334,18-24,Tier 1,Verified,0.353,9.525448147988575
USR01182,49,9,3660.0,406.6666666666667,Bill Payment,0.1111111111111111,0.4444444444444444,18-24,Tier 2,Not Verified,0.919,8.205491613120236
USR01183,43,7,17731.375699999957,2533.0536714285654,P2M,0.14285714285714285,0.14285714285714285,35-44,Tier 2,Verified,0.258,9.78314738332377
USR01184,51,8,2263.4,282.925,P2P,0.25,0.125,45-54,Tier 3,Verified,0.575,7.725065102162505
USR01185,59,9,2869.44,318.82666666666665,P2M,0.2222222222222222,0.3333333333333333,35-44,Tier 2,Verified,0.84,7.962220607107404
USR01186,48,11,4626.77,420.6154545454546,P2M,0.2727272727272727,0.45454545454545453,35-44,Tier 2,Verified,0.314,8.439830389585088
USR01187,1,10,13527.03,1352.703,P2P,0.3,0.0,35-44,Tier 2,Verified,0.761,9.512519108198665
USR01188,14,13,7661.92,589.3784615384616,P2M,0.15384615384615385,0.23076923076923078,45-54,Tier 2,Not Verified,0.204,8.944148391140365
USR01189,90,6,11368.8,1894.8,EMI,0.16666666666666666,0.3333333333333333,35-44,Tier 1,Verified,0.772,9.338715996440357
USR01190,8,9,1405.2,156.13333333333333,P2M,0.2222222222222222,0.1111111111111111,35-44,Tier 3,Verified,0.735,7.248646309765061
USR01191,43,4,4021.7200000000003,1005.4300000000001,P2M,0.5,0.5,35-44,Tier 2,Verified,0.111,8.299713569726466
USR01192,7,16,2804.98,175.31125,P2M,0.3125,0.25,25-34,Tier 2,Verified,0.966,7.9395081330532555
USR01193,1,9,14898.455699999957,1655.3839666666618,P2M,0.0,0.7777777777777778,25-34,Tier 2,Verified,0.674,9.60907996106496
USR01194,36,11,8945.2,813.2,P2P,0.36363636363636365,0.36363636363636365,25-34,Tier 2,Not Verified,0.34,9.098984140103278
USR01195,8,8,8573.04,1071.63,P2M,0.375,0.5,25-34,Tier 1,Verified,0.774,9.056494312414127
USR01196,3,12,10689.68,890.8066666666667,P2M,0.3333333333333333,0.6666666666666666,45-54,Tier 3,Verified,0.71,9.27712761284727
USR01197,49,12,17654.84,1471.2366666666667,P2M,0.25,0.08333333333333333,35-44,Tier 1,Verified,0.108,9.778821885820296
USR01198,48,7,4720.45,674.35,P2M,0.2857142857142857,0.42857142857142855,25-34,Tier 1,Verified,0.717,8.459871234792132
USR01199,4,15,2919.33,194.62199999999999,P2P,0.2,0.4,25-34,Tier 2,Verified,0.131,7.9794519025753905
USR01200,5,8,3974.79,496.84875,P2P,0.375,0.25,25-34,Tier 2,Verified,0.852,8.287978749480194
USR01201,4,14,14704.905699999958,1050.350407142854,Bill Payment,0.14285714285714285,0.35714285714285715,45-54,Tier 1,Verified,0.644,9.596004440386904
USR01202,9,15,4264.5199999999995,284.3013333333333,P2M,0.4,0.3333333333333333,25-34,Tier 1,Verified,0.328,8.358319375119846
USR01203,46,12,2207.9900000000002,183.9991666666667,P2M,0.16666666666666666,0.25,25-34,Tier 3,Verified,0.93,7.700290676474606
USR01204,113,11,28176.565699999956,2561.5059727272687,P2P,0.2727272727272727,0.18181818181818182,25-34,Tier 1,Verified,0.803,10.246281397761106
USR01205,15,7,18456.27569999996,2636.6108142857083,P2P,0.5714285714285714,0.42857142857142855,25-34,Tier 1,Verified,0.996,9.823213918617842
USR01206,42,11,12433.12,1130.2836363636363,P2M,0.36363636363636365,0.6363636363636364,35-44,Tier 2,Verified,0.162,9.428199585739765
USR01207,3,14,9549.27,682.0907142857143,P2M,0.14285714285714285,0.7142857142857143,35-44,Tier 1,Verified,0.543,9.164324705326433
USR01208,30,6,2669.76,444.96000000000004,P2M,0.3333333333333333,0.3333333333333333,25-34,Tier 2,Verified,0.679,7.890118355085579
USR01209,26,13,3518.04,270.61846153846153,P2M,0.38461538461538464,0.23076923076923078,18-24,Tier 1,Not Verified,0.163,8.16594350412257
USR01210,23,6,5371.8,895.3000000000001,Bill Payment,0.16666666666666666,0.3333333333333333,18-24,Tier 2,Verified,0.548,8.589104466883223
USR01211,74,8,1916.64,239.58,P2M,0.25,0.0,25-34,Tier 3,Verified,0.34,7.558850542310213
USR01212,9,15,11404.63,760.3086666666666,P2M,0.4666666666666667,0.4,55+,Tier 3,Verified,0.564,9.341862372123169
USR01213,35,8,8188.39,1023.54875,P2M,0.125,0.375,55+,Tier 2,Verified,0.86,9.010594692998781
USR01214,20,10,11110.42,1111.042,P2M,0.1,0.2,25-34,Tier 2,Verified,0.103,9.315728687247596
USR01215,30,9,3426.14,380.6822222222222,P2M,0.3333333333333333,0.2222222222222222,35-44,Tier 2,Verified,0.582,8.139481373097379
USR01216,102,8,23852.341399999914,2981.5426749999892,P2P,0.0,0.375,25-34,Tier 2,Verified,0.669,10.079679587132238
USR01217,5,13,21516.55,1655.1192307692306,P2M,0.15384615384615385,0.46153846153846156,18-24,Tier 1,Not Verified,0.965,9.97662416021095
USR01218,17,8,4909.9,613.7375,P2M,0.75,0.375,35-44,Tier 2,Verified,0.259,8.499212503380289
USR01219,17,9,8175.27,908.3633333333333,P2P,0.5555555555555556,0.2222222222222222,45-54,Tier 1,Verified,0.451,9.00899133538159
USR01220,6,10,2054.01,205.401,P2M,0.5,0.1,25-34,Tier 3,Verified,0.897,7.6280359930985435
USR01221,4,13,7599.320000000001,584.563076923077,P2M,0.3076923076923077,0.46153846153846156,35-44,Tier 2,Verified,0.123,8.93594563065118
USR01222,1,6,4002.4500000000003,667.075,P2M,0.0,0.3333333333333333,35-44,Tier 3,Verified,0.813,8.294911768362638
USR01223,32,6,4113.65,685.6083333333332,P2M,0.16666666666666666,0.16666666666666666,18-24,Tier 3,Verified,0.831,8.32230905481581
USR01224,1,11,4162.42,378.4018181818182,P2M,0.09090909090909091,0.36363636363636365,18-24,Tier 3,Verified,0.404,8.334092130888173
USR01225,60,12,8373.28,697.7733333333334,P2M,0.08333333333333333,0.4166666666666667,35-44,Tier 1,Verified,0.688,9.032920382848369
USR01226,13,11,3597.59,327.0536363636364,Bill Payment,0.2727272727272727,0.45454545454545453,25-34,Tier 3,Verified,0.621,8.188297381056113
USR01227,35,6,1574.52,262.42,P2P,0.3333333333333333,0.3333333333333333,25-34,Tier 2,Verified,0.117,7.362340655499492
USR01228,7,6,2697.83,449.6383333333333,P2P,0.16666666666666666,0.3333333333333333,35-44,Tier 2,Verified,0.684,7.900573624743066
USR01229,13,10,17388.27,1738.827,Bill Payment,0.5,0.6,25-34,Tier 1,Verified,0.188,9.76360862831886
USR01230,31,13,17985.72,1383.5169230769231,Bill Payment,0.15384615384615385,0.6923076923076923,25-34,Tier 1,Verified,0.635,9.797388986808564
USR01231,47,9,7654.85,850.5388888888889,P2M,0.4444444444444444,0.4444444444444444,35-44,Tier 2,Verified,0.83,8.943225340464366
USR01232,39,8,20334.765699999956,2541.8457124999945,P2M,0.0,0.375,25-34,Tier 1,Verified,0.716,9.92013647192305
USR01233,102,15,8570.71,571.3806666666666,P2M,0.26666666666666666,0.13333333333333333,25-34,Tier 1,Verified,0.634,9.056222524943255
USR01234,20,7,12716.835699999956,1816.690814285708,P2P,0.14285714285714285,0.42857142857142855,45-54,Tier 1,Verified,0.474,9.450760673045995
USR01235,13,7,3481.49,497.35571428571427,P2M,0.14285714285714285,0.2857142857142857,25-34,Tier 2,Verified,0.933,8.155502834149479
USR01236,54,7,1049.73,149.96142857142857,P2M,0.14285714285714285,0.14285714285714285,55+,Tier 3,Verified,0.114,6.95724043968076
USR01237,3,11,9593.55,872.1409090909091,P2P,0.36363636363636365,0.2727272727272727,18-24,Tier 2,Verified,0.18,9.168950507915202
USR01238,10,15,18970.18,1264.6786666666667,P2P,0.2,0.2,35-44,Tier 1,Verified,0.813,9.850676264473682
USR01239,47,11,11869.12,1079.010909090909,P2M,0.36363636363636365,0.2727272727272727,35-44,Tier 2,Verified,0.344,9.381779597072411
USR01240,4,9,1837.11,204.12333333333333,P2M,0.6666666666666666,0.2222222222222222,35-44,Tier 3,Verified,0.134,7.516493148785333
USR01241,2,11,4271.150000000001,388.28636363636366,P2M,0.45454545454545453,0.36363636363636365,35-44,Tier 2,Verified,0.804,8.359872492383158
USR01242,75,8,8554.359999999999,1069.2949999999998,P2P,0.125,0.5,35-44,Tier 2,Verified,0.206,9.054313266095516
USR01243,4,12,4381.16,365.09666666666664,P2M,0.25,0.6666666666666666,45-54,Tier 3,Verified,0.988,8.385297032496586
USR01244,73,8,9590.64,1198.83,EMI,0.5,0.0,45-54,Tier 3,Verified,0.274,9.168647164726972
USR01245,48,8,6303.64,787.955,Bill Payment,0.375,0.875,18-24,Tier 2,Verified,0.244,8.74904114922726
USR01246,26,8,4774.95,596.86875,P2M,0.5,0.25,35-44,Tier 2,Verified,0.491,8.471348186005912
USR01247,1,6,725.5100000000001,120.91833333333335,P2M,0.3333333333333333,0.16666666666666666,25-34,Tier 3,Verified,0.766,6.58825224754052
USR01248,44,11,1158.93,105.35727272727273,P2M,0.36363636363636365,0.09090909090909091,45-54,Tier 3,Verified,0.537,7.056114937452002
USR01249,2,14,2289.8999999999996,163.5642857142857,P2M,0.21428571428571427,0.2857142857142857,35-44,Tier 1,Verified,0.393,7.736700032439302
USR01250,14,12,5080.94,423.41166666666663,P2M,0.25,0.3333333333333333,25-34,Tier 1,Verified,0.394,8.53344835743497
USR01251,1,13,25938.165699999958,1995.2435153846122,P2M,0.46153846153846156,0.46153846153846156,25-34,Tier 1,Verified,0.299,10.163509294670089
USR01252,46,10,42948.28849999979,4294.828849999979,Bill Payment,0.2,0.3,35-44,Tier 1,Verified,0.23,10.667775361501027
USR01253,38,8,12680.86,1585.1075,P2P,0.25,0.25,25-34,Tier 2,Not Verified,0.223,9.44792790493079
USR01254,21,5,3936.33,787.266,Bill Payment,0.2,0.2,45-54,Tier 3,Verified,0.282,8.278258107598663
USR01255,49,6,7913.429999999999,1318.905,P2P,0.16666666666666666,0.5,25-34,Tier 2,Verified,0.223,8.97644295456081
USR01256,54,10,2635.11,263.511,Bill Payment,0.1,0.4,25-34,Tier 2,Verified,0.409,7.877059624645509
USR01257,20,9,5485.59,609.51,P2M,0.2222222222222222,0.5555555555555556,18-24,Tier 1,Verified,0.597,8.610062212196794
USR01258,4,12,27850.645699999957,2320.887141666663,Bill Payment,0.4166666666666667,0.25,35-44,Tier 1,Verified,0.996,10.23464733517153
USR01259,12,15,1650.25,110.01666666666667,P2P,0.2,0.4,45-54,Tier 3,Verified,0.757,7.409287855836535
USR01260,104,10,7877.28,787.728,P2M,0.3,0.1,45-54,Tier 1,Verified,0.622,8.97186488491499
USR01261,39,9,2217.88,246.43111111111114,P2M,0.2222222222222222,0.4444444444444444,35-44,Tier 2,Not Verified,0.908,7.704757843056604
USR01262,12,22,17517.5,796.25,P2M,0.18181818181818182,0.2727272727272727,35-44,Tier 1,Verified,0.76,9.771012744386729
USR01263,22,10,9704.2,970.4200000000001,P2P,0.2,0.2,35-44,Tier 2,Verified,0.829,9.180417103324825
USR01264,17,12,30754.13569999996,2562.8446416666634,P2M,0.4166666666666667,0.3333333333333333,25-34,Tier 2,Verified,0.175,10.333812273923417
USR01265,45,14,23511.47,1679.3907142857145,P2P,0.42857142857142855,0.2857142857142857,18-24,Tier 2,Verified,0.219,10.065286197691407
USR01266,27,8,2798.79,349.84875,P2M,0.25,0.375,55+,Tier 2,Verified,0.702,7.9372996933506546
USR01267,19,11,6956.13,632.3754545454545,P2M,0.18181818181818182,0.18181818181818182,55+,Tier 3,Verified,0.122,8.84752231196438
USR01268,8,10,3388.79,338.879,P2M,0.3,0.1,35-44,Tier 2,Verified,0.465,8.128523251553052
USR01269,16,11,8645.65,785.9681818181817,P2M,0.5454545454545454,0.18181818181818182,25-34,Tier 1,Verified,0.101,9.06492724167541
USR01270,13,6,2533.53,422.25500000000005,P2M,0.3333333333333333,0.3333333333333333,35-44,Tier 3,Verified,0.367,7.8377634944965235
USR01271,16,7,3351.8,478.8285714285715,P2M,0.42857142857142855,0.14285714285714285,35-44,Tier 2,Verified,0.286,8.117551096610862
USR01272,51,6,10289.24,1714.8733333333332,EMI,0.3333333333333333,0.5,35-44,Tier 1,Not Verified,0.919,9.238951152171264
USR01273,11,8,4029.96,503.745,P2M,0.25,0.25,18-24,Tier 1,Verified,0.519,8.301759839971925
USR01274,6,11,5453.55,495.77727272727276,P2M,0.18181818181818182,0.18181818181818182,25-34,Tier 1,Verified,0.734,8.604205401738854
USR01275,26,10,4336.66,433.666,P2M,0.2,0.2,18-24,Tier 2,Verified,0.401,8.375090311182852
USR01276,17,6,5112.78,852.13,P2P,0.5,0.5,25-34,Tier 1,Verified,0.733,8.5396941357627
USR01277,52,4,4067.5,1016.875,P2M,0.25,0.25,35-44,Tier 1,Verified,0.341,8.311029660136711
USR01278,36,9,5355.6,595.0666666666667,P2P,0.1111111111111111,0.5555555555555556,35-44,Tier 3,Not Verified,0.411,8.586084724435286
USR01279,5,14,2748.68,196.3342857142857,P2M,0.21428571428571427,0.14285714285714285,35-44,Tier 2,Verified,0.579,7.91923982025348
USR01280,40,12,5044.96,420.41333333333336,P2P,0.16666666666666666,0.5833333333333334,18-24,Tier 2,Verified,0.431,8.526343202098637
USR01281,42,11,3291.62,299.23818181818183,P2M,0.2727272727272727,0.09090909090909091,18-24,Tier 3,Verified,0.896,8.099438879422529
USR01282,171,2,1352.9099999999999,676.4549999999999,P2M,1.0,0.5,25-34,Tier 1,Verified,0.961,7.210751981543661
USR01283,12,7,3157.86,451.1228571428572,P2P,0.42857142857142855,0.42857142857142855,18-24,Tier 1,Verified,0.547,8.057966481997926
USR01284,48,8,7280.06,910.0075,P2M,0.125,0.25,35-44,Tier 1,Verified,0.714,8.893031734987044
USR01285,40,8,5498.93,687.36625,P2P,0.5,0.25,35-44,Tier 1,Verified,0.764,8.612490643866842
USR01286,22,9,2733.0,303.6666666666667,P2M,0.3333333333333333,0.2222222222222222,25-34,Tier 2,Verified,0.822,7.913521017283895
USR01287,33,8,16342.14,2042.7675,P2M,0.25,0.5,25-34,Tier 2,Verified,0.409,9.701563516415053
USR01288,71,8,10550.44,1318.805,Bill Payment,0.125,0.25,25-34,Tier 1,Verified,0.727,9.264017622480901
USR01289,28,20,32554.62,1627.731,P2M,0.45,0.3,25-34,Tier 2,Verified,0.219,10.39070529018321
USR01290,10,10,12778.77,1277.877,P2M,0.2,0.4,35-44,Tier 1,Verified,0.435,9.45561873089947
USR01291,5,9,8593.63,954.8477777777777,P2M,0.2222222222222222,0.4444444444444444,25-34,Tier 2,Verified,0.356,9.05889286860646
USR01292,7,8,2398.5099999999998,299.81374999999997,P2M,0.25,0.375,18-24,Tier 2,Verified,0.357,7.783019828824519
USR01293,50,14,6930.12,495.00857142857143,P2M,0.2857142857142857,0.21428571428571427,35-44,Tier 2,Verified,0.205,8.84377669528708
USR01294,8,9,15034.18,1670.4644444444446,P2M,0.2222222222222222,0.2222222222222222,25-34,Tier 2,Verified,0.433,9.618148067416145
USR01295,12,10,17482.489999999998,1748.2489999999998,P2M,0.3,0.3,35-44,Tier 1,Verified,0.233,9.769012286031343
USR01296,32,9,7776.75,864.0833333333334,Bill Payment,0.4444444444444444,0.3333333333333333,18-24,Tier 1,Not Verified,0.928,8.959022372260328
USR01297,58,15,13459.96,897.3306666666666,P2M,0.4666666666666667,0.2,25-34,Tier 1,Verified,0.935,9.507548923092244
USR01298,48,12,6061.76,505.1466666666667,P2M,0.3333333333333333,0.4166666666666667,45-54,Tier 3,Verified,0.398,8.709920420924073
USR01299,1,9,2388.8199999999997,265.4244444444444,P2M,0.2222222222222222,0.2222222222222222,25-34,Tier 3,Verified,0.779,7.778973328281798
USR01300,4,8,962.85,120.35625,EMI,0.125,0.25,25-34,Tier 3,Verified,0.756,6.8709356808436
USR01301,162,3,392.11,130.70333333333335,P2M,0.3333333333333333,0.6666666666666666,35-44,Tier 2,Verified,0.91,5.974089470923892
USR01302,12,14,10983.96,784.5685714285713,P2P,0.5,0.35714285714285715,18-24,Tier 2,Verified,0.461,9.304282343482996
USR01303,46,10,4300.59,430.059,P2P,0.2,0.5,55+,Tier 2,Verified,0.15,8.366740000776382
USR01304,67,12,4841.24,403.43666666666667,P2M,0.25,0.4166666666666667,35-44,Tier 3,Verified,0.942,8.485132702564554
USR01305,31,11,19879.280000000002,1807.207272727273,Bill Payment,0.18181818181818182,0.5454545454545454,35-44,Tier 1,Not Verified,0.501,9.897483564618422
USR01306,86,14,14282.425699999956,1020.1732642857112,P2M,0.2857142857142857,0.35714285714285715,35-44,Tier 2,Verified,0.541,9.56685510208136
USR01307,20,15,32406.825699999958,2160.4550466666637,P2M,0.13333333333333333,0.2,25-34,Tier 2,Verified,0.425,10.386155206566409
USR01308,5,15,7107.05,473.80333333333334,P2M,0.13333333333333333,0.4,18-24,Tier 3,Verified,0.436,8.86898322357732
USR01309,3,9,5165.46,573.94,P2M,0.3333333333333333,0.1111111111111111,55+,Tier 3,Verified,0.887,8.549943013439208
USR01310,3,7,5223.139999999999,746.1628571428571,P2M,0.7142857142857143,0.2857142857142857,35-44,Tier 2,Verified,0.474,8.561045469984613
USR01311,38,9,2696.6499999999996,299.62777777777774,P2P,0.6666666666666666,0.3333333333333333,25-34,Tier 3,Verified,0.473,7.900136302629834
USR01312,66,10,4207.15,420.715,Bill Payment,0.3,0.2,55+,Tier 2,Verified,0.373,8.34477840017006
USR01313,13,6,2475.4,412.56666666666666,P2M,0.3333333333333333,0.6666666666666666,25-34,Tier 1,Verified,0.632,7.814561171645077
USR01314,47,9,1377.87,153.09666666666666,Bill Payment,0.3333333333333333,0.3333333333333333,35-44,Tier 2,Verified,0.346,7.229019602138469
USR01315,71,10,12315.59,1231.559,P2P,0.7,0.2,35-44,Tier 1,Not Verified,0.223,9.41870241306099
USR01316,11,10,9895.38,989.5379999999999,P2M,0.2,0.6,45-54,Tier 1,Verified,0.138,9.199924312688362
USR01317,113,7,2884.6499999999996,412.0928571428571,P2M,0.14285714285714285,0.14285714285714285,18-24,Tier 3,Verified,0.603,7.9675054568581185
USR01318,14,5,2905.11,581.022,P2M,0.2,0.6,45-54,Tier 2,Verified,0.37,7.9745706961323455
USR01319,67,7,3321.36,474.48,P2M,0.14285714285714285,0.42857142857142855,55+,Tier 2,Verified,0.699,8.108430652754542
USR01320,42,9,5271.46,585.7177777777778,P2M,0.2222222222222222,0.1111111111111111,25-34,Tier 2,Verified,0.68,8.57025232579025
USR01321,12,9,9600.18,1066.6866666666667,P2M,0.1111111111111111,0.1111111111111111,35-44,Tier 3,Not Verified,0.974,9.16964128656896
USR01322,2,13,16787.95,1291.3807692307694,P2M,0.23076923076923078,0.5384615384615384,25-34,Tier 1,Verified,0.492,9.728476210891515
USR01323,14,12,22383.25,1865.2708333333333,P2P,0.4166666666666667,0.25,25-34,Tier 1,Verified,0.76,10.016112865534815
USR01324,12,11,4814.11,437.6463636363636,P2M,0.36363636363636365,0.36363636363636365,25-34,Tier 2,Verified,0.232,8.479514169246459
USR01325,31,6,2540.5699999999997,423.4283333333333,P2M,0.5,0.6666666666666666,18-24,Tier 2,Verified,0.148,7.840537279297353
USR01326,16,9,1125.0,125.0,P2M,0.2222222222222222,0.4444444444444444,55+,Tier 3,Verified,0.362,7.026426808699636
USR01327,86,10,8115.110000000001,811.5110000000001,P2P,0.4,0.7,25-34,Tier 3,Verified,0.665,9.001606254328475
USR01328,4,7,1671.9,238.84285714285716,P2P,0.42857142857142855,0.2857142857142857,18-24,Tier 3,Verified,0.885,7.422313926337235
USR01329,17,13,19116.37,1470.49,P2M,0.38461538461538464,0.3076923076923077,35-44,Tier 1,Verified,0.72,9.85835262484295
USR01330,6,10,8171.78,817.178,Bill Payment,0.4,0.5,45-54,Tier 2,Verified,0.112,9.008564399253432
USR01331,6,11,15599.35,1418.1227272727274,P2M,0.45454545454545453,0.36363636363636365,25-34,Tier 1,Verified,0.929,9.655048628883383
USR01332,12,11,18570.97569999996,1688.2705181818144,P2M,0.18181818181818182,0.45454545454545453,45-54,Tier 3,Not Verified,0.848,9.829409040717675
USR01333,13,7,2207.09,315.29857142857145,Subscription,0.2857142857142857,0.14285714285714285,18-24,Tier 2,Not Verified,0.741,7.69988316743585
USR01334,60,6,8244.33,1374.055,Bill Payment,0.3333333333333333,0.16666666666666666,25-34,Tier 2,Verified,0.924,9.017402258449875
USR01335,20,7,10215.79,1459.3985714285716,P2M,0.0,0.14285714285714285,25-34,Tier 2,Verified,0.38,9.231787724401524
USR01336,77,11,13299.47,1209.0427272727272,P2M,0.36363636363636365,0.2727272727272727,35-44,Tier 1,Verified,0.973,9.495554651931325
USR01337,81,8,8141.88,1017.735,P2M,0.125,0.5,45-54,Tier 2,Not Verified,0.207,9.004899204774977
USR01338,70,11,44949.36279999983,4086.3057090908933,P2M,0.18181818181818182,0.2727272727272727,18-24,Tier 1,Verified,0.289,10.713314111057402
USR01339,4,12,7444.82,620.4016666666666,P2M,0.25,0.25,35-44,Tier 1,Verified,0.797,8.915408080087282
USR01340,24,8,13079.425699999958,1634.9282124999947,Bill Payment,0.5,0.125,25-34,Tier 1,Verified,0.814,9.47887217035314
USR01341,44,9,12522.07,1391.341111111111,P2M,0.3333333333333333,0.3333333333333333,18-24,Tier 1,Not Verified,0.328,9.435327822263334
USR01342,26,10,7642.26,764.226,EMI,0.3,0.0,25-34,Tier 1,Verified,0.928,8.94157949272002
USR01343,12,8,3661.1900000000005,457.64875000000006,P2M,0.25,0.5,25-34,Tier 2,Verified,0.416,8.205816608104792
USR01344,46,8,9225.66,1153.2075,P2M,0.0,0.625,45-54,Tier 1,Verified,0.245,9.129852398519883
USR01345,7,9,2209.89,245.54333333333332,P2M,0.6666666666666666,0.6666666666666666,25-34,Tier 3,Verified,0.162,7.701150428376031
USR01346,10,10,2926.39,292.639,P2M,0.3,0.7,25-34,Tier 2,Verified,0.744,7.981866520043465
USR01347,16,14,12917.58,922.6842857142857,P2M,0.14285714285714285,0.07142857142857142,35-44,Tier 2,Verified,0.753,9.46642186417562
USR01348,14,4,10356.75,2589.1875,P2M,0.0,0.25,25-34,Tier 1,Verified,0.267,9.245490310758983
USR01349,9,9,14319.25,1591.0277777777778,P2M,0.3333333333333333,0.2222222222222222,45-54,Tier 3,Verified,0.983,9.569429898462804
USR01350,146,6,9979.935699999958,1663.3226166666598,Bill Payment,0.0,0.5,25-34,Tier 1,Verified,0.986,9.208432122425574
USR01351,19,9,3420.02,380.0022222222222,P2M,0.3333333333333333,0.5555555555555556,25-34,Tier 2,Verified,0.786,8.137694031204305
USR01352,148,12,28272.54569999996,2356.0454749999967,P2P,0.25,0.5833333333333334,25-34,Tier 2,Verified,0.544,10.24968186553245
USR01353,100,11,13652.74,1241.158181818182,P2P,0.18181818181818182,0.18181818181818182,18-24,Tier 1,Verified,0.718,9.521768755757961
USR01354,12,11,4763.95,433.0863636363636,P2M,0.36363636363636365,0.36363636363636365,18-24,Tier 3,Verified,0.986,8.469042322853815
USR01355,3,5,8233.795699999959,1646.7591399999917,P2M,0.6,0.2,18-24,Tier 1,Verified,0.431,9.016123833560824
USR01356,5,8,10678.335699999956,1334.7919624999945,P2P,0.375,0.25,45-54,Tier 2,Verified,0.457,9.276065910205126
USR01357,3,7,8354.24,1193.462857142857,P2M,0.14285714285714285,0.42857142857142855,35-44,Tier 2,Not Verified,0.455,9.030644165931113
USR01358,107,5,8969.345699999958,1793.8691399999916,P2M,0.2,0.4,25-34,Tier 1,Verified,0.978,9.101679493886573
USR01359,27,13,1699.93,130.76384615384615,P2M,0.3076923076923077,0.38461538461538464,25-34,Tier 3,Verified,0.854,7.43893043928571
USR01360,1,20,14330.89,716.5445,P2M,0.4,0.4,25-34,Tier 1,Not Verified,0.781,9.570242403262819
USR01361,37,12,8823.09,735.2575,P2M,0.25,0.25,25-34,Tier 2,Verified,0.643,9.085240760337353
USR01362,21,14,18173.55,1298.1107142857143,P2P,0.21428571428571427,0.5,45-54,Tier 2,Verified,0.791,9.807777542810472
USR01363,44,6,1735.46,289.24333333333334,Subscription,0.16666666666666666,0.16666666666666666,18-24,Tier 3,Verified,0.666,7.459603837078627
USR01364,42,8,6428.21,803.52625,P2M,0.25,0.625,55+,Tier 2,Verified,0.548,8.768606948097249
USR01365,20,11,6112.27,555.6609090909092,Bill Payment,0.18181818181818182,0.2727272727272727,25-34,Tier 2,Verified,0.394,8.718217097219544
USR01366,1,12,12306.88,1025.5733333333333,P2P,0.4166666666666667,0.5833333333333334,25-34,Tier 1,Verified,0.568,9.417994986638147
USR01367,20,8,5492.86,686.6075,P2M,0.125,0.25,35-44,Tier 1,Verified,0.548,8.611386383986163
USR01368,31,13,2972.7,228.66923076923075,Bill Payment,0.3076923076923077,0.6153846153846154,18-24,Tier 3,Not Verified,0.586,7.997562247688508
USR01369,8,11,5274.92,479.53818181818184,P2M,0.36363636363636365,0.36363636363636365,25-34,Tier 3,Not Verified,0.892,8.570908350719971
USR01370,28,11,17632.34,1602.94,P2M,0.36363636363636365,0.36363636363636365,35-44,Tier 1,Verified,0.498,9.777546707250043
USR01371,77,8,3557.12,444.64,P2M,0.25,0.125,25-34,Tier 1,Verified,0.801,8.17698759446986
USR01372,44,10,5234.4400000000005,523.4440000000001,P2M,0.4,0.4,18-24,Tier 2,Verified,0.381,8.563206169438374
USR01373,62,15,8498.53,566.5686666666667,P2M,0.3333333333333333,0.2,45-54,Tier 2,Verified,0.541,9.047766146831984
USR01374,86,10,29602.461399999913,2960.246139999991,P2M,0.4,0.4,25-34,Tier 2,Not Verified,0.606,10.295646572664484
USR01375,36,11,12622.24,1147.4763636363637,P2P,0.36363636363636365,0.36363636363636365,45-54,Tier 1,Verified,0.632,9.443294838485055
USR01376,33,13,11039.76,849.2123076923077,P2M,0.23076923076923078,0.3076923076923077,55+,Tier 3,Verified,0.356,9.309349158041393
USR01377,78,12,5357.97,446.4975,P2M,0.4166666666666667,0.4166666666666667,45-54,Tier 2,Verified,0.43,8.586527071419841
USR01378,3,9,9822.75,1091.4166666666667,P2M,0.2222222222222222,0.5555555555555556,45-54,Tier 2,Verified,0.663,9.192558202180384
USR01379,8,13,6806.72,523.5938461538461,Bill Payment,0.3076923076923077,0.15384615384615385,18-24,Tier 3,Verified,0.471,8.82581254132282
USR01380,2,12,18537.43,1544.7858333333334,P2M,0.4166666666666667,0.16666666666666666,25-34,Tier 2,Verified,0.381,9.827601153764995
USR01381,18,7,2780.71,397.2442857142857,Bill Payment,0.2857142857142857,0.0,18-24,Tier 1,Not Verified,0.253,7.930821125497021
USR01382,51,14,9792.06,699.4328571428571,P2M,0.21428571428571427,0.21428571428571427,35-44,Tier 1,Verified,0.48,9.18942925052731
USR01383,6,10,9023.33,902.333,P2P,0.3,0.6,18-24,Tier 2,Verified,0.523,9.107679542218142
USR01384,2,12,12715.07,1059.5891666666666,P2M,0.16666666666666666,0.4166666666666667,35-44,Tier 1,Verified,0.39,9.450621826891288
USR01385,81,6,8512.85,1418.8083333333334,P2M,0.3333333333333333,0.5,18-24,Tier 1,Verified,0.285,9.049449528192024
USR01386,34,6,5009.69,834.9483333333333,P2P,0.3333333333333333,0.16666666666666666,25-34,Tier 2,Verified,0.37,8.519328909146653
USR01387,26,13,35752.23139999992,2750.17164615384,P2P,0.23076923076923078,0.3076923076923077,35-44,Tier 1,Verified,0.977,10.484395932848518
USR01388,28,10,11295.58,1129.558,Bill Payment,0.3,0.2,45-54,Tier 3,Not Verified,0.339,9.332255304023947
USR01389,35,5,5940.96,1188.192,Bill Payment,0.2,0.4,25-34,Tier 1,Verified,0.962,8.68979432425974
USR01390,9,11,18220.42,1656.401818181818,P2M,0.2727272727272727,0.45454545454545453,25-34,Tier 2,Verified,0.346,9.81035310411077
USR01391,121,6,1411.15,235.1916666666667,P2M,0.6666666666666666,0.3333333333333333,18-24,Tier 3,Verified,0.413,7.252868644705554
USR01392,85,7,5417.429999999999,773.9185714285713,Subscription,0.2857142857142857,0.42857142857142855,25-34,Tier 2,Verified,0.37,8.597561384575164
USR01393,8,11,6112.55,555.6863636363637,P2M,0.36363636363636365,0.36363636363636365,55+,Tier 1,Verified,0.326,8.718262898171885
USR01394,20,15,24227.11,1615.1406666666667,P2P,0.2,0.26666666666666666,35-44,Tier 1,Verified,0.565,10.095268808291952
USR01395,13,10,8635.189999999999,863.5189999999999,P2P,0.4,0.3,18-24,Tier 1,Verified,0.842,9.063716792319036
USR01396,1,3,1644.19,548.0633333333334,P2P,0.0,0.3333333333333333,35-44,Tier 2,Verified,0.867,7.405611158049442
USR01397,42,9,7093.19,788.1322222222221,P2M,0.2222222222222222,0.3333333333333333,25-34,Tier 2,Verified,0.154,8.867031418171972
USR01398,57,4,1685.5700000000002,421.39250000000004,Subscription,0.0,0.5,45-54,Tier 2,Verified,0.772,7.430452159718027
USR01399,124,11,4946.65,449.69545454545454,P2P,0.2727272727272727,0.18181818181818182,18-24,Tier 3,Verified,0.874,8.506667995359726
USR01400,7,13,7578.8099999999995,582.9853846153845,P2M,0.15384615384615385,0.07692307692307693,25-34,Tier 1,Verified,0.358,8.9332434123592
USR01401,96,9,4595.78,510.6422222222222,P2M,0.4444444444444444,0.3333333333333333,25-34,Tier 3,Not Verified,0.315,8.433111337362792
USR01402,4,13,31057.83,2389.0638461538465,P2M,0.38461538461538464,0.23076923076923078,35-44,Tier 2,Verified,0.379,10.343638426965494
USR01403,15,11,9034.54,821.3218181818182,P2M,0.18181818181818182,0.45454545454545453,55+,Tier 1,Verified,0.133,9.108920968810878
USR01404,8,13,4882.06,375.54307692307697,P2M,0.07692307692307693,0.23076923076923078,35-44,Tier 2,Verified,0.823,8.493527351514329
USR01405,51,7,6268.49,895.4985714285714,P2M,0.14285714285714285,0.2857142857142857,45-54,Tier 3,Verified,0.537,8.743450290605795
USR01406,28,8,5328.1,666.0125,P2M,0.25,0.25,25-34,Tier 2,Verified,0.368,8.580937647367481
USR01407,12,11,17590.510000000002,1599.1372727272728,EMI,0.18181818181818182,0.2727272727272727,25-34,Tier 2,Verified,0.897,9.775171678276875
USR01408,84,8,6191.92,773.99,P2M,0.125,0.375,18-24,Tier 2,Verified,0.614,8.731161983044194
USR01409,10,13,11965.88,920.4523076923076,P2M,0.38461538461538464,0.38461538461538464,45-54,Tier 2,Verified,0.622,9.389898112947407
USR01410,2,8,6254.43,781.80375,P2M,0.375,0.375,25-34,Tier 1,Verified,0.314,8.741205165542178
USR01411,8,8,7221.37,902.67125,P2M,0.125,0.375,45-54,Tier 2,Not Verified,0.626,8.884938432870682
USR01412,23,10,2582.0299999999997,258.203,P2M,0.2,0.1,25-34,Tier 2,Verified,0.296,7.856718407430252
USR01413,5,14,3657.6,261.25714285714287,P2M,0.14285714285714285,0.2857142857142857,35-44,Tier 2,Verified,0.329,8.204835839557198
USR01414,83,11,6024.76,547.7054545454546,P2M,0.09090909090909091,0.45454545454545453,18-24,Tier 3,Verified,0.954,8.703798891482577
USR01415,29,7,23123.36569999996,3303.3379571428513,Bill Payment,0.2857142857142857,0.2857142857142857,25-34,Tier 2,Verified,0.967,10.048642132815248
USR01416,38,14,8971.8,640.842857142857,P2M,0.5,0.21428571428571427,35-44,Tier 2,Verified,0.744,9.101953057960161
USR01417,62,9,7730.93,858.9922222222223,P2P,0.3333333333333333,0.1111111111111111,18-24,Tier 1,Verified,0.696,8.953113787002192
USR01418,105,4,2970.96,742.74,P2P,0.5,0.5,25-34,Tier 1,Not Verified,0.378,7.996976946796876
USR01419,15,8,2952.68,369.085,P2M,0.625,0.125,18-24,Tier 2,Verified,0.313,7.9908071295321905
USR01420,49,11,22384.761399999916,2034.9783090909013,P2M,0.18181818181818182,0.45454545454545453,45-54,Tier 1,Verified,0.926,10.016180383945164
USR01421,43,5,12939.07,2587.814,P2P,0.2,0.4,25-34,Tier 1,Verified,0.901,9.46808397762295
USR01422,26,8,5921.72,740.215,Bill Payment,0.25,0.375,25-34,Tier 1,Verified,0.347,8.686551081818333
USR01423,9,14,10487.66,749.1185714285714,P2M,0.5,0.2857142857142857,25-34,Tier 2,Verified,0.472,9.25804995252537
USR01424,19,10,6904.2300000000005,690.423,P2M,0.3,0.2,18-24,Tier 2,Verified,0.838,8.840034374484889
USR01425,36,5,2801.66,560.332,P2M,0.2,0.4,18-24,Tier 2,Verified,0.417,7.938324245198883
USR01426,11,10,1398.33,139.833,P2M,0.2,0.6,25-34,Tier 3,Verified,0.508,7.243748829622923
USR01427,3,15,22936.29,1529.086,P2M,0.26666666666666666,0.3333333333333333,18-24,Tier 2,Verified,0.812,10.040519249441665
USR01428,56,10,3096.4,309.64,P2M,0.1,0.1,18-24,Tier 2,Verified,0.382,8.038318328882074
USR01429,104,10,13046.61,1304.661,P2M,0.3,0.2,25-34,Tier 2,Verified,0.973,9.476360254215887
USR01430,53,11,5274.860000000001,479.5327272727273,P2P,0.2727272727272727,0.36363636363636365,25-34,Tier 2,Verified,0.717,8.57089697823116
USR01431,15,14,10360.4,740.0285714285714,P2M,0.35714285714285715,0.42857142857142855,35-44,Tier 1,Verified,0.762,9.24584264181868
USR01432,37,5,11576.785699999957,2315.3571399999914,P2M,0.2,0.6,18-24,Tier 1,Verified,0.473,9.356843515225982
USR01433,20,5,759.85,151.97,P2M,0.2,0.2,18-24,Tier 3,Verified,0.896,6.634436229366123
USR01434,36,11,4021.64,365.6036363636363,P2M,0.36363636363636365,0.45454545454545453,25-34,Tier 1,Verified,0.664,8.299693682487113
USR01435,14,11,13206.26,1200.5690909090908,P2M,0.18181818181818182,0.36363636363636365,35-44,Tier 2,Verified,0.867,9.488521957379898
USR01436,7,8,5382.79,672.84875,P2M,0.0,0.375,18-24,Tier 2,Verified,0.234,8.591147866106217
USR01437,120,4,3523.1600000000003,880.7900000000001,Bill Payment,0.0,0.5,25-34,Tier 2,Verified,0.747,8.16739738897658
USR01438,3,9,8458.98,939.8866666666667,P2M,0.4444444444444444,0.2222222222222222,25-34,Tier 1,Not Verified,0.742,9.043102088531281
USR01439,34,10,3224.88,322.488,P2M,0.2,0.7,25-34,Tier 3,Verified,0.545,8.078961060225167
USR01440,44,8,5030.4,628.8,P2M,0.25,0.25,55+,Tier 3,Verified,0.996,8.523453554387052
USR01441,3,8,7759.24,969.905,P2M,0.375,0.375,25-34,Tier 1,Verified,0.813,8.95676854053406
USR01442,11,10,14595.8,1459.58,P2M,0.1,0.2,18-24,Tier 1,Verified,0.917,9.588557605591209
USR01443,80,11,2100.18,190.92545454545453,EMI,0.45454545454545453,0.09090909090909091,25-34,Tier 2,Not Verified,0.522,7.650254370664052
USR01444,58,9,1038.82,115.42444444444443,P2P,0.4444444444444444,0.4444444444444444,25-34,Tier 3,Verified,0.742,6.946802900232802
USR01445,117,4,2064.3500000000004,516.0875000000001,P2M,0.0,0.0,25-34,Tier 1,Verified,0.153,7.633054982558491
USR01446,29,8,9800.04,1225.005,P2M,0.25,0.0,18-24,Tier 1,Verified,0.997,9.190243781477054
USR01447,44,6,4298.61,716.435,P2P,0.16666666666666666,0.16666666666666666,25-34,Tier 2,Verified,0.829,8.366279599893952
USR01448,19,4,1516.15,379.0375,P2M,0.0,0.0,18-24,Tier 2,Not Verified,0.455,7.324588853827462
USR01449,24,7,4440.09,634.2985714285714,Bill Payment,0.42857142857142855,0.14285714285714285,35-44,Tier 2,Verified,0.261,8.398655120792677
USR01450,30,12,4089.34,340.77833333333336,P2P,0.75,0.3333333333333333,45-54,Tier 3,Verified,0.219,8.316383375166128
USR01451,76,6,2059.66,343.27666666666664,P2M,0.0,0.0,18-24,Tier 3,Verified,0.205,7.630781598819754
USR01452,14,7,8708.16,1244.0228571428572,P2M,0.14285714285714285,0.2857142857142857,25-34,Tier 1,Verified,0.851,9.072130624323268
USR01453,58,8,10385.57,1298.19625,P2M,0.125,0.5,45-54,Tier 3,Verified,0.889,9.248268904469672
USR01454,21,12,4314.33,359.5275,P2M,0.4166666666666667,0.4166666666666667,25-34,Tier 2,Verified,0.492,8.369929077997684
USR01455,48,9,9787.4,1087.4888888888888,P2M,0.4444444444444444,0.0,55+,Tier 2,Verified,0.236,9.188953290094535
USR01456,3,8,9464.43,1183.05375,P2P,0.375,0.375,25-34,Tier 2,Verified,0.234,9.155401493145032
USR01457,26,9,18707.68,2078.6311111111113,P2M,0.3333333333333333,0.1111111111111111,18-24,Tier 1,Verified,0.735,9.836742866271582
USR01458,44,13,11956.24,919.7107692307692,P2M,0.23076923076923078,0.6923076923076923,45-54,Tier 2,Verified,0.421,9.389092231642538
USR01459,16,13,7215.13,555.01,P2M,0.23076923076923078,0.38461538461538464,18-24,Tier 2,Verified,0.861,8.884074077101246
USR01460,3,15,7407.57,493.83799999999997,P2M,0.3333333333333333,0.4,35-44,Tier 3,Verified,0.881,8.910392717210481
USR01461,11,10,4767.8,476.78000000000003,P2M,0.1,0.5,45-54,Tier 3,Verified,0.607,8.469849979905717
USR01462,22,12,4873.4800000000005,406.1233333333334,P2M,0.16666666666666666,0.25,45-54,Tier 1,Verified,0.104,8.491768711075988
USR01463,44,11,5644.88,513.170909090909,P2M,0.2727272727272727,0.2727272727272727,18-24,Tier 3,Verified,0.322,8.638681354602443
USR01464,93,10,18822.64,1882.264,Recharge,0.3,0.0,45-54,Tier 1,Verified,0.713,9.842868805702436
USR01465,31,14,2559.08,182.79142857142855,P2M,0.14285714285714285,0.42857142857142855,35-44,Tier 2,Verified,0.956,7.847793786985337
USR01466,6,14,16540.32,1181.4514285714286,P2M,0.21428571428571427,0.2857142857142857,35-44,Tier 1,Verified,0.848,9.713616771922936
USR01467,17,8,680.39,85.04875,P2P,0.375,0.375,18-24,Tier 3,Verified,0.105,6.524134829451435
USR01468,11,11,1123.23,102.11181818181818,P2M,0.09090909090909091,0.09090909090909091,25-34,Tier 3,Verified,0.758,7.0248536358550435
USR01469,40,17,8549.53,502.9135294117647,Bill Payment,0.47058823529411764,0.5294117647058824,45-54,Tier 1,Not Verified,0.821,9.053748548313704
USR01470,17,11,6035.15,548.65,Bill Payment,0.36363636363636365,0.5454545454545454,45-54,Tier 2,Verified,0.592,8.705521670473594
USR01471,18,7,10680.54,1525.7914285714287,Bill Payment,0.14285714285714285,0.14285714285714285,25-34,Tier 1,Verified,0.316,9.276272296875675
USR01472,57,8,6411.25,801.40625,P2M,0.25,0.375,25-34,Tier 3,Not Verified,0.287,8.765965502364262
USR01473,28,9,8482.94,942.548888888889,P2M,0.5555555555555556,0.2222222222222222,25-34,Tier 3,Verified,0.959,9.045930243523781
USR01474,30,12,9813.34,817.7783333333333,P2P,0.16666666666666666,0.16666666666666666,25-34,Tier 2,Not Verified,0.762,9.191599860435318
USR01475,48,9,7997.81,888.6455555555556,Bill Payment,0.2222222222222222,0.2222222222222222,18-24,Tier 2,Verified,0.187,8.987048059597594
USR01476,3,8,1711.8200000000002,213.97750000000002,P2M,0.375,0.25,35-44,Tier 3,Verified,0.449,7.445896413993848
USR01477,121,11,34238.31139999991,3112.5737636363556,EMI,0.2727272727272727,0.2727272727272727,45-54,Tier 1,Verified,0.83,10.441129719072139
USR01478,5,13,1609.36,123.79692307692306,P2M,0.23076923076923078,0.3076923076923077,18-24,Tier 3,Verified,0.562,7.384213035467671
USR01479,70,12,5830.64,485.8866666666667,P2M,0.3333333333333333,0.25,18-24,Tier 3,Verified,0.742,8.671053543388156
USR01480,126,7,3085.94,440.84857142857146,P2M,0.14285714285714285,0.14285714285714285,25-34,Tier 3,Verified,0.521,8.034935587967304
USR01481,3,9,7530.1900000000005,836.6877777777778,P2M,0.5555555555555556,0.6666666666666666,35-44,Tier 3,Not Verified,0.986,8.92680834283635
USR01482,28,16,42323.17139999991,2645.1982124999945,P2M,0.125,0.3125,35-44,Tier 1,Not Verified,0.366,10.653113629727597
USR01483,16,15,33507.60569999996,2233.840379999997,P2P,0.26666666666666666,0.5333333333333333,35-44,Tier 1,Verified,0.56,10.419557571390616
USR01484,20,8,9760.05,1220.00625,P2M,0.375,0.375,18-24,Tier 2,Verified,0.42,9.186155255587826
USR01485,52,12,15035.845699999958,1252.987141666663,P2M,0.25,0.4166666666666667,25-34,Tier 1,Verified,0.517,9.618258848114346
USR01486,28,7,6198.52,885.5028571428572,P2M,0.0,0.2857142857142857,18-24,Tier 1,Verified,0.889,8.73222714868131
USR01487,50,10,14432.89,1443.289,EMI,0.2,0.4,25-34,Tier 3,Verified,0.505,9.57733419270807
USR01488,43,13,2263.16,174.08923076923077,P2M,0.23076923076923078,0.5384615384615384,35-44,Tier 2,Not Verified,0.17,7.724959108204061
USR01489,16,5,4167.87,833.574,Bill Payment,0.2,0.4,25-34,Tier 1,Verified,0.116,8.335400294856832
USR01490,23,17,11212.37,659.5511764705883,P2M,0.17647058823529413,0.29411764705882354,25-34,Tier 2,Not Verified,0.514,9.324862095330195
USR01491,22,9,22208.455699999955,2467.606188888884,P2P,0.1111111111111111,0.3333333333333333,25-34,Tier 1,Verified,0.977,10.008273409609332
USR01492,22,11,3856.3,350.57272727272726,P2M,0.09090909090909091,0.2727272727272727,25-34,Tier 3,Verified,0.179,8.257722735842012
USR01493,44,9,1202.04,133.56,P2M,0.2222222222222222,0.2222222222222222,25-34,Tier 3,Verified,0.726,7.092606965629717
USR01494,15,11,4639.31,421.7554545454546,P2M,0.36363636363636365,0.2727272727272727,35-44,Tier 3,Verified,0.231,8.442536453333418
USR01495,48,9,2481.0099999999998,275.66777777777776,P2M,0.2222222222222222,0.4444444444444444,18-24,Tier 2,Verified,0.371,7.8168239947653
USR01496,20,9,2721.55,302.39444444444445,P2P,0.3333333333333333,0.1111111111111111,25-34,Tier 3,Verified,0.249,7.909324220111383
USR01497,16,10,3017.37,301.73699999999997,P2M,0.4,0.4,35-44,Tier 2,Verified,0.524,8.012472229560156
USR01498,69,15,17875.92,1191.7279999999998,P2M,0.4,0.13333333333333333,25-34,Tier 1,Verified,0.847,9.791265774381301
USR01499,16,9,4757.15,528.5722222222222,P2M,0.3333333333333333,0.2222222222222222,18-24,Tier 2,Verified,0.863,8.467614216217171
USR01500,44,7,13287.16,1898.1657142857143,P2P,0.5714285714285714,0.14285714285714285,25-34,Tier 2,Not Verified,0.636,9.494628692159832
USR01501,6,12,2171.39,180.94916666666666,P2P,0.25,0.4166666666666667,35-44,Tier 2,Verified,0.537,7.6835832229462655
USR01502,4,13,19848.329999999998,1526.7946153846153,P2P,0.3076923076923077,0.3076923076923077,45-54,Tier 1,Verified,0.575,9.895925532397072
USR01503,145,10,4398.63,439.863,P2M,0.5,0.2,18-24,Tier 1,Verified,0.904,8.389275725461422
USR01504,35,7,2716.33,388.04714285714283,P2P,0.14285714285714285,0.14285714285714285,25-34,Tier 3,Not Verified,0.945,7.907405059540863
USR01505,19,11,11536.119999999999,1048.7381818181818,P2M,0.0,0.18181818181818182,35-44,Tier 1,Verified,0.754,9.353324942190696
USR01506,13,10,3550.49,355.049,P2M,0.5,0.7,35-44,Tier 2,Verified,0.629,8.17512251272223
USR01507,42,13,11180.47,860.0361538461538,P2M,0.15384615384615385,0.15384615384615385,45-54,Tier 1,Not Verified,0.751,9.322013222859997
USR01508,2,11,6214.139999999999,564.9218181818181,P2M,0.09090909090909091,0.45454545454545453,35-44,Tier 2,Verified,0.82,8.734743529837521
USR01509,7,9,8187.42,909.7133333333334,P2P,0.0,0.5555555555555556,35-44,Tier 2,Verified,0.774,9.010476240043088
USR01510,7,13,22633.37,1741.0284615384614,P2P,0.07692307692307693,0.38461538461538464,18-24,Tier 2,Verified,0.645,10.027224826480726
USR01511,55,10,4074.72,407.472,P2M,0.3,0.7,35-44,Tier 3,Verified,0.288,8.312802697184198
USR01512,94,9,3632.06,403.5622222222222,Bill Payment,0.5555555555555556,0.4444444444444444,45-54,Tier 2,Verified,0.421,8.197830547361457
USR01513,23,13,6831.43,525.4946153846154,Bill Payment,0.46153846153846156,0.3076923076923077,25-34,Tier 1,Verified,0.203,8.829435672597894
USR01514,78,12,14908.03,1242.3358333333333,P2M,0.4166666666666667,0.08333333333333333,35-44,Tier 2,Verified,0.994,9.609722348633767
USR01515,16,12,6673.44,556.12,P2M,0.25,0.5833333333333334,25-34,Tier 3,Verified,0.601,8.806040584617971
USR01516,23,5,2888.36,577.672,P2P,0.8,0.2,45-54,Tier 2,Verified,0.194,7.968790303294881
USR01517,10,11,2335.37,212.3063636363636,P2M,0.36363636363636365,0.2727272727272727,25-34,Tier 1,Verified,0.78,7.75635372181664
USR01518,52,7,2233.23,319.03285714285715,Recharge,0.7142857142857143,0.42857142857142855,18-24,Tier 2,Verified,0.138,7.711651928671699
USR01519,9,12,2924.24,243.68666666666664,P2M,0.6666666666666666,0.3333333333333333,18-24,Tier 3,Verified,0.92,7.981131807581986
USR01520,6,10,11505.09,1150.509,Recharge,0.1,0.2,35-44,Tier 1,Verified,0.549,9.350631739398557
USR01521,8,6,3436.05,572.6750000000001,P2P,0.0,0.16666666666666666,45-54,Tier 1,Verified,0.224,8.142368824314575
USR01522,49,6,8633.93,1438.9883333333335,P2M,0.16666666666666666,0.6666666666666666,25-34,Tier 2,Verified,0.106,9.063570884004783
USR01523,54,8,5225.6,653.2,Recharge,0.25,0.125,25-34,Tier 1,Verified,0.254,8.561516250052902
USR01524,6,9,22433.97569999996,2492.663966666662,P2P,0.2222222222222222,0.3333333333333333,25-34,Tier 1,Verified,0.321,10.018376435280455
USR01525,64,7,9518.25,1359.75,P2P,0.2857142857142857,0.5714285714285714,55+,Tier 1,Verified,0.486,9.161071343169379
USR01526,19,3,367.54999999999995,122.51666666666665,P2M,0.3333333333333333,0.0,45-54,Tier 3,Verified,0.565,5.909576387635298
USR01527,11,4,4019.17,1004.7925,P2M,0.25,0.25,25-34,Tier 3,Verified,0.109,8.299079469276144
USR01528,136,6,1778.83,296.47166666666664,P2M,0.5,0.16666666666666666,35-44,Tier 3,Verified,0.461,7.484273133107202
USR01529,5,16,6052.46,378.27875,P2M,0.375,0.375,35-44,Tier 2,Not Verified,0.133,8.70838528837838
USR01530,54,7,12425.19,1775.027142857143,P2M,0.0,0.14285714285714285,35-44,Tier 2,Verified,0.668,9.427561621026618
USR01531,20,14,13489.710000000001,963.5507142857143,P2M,0.21428571428571427,0.21428571428571427,55+,Tier 2,Verified,0.477,9.509756579395756
USR01532,12,14,7723.73,551.6949999999999,P2M,0.21428571428571427,0.14285714285714285,45-54,Tier 2,Verified,0.749,8.95218214969882
USR01533,1,14,5331.79,380.84214285714285,P2M,0.21428571428571427,0.21428571428571427,25-34,Tier 3,Verified,0.91,8.581629832364198
USR01534,32,12,11777.23,981.4358333333333,P2M,0.3333333333333333,0.16666666666666666,18-24,Tier 2,Verified,0.285,9.374008191247283
USR01535,25,7,4473.15,639.0214285714285,P2M,0.42857142857142855,0.14285714285714285,45-54,Tier 2,Verified,0.899,8.406071668533206
USR01536,34,13,11040.79,849.2915384615385,P2M,0.38461538461538464,0.3076923076923077,25-34,Tier 2,Verified,0.176,9.309442444369353
USR01537,1,12,27170.67,2264.2225,P2M,0.08333333333333333,0.16666666666666666,25-34,Tier 1,Not Verified,0.587,10.209930165382445
USR01538,89,9,2791.59,310.1766666666667,P2P,0.3333333333333333,0.5555555555555556,25-34,Tier 2,Verified,0.407,7.934724759609325
USR01539,13,10,7451.799999999999,745.18,Bill Payment,0.2,0.1,25-34,Tier 1,Not Verified,0.586,8.916345079690021
USR01540,10,13,7079.41,544.5699999999999,P2M,0.38461538461538464,0.3076923076923077,25-34,Tier 3,Verified,0.988,8.865087094615589
USR01541,36,12,11697.31,974.7758333333333,P2M,0.08333333333333333,0.25,18-24,Tier 1,Verified,0.557,9.3671996659083
USR01542,6,13,1817.69,139.8223076923077,P2M,0.3076923076923077,0.3076923076923077,35-44,Tier 3,Not Verified,0.615,7.505871740684909
USR01543,9,10,17877.95,1787.795,P2M,0.2,0.7,25-34,Tier 2,Not Verified,0.99,9.79137932217092
USR01544,8,12,4274.28,356.19,P2M,0.25,0.25,25-34,Tier 1,Verified,0.7,8.360604876302045
USR01545,43,10,2797.44,279.744,P2M,0.1,0.2,35-44,Tier 3,Not Verified,0.568,7.9368173980444
USR01546,7,12,4997.36,416.44666666666666,P2P,0.16666666666666666,0.3333333333333333,35-44,Tier 3,Verified,0.841,8.516865137612472
USR01547,10,8,4188.11,523.51375,EMI,0.5,0.375,18-24,Tier 1,Verified,0.846,8.340243579852684
USR01548,13,16,15789.44,986.84,P2M,0.375,0.25,18-24,Tier 1,Verified,0.529,9.667159972599254
USR01549,3,6,6168.5,1028.0833333333333,P2M,0.6666666666666666,0.3333333333333333,35-44,Tier 1,Verified,0.603,8.727373076338589
USR01550,5,15,4056.5,270.43333333333334,P2M,0.4,0.26666666666666666,25-34,Tier 3,Verified,0.673,8.308322299388747
USR01551,98,8,3778.92,472.365,P2M,0.125,0.375,25-34,Tier 1,Verified,0.23,8.237458124368509
USR01552,5,9,8630.9,958.9888888888888,P2M,0.2222222222222222,0.6666666666666666,25-34,Tier 3,Verified,0.734,9.063219922070125
USR01553,40,7,5098.3099999999995,728.3299999999999,P2M,0.2857142857142857,0.5714285714285714,35-44,Tier 1,Verified,0.129,8.536860515441695
USR01554,14,12,7019.36,584.9466666666666,P2M,0.5,0.25,25-34,Tier 2,Verified,0.207,8.85656977775626
USR01555,2,12,3818.79,318.2325,P2P,0.4166666666666667,0.25,18-24,Tier 2,Verified,0.361,8.247950726267515
USR01556,80,14,2709.46,193.53285714285715,P2M,0.35714285714285715,0.35714285714285715,35-44,Tier 2,Verified,0.437,7.904873641166672
USR01557,3,8,1186.01,148.25125,P2M,0.75,0.5,18-24,Tier 3,Verified,0.631,7.079192819174013
USR01558,33,8,7037.599999999999,879.6999999999999,P2M,0.5,0.5,25-34,Tier 1,Verified,0.837,8.85916456573973
USR01559,3,5,1124.75,224.95,Subscription,0.2,0.4,18-24,Tier 2,Verified,0.883,7.026204759181681
USR01560,15,10,6467.290000000001,646.729,P2M,0.4,0.4,18-24,Tier 1,Verified,0.404,8.774667055808154
USR01561,17,11,15214.08,1383.0981818181817,P2P,0.45454545454545453,0.36363636363636365,25-34,Tier 1,Verified,0.515,9.630042320286357
USR01562,2,10,10782.83,1078.283,Bill Payment,0.2,0.3,35-44,Tier 2,Not Verified,0.393,9.285803068932879
USR01563,5,15,3066.34,204.4226666666667,P2M,0.3333333333333333,0.2,18-24,Tier 3,Not Verified,0.91,8.028566015485499
USR01564,35,16,5415.44,338.465,P2M,0.4375,0.4375,18-24,Tier 2,Verified,0.681,8.597194052060352
USR01565,47,11,3080.82,280.07454545454544,P2M,0.45454545454545453,0.2727272727272727,18-24,Tier 3,Verified,0.817,8.033275610540498
USR01566,74,16,26811.675699999956,1675.7297312499973,P2M,0.625,0.375,35-44,Tier 1,Verified,0.96,10.196630028562653
USR01567,5,9,2870.91,318.99,P2M,0.1111111111111111,0.2222222222222222,25-34,Tier 3,Verified,0.57,7.962732592629745
USR01568,16,6,3838.5299999999997,639.755,P2P,0.16666666666666666,0.3333333333333333,25-34,Tier 3,Verified,0.943,8.253105242257458
USR01569,25,8,13213.76,1651.72,P2M,0.625,0.375,35-44,Tier 1,Not Verified,0.321,9.489089665692997
USR01570,12,13,5231.13,402.3946153846154,P2P,0.23076923076923078,0.3076923076923077,45-54,Tier 3,Verified,0.826,8.562573739923153
USR01571,62,5,2518.42,503.684,EMI,0.4,0.0,35-44,Tier 3,Not Verified,0.876,7.831783995284725
USR01572,4,8,18986.52569999996,2373.315712499995,P2M,0.25,0.5,25-34,Tier 2,Verified,0.874,9.851537500425165
USR01573,26,10,4915.98,491.59799999999996,P2M,0.5,0.2,18-24,Tier 2,Verified,0.189,8.500449799882821
USR01574,96,10,2963.0,296.3,P2M,0.1,0.4,35-44,Tier 2,Verified,0.181,7.994294986415977
USR01575,8,7,2297.21,328.17285714285714,P2P,0.42857142857142855,0.42857142857142855,45-54,Tier 1,Verified,0.965,7.739885838045465
USR01576,73,7,5308.51,758.3585714285715,P2M,0.2857142857142857,0.2857142857142857,25-34,Tier 2,Verified,0.189,8.577254831258644
USR01577,12,16,9574.15,598.384375,P2M,0.3125,0.1875,55+,Tier 3,Not Verified,0.947,9.166926479722484
USR01578,3,6,2744.61,457.435,P2M,0.3333333333333333,0.6666666666666666,25-34,Tier 3,Not Verified,0.637,7.917758551478153
USR01579,23,8,7466.879999999999,933.3599999999999,P2M,0.375,0.25,18-24,Tier 1,Verified,0.387,8.918366435973327
USR01580,97,9,7881.38,875.7088888888889,P2M,0.2222222222222222,0.3333333333333333,18-24,Tier 2,Verified,0.67,8.972385167706761
USR01581,11,14,21867.67,1561.9764285714284,P2M,0.07142857142857142,0.2857142857142857,25-34,Tier 1,Verified,0.628,9.992810297921253
USR01582,44,8,3237.5,404.6875,P2P,0.625,0.625,25-34,Tier 3,Not Verified,0.213,8.082865538622972
USR01583,7,16,9633.84,602.115,P2M,0.3125,0.0625,18-24,Tier 3,Verified,0.55,9.173140974587076
USR01584,11,12,6177.68,514.8066666666667,P2M,0.25,0.3333333333333333,18-24,Tier 2,Verified,0.251,8.728859935404657
USR01585,75,12,4945.23,412.10249999999996,Bill Payment,0.25,0.16666666666666666,18-24,Tier 1,Verified,0.101,8.506380949224186
USR01586,32,10,13052.72,1305.272,P2M,0.4,0.5,35-44,Tier 1,Not Verified,0.94,9.476828429600943
USR01587,50,9,13225.64,1469.5155555555555,P2P,0.1111111111111111,0.3333333333333333,18-24,Tier 2,Verified,0.442,9.489988256599634
USR01588,83,7,1901.1,271.5857142857143,P2P,0.0,0.14285714285714285,25-34,Tier 3,Not Verified,0.559,7.550713817958795
USR01589,12,16,17132.13,1070.758125,Bill Payment,0.125,0.25,35-44,Tier 1,Verified,0.729,9.748769295000445
USR01590,35,8,5589.82,698.7275,Recharge,0.625,0.25,45-54,Tier 2,Not Verified,0.89,8.628881245909927
USR01591,86,10,5096.57,509.657,P2M,0.2,0.2,25-34,Tier 2,Verified,0.951,8.536519234576001
USR01592,9,9,6345.82,705.0911111111111,P2M,0.3333333333333333,0.5555555555555556,25-34,Tier 2,Verified,0.696,8.755709179049273
USR01593,58,9,1649.28,183.25333333333333,P2P,0.4444444444444444,0.2222222222222222,25-34,Tier 3,Verified,0.396,7.4087002494674215
USR01594,49,10,17292.695699999957,1729.2695699999956,P2M,0.4,0.4,25-34,Tier 1,Verified,0.104,9.758097303667636
USR01595,3,12,4581.53,381.7941666666666,P2M,0.4166666666666667,0.3333333333333333,25-34,Tier 3,Verified,0.727,8.430006526337275
USR01596,32,4,4005.31,1001.3275,P2P,0.0,0.5,55+,Tier 2,Verified,0.889,8.295625897155896
USR01597,6,10,12851.23,1285.123,P2M,0.2,0.1,55+,Tier 1,Verified,0.418,9.461272616122924
USR01598,40,11,3365.49,305.95363636363635,P2P,0.36363636363636365,0.45454545454545453,35-44,Tier 3,Verified,0.259,8.121625937536843
USR01599,30,13,7115.07,547.3130769230769,P2M,0.38461538461538464,0.3076923076923077,25-34,Tier 2,Verified,0.433,8.870110885724415
USR01600,1,9,24947.715699999957,2771.9684111111064,P2M,0.2222222222222222,0.4444444444444444,18-24,Tier 1,Not Verified,0.783,10.124577624904882
USR01601,44,3,1261.8400000000001,420.6133333333334,P2M,0.6666666666666666,0.0,35-44,Tier 3,Verified,0.835,7.141118431823606
USR01602,55,9,7728.37,858.7077777777778,Bill Payment,0.3333333333333333,0.1111111111111111,18-24,Tier 1,Verified,0.971,8.952782637613279
USR01603,5,11,16393.4,1490.309090909091,P2M,0.36363636363636365,0.18181818181818182,35-44,Tier 2,Verified,0.986,9.70469509208575
USR01604,7,13,14486.62,1114.3553846153848,P2M,0.07692307692307693,0.15384615384615385,25-34,Tier 3,Not Verified,0.545,9.581049770616291
USR01605,4,12,5725.92,477.16,P2M,0.3333333333333333,0.4166666666666667,18-24,Tier 1,Verified,0.771,8.652933143377137
USR01606,1,13,4518.42,347.57076923076926,P2M,0.23076923076923078,0.3076923076923077,35-44,Tier 3,Not Verified,0.893,8.416138946008672
USR01607,53,9,2691.85,299.09444444444443,P2M,0.3333333333333333,0.2222222222222222,18-24,Tier 1,Verified,0.121,7.898355391297431
USR01608,34,10,4994.14,499.41400000000004,P2M,0.2,0.4,35-44,Tier 2,Verified,0.713,8.516220718717904
USR01609,3,10,10308.36,1030.836,P2M,0.2,0.2,25-34,Tier 2,Verified,0.949,9.240807499429529
USR01610,33,4,7172.03,1793.0075,Subscription,0.5,0.25,25-34,Tier 2,Not Verified,0.466,8.878083438468169
USR01611,22,12,14476.03,1206.3358333333333,P2M,0.3333333333333333,0.3333333333333333,18-24,Tier 2,Verified,0.566,9.580318534404435
USR01612,53,10,9159.77,915.9770000000001,Recharge,0.4,0.4,35-44,Tier 2,Verified,0.927,9.122685515270607
USR01613,18,5,1963.6,392.71999999999997,P2M,0.0,0.0,35-44,Tier 3,Verified,0.401,7.583043941240769
USR01614,88,6,1513.53,252.255,P2P,0.16666666666666666,0.5,25-34,Tier 2,Verified,0.303,7.322860438788768
USR01615,140,1,86.68,86.68,P2M,0.0,1.0,35-44,Tier 3,Verified,0.396,4.473693823199706
USR01616,2,11,3504.0299999999997,318.5481818181818,P2P,0.45454545454545453,0.2727272727272727,35-44,Tier 3,Verified,0.489,8.161954358633201
USR01617,17,9,6771.92,752.4355555555555,Bill Payment,0.4444444444444444,0.1111111111111111,18-24,Tier 1,Verified,0.526,8.820687587540244
USR01618,5,13,16131.44,1240.88,P2M,0.3076923076923077,0.23076923076923078,25-34,Tier 1,Verified,0.313,9.688587430602707
USR01619,19,14,18848.1,1346.292857142857,P2M,0.2857142857142857,0.21428571428571427,55+,Tier 2,Verified,0.663,9.844220446378221
USR01620,23,6,5314.0199999999995,885.67,P2P,0.3333333333333333,0.3333333333333333,45-54,Tier 1,Not Verified,0.44,8.578292053704057
USR01621,14,3,1977.63,659.21,P2P,0.0,0.6666666666666666,35-44,Tier 3,Verified,0.156,7.590159965010101
USR01622,2,7,12626.42,1803.7742857142857,P2M,0.14285714285714285,0.2857142857142857,35-44,Tier 2,Verified,0.489,9.443625918943006
USR01623,10,10,10604.96,1060.4959999999999,P2M,0.4,0.0,18-24,Tier 2,Not Verified,0.865,9.26917138623984
USR01624,19,15,10483.5,698.9,Bill Payment,0.2,0.2,35-44,Tier 2,Verified,0.64,9.257653255026801
USR01625,91,12,14055.119999999999,1171.26,Bill Payment,0.16666666666666666,0.5,35-44,Tier 1,Verified,0.816,9.550813167109943
USR01626,17,8,5348.9400000000005,668.6175000000001,P2M,0.375,0.25,55+,Tier 2,Verified,0.944,8.584840624873893
USR01627,53,9,18586.0,2065.1111111111113,P2M,0.3333333333333333,0.1111111111111111,25-34,Tier 1,Not Verified,0.273,9.830217690608354
USR01628,37,8,7179.82,897.4775,Bill Payment,0.625,0.25,25-34,Tier 1,Not Verified,0.274,8.87916886164938
USR01629,26,12,4082.91,340.2425,P2M,0.25,0.3333333333333333,25-34,Tier 2,Verified,0.479,8.314810141823319
USR01630,2,13,2252.7400000000002,173.28769230769234,P2P,0.38461538461538464,0.5384615384615384,25-34,Tier 3,Not Verified,0.817,7.720346337458321
USR01631,77,7,1288.05,184.00714285714284,Bill Payment,0.14285714285714285,0.42857142857142855,18-24,Tier 3,Not Verified,0.964,7.161660791946388
USR01632,76,10,2842.69,284.269,Bill Payment,0.3,0.3,25-34,Tier 3,Verified,0.798,7.952857783575577
USR01633,16,14,25868.95,1847.7821428571428,P2M,0.14285714285714285,0.14285714285714285,25-34,Tier 2,Verified,0.973,10.160837342437581
USR01634,33,9,5189.86,576.651111111111,P2M,0.2222222222222222,0.4444444444444444,18-24,Tier 3,Verified,0.556,8.554654665708194
USR01635,103,11,8021.099999999999,729.190909090909,Bill Payment,0.09090909090909091,0.45454545454545453,18-24,Tier 2,Verified,0.276,8.989955511971573
USR01636,36,7,7142.28,1020.3257142857143,P2M,0.0,0.2857142857142857,35-44,Tier 1,Verified,0.701,8.873927333602719
USR01637,57,4,1237.0500000000002,309.26250000000005,Bill Payment,0.25,0.5,45-54,Tier 1,Verified,0.867,7.121292840151112
USR01638,28,13,5770.049999999999,443.84999999999997,Bill Payment,0.23076923076923078,0.5384615384615384,18-24,Tier 3,Verified,0.246,8.660609318683138
USR01639,33,7,4667.34,666.7628571428571,EMI,0.2857142857142857,0.2857142857142857,25-34,Tier 2,Verified,0.928,8.448558827086487
USR01640,47,7,8233.17,1176.1671428571428,P2P,0.14285714285714285,0.42857142857142855,35-44,Tier 1,Not Verified,0.315,9.016047848218252
USR01641,6,9,3928.66,436.5177777777778,P2M,0.3333333333333333,0.2222222222222222,18-24,Tier 2,Verified,0.438,8.276308187125844
USR01642,12,12,18763.5,1563.625,Recharge,0.3333333333333333,0.5,55+,Tier 1,Verified,0.422,9.839722065863741
USR01643,102,8,12983.52,1622.94,P2P,0.5,0.25,18-24,Tier 1,Verified,0.668,9.471513157683912
USR01644,118,12,12456.57,1038.0475,P2M,0.25,0.16666666666666666,18-24,Tier 2,Verified,0.279,9.43008374924473
USR01645,75,12,17819.72,1484.9766666666667,Bill Payment,0.25,0.16666666666666666,35-44,Tier 1,Not Verified,0.406,9.788117104248983
USR01646,33,10,14514.84,1451.484,P2M,0.2,0.5,18-24,Tier 1,Verified,0.859,9.582995745952017
USR01647,68,9,6244.82,693.8688888888888,Bill Payment,0.1111111111111111,0.3333333333333333,18-24,Tier 1,Verified,0.809,8.739667718983961
USR01648,7,13,1646.7,126.66923076923078,Bill Payment,0.3076923076923077,0.3076923076923077,25-34,Tier 3,Verified,0.316,7.407135655063386
USR01649,5,12,15636.800000000001,1303.0666666666668,P2M,0.5833333333333334,0.3333333333333333,35-44,Tier 1,Not Verified,0.998,9.657446339243421
USR01650,2,8,14539.27,1817.40875,P2M,0.375,0.375,25-34,Tier 1,Verified,0.932,9.584677320378649
USR01651,41,11,4993.41,453.9463636363636,P2M,0.18181818181818182,0.5454545454545454,25-34,Tier 2,Verified,0.437,8.516074565988042
USR01652,28,8,3574.7799999999997,446.84749999999997,P2P,0.25,0.625,18-24,Tier 3,Verified,0.787,8.181938613148098
USR01653,87,9,5421.33,602.37,P2M,0.2222222222222222,0.4444444444444444,35-44,Tier 1,Verified,0.148,8.598280891356653
USR01654,3,12,8865.619999999999,738.8016666666666,P2P,0.4166666666666667,0.5833333333333334,35-44,Tier 3,Verified,0.972,9.090048942929936
USR01655,25,10,14477.155699999958,1447.7155699999958,P2M,0.3,0.5,35-44,Tier 1,Verified,0.812,9.580396289043081
USR01656,15,9,6850.65,761.1833333333333,P2M,0.2222222222222222,0.3333333333333333,35-44,Tier 2,Verified,0.894,8.832244778162735
USR01657,28,9,9278.73,1030.97,Recharge,0.1111111111111111,0.1111111111111111,45-54,Tier 1,Verified,0.261,9.135587730529398
USR01658,1,11,5541.7,503.79090909090905,P2P,0.18181818181818182,0.36363636363636365,35-44,Tier 1,Verified,0.623,8.620237025638705
USR01659,26,16,34869.691399999916,2179.3557124999948,P2M,0.1875,0.1875,35-44,Tier 1,Verified,0.283,10.459401967405444
USR01660,91,8,3221.77,402.72125,P2M,0.25,0.375,55+,Tier 2,Verified,0.9,8.07799651718403
USR01661,65,10,4025.62,402.562,EMI,0.3,0.4,45-54,Tier 2,Verified,0.176,8.300682593349565
USR01662,24,8,10823.85,1352.98125,Bill Payment,0.5,0.125,35-44,Tier 2,Verified,0.307,9.289599695961751
USR01663,5,11,12932.08,1175.6436363636365,EMI,0.09090909090909091,0.36363636363636365,45-54,Tier 2,Verified,0.521,9.467543649122549
USR01664,9,11,31880.985699999957,2898.2714272727235,P2P,0.09090909090909091,0.2727272727272727,55+,Tier 1,Verified,0.122,10.36979641766454
USR01665,20,5,6178.68,1235.736,Bill Payment,0.2,0.6,18-24,Tier 2,Verified,0.174,8.729021769175834
USR01666,20,11,16675.6,1515.9636363636362,Bill Payment,0.36363636363636365,0.18181818181818182,18-24,Tier 1,Verified,0.189,9.721761818204712
USR01667,81,10,2320.08,232.00799999999998,P2M,0.1,0.2,25-34,Tier 2,Verified,0.277,7.749787873582199
USR01668,4,10,18229.68,1822.968,P2P,0.1,0.3,25-34,Tier 2,Verified,0.644,9.810861168128985
USR01669,27,12,4459.31,371.6091666666667,P2M,0.5,0.3333333333333333,45-54,Tier 3,Verified,0.108,8.402973549325086
USR01670,89,12,19914.03,1659.5024999999998,P2M,0.3333333333333333,0.25,18-24,Tier 1,Verified,0.84,9.89923000201682
USR01671,37,12,19685.550000000003,1640.4625000000003,P2M,0.25,0.3333333333333333,25-34,Tier 1,Verified,0.99,9.887690940435474
USR01672,1,13,25552.75,1965.5961538461538,P2P,0.3076923076923077,0.23076923076923078,18-24,Tier 1,Verified,0.774,10.148539355899217
USR01673,12,5,6337.37,1267.474,EMI,0.6,0.4,35-44,Tier 2,Verified,0.782,8.754376916584171
USR01674,38,11,9217.98,837.9981818181818,P2M,0.36363636363636365,0.36363636363636365,18-24,Tier 2,Verified,0.382,9.129019681363548
USR01675,30,11,6512.29,592.0263636363636,P2M,0.2727272727272727,0.36363636363636365,25-34,Tier 1,Verified,0.868,8.781599983887086
USR01676,9,7,5024.62,717.8028571428571,P2M,0.5714285714285714,0.14285714285714285,25-34,Tier 3,Verified,0.375,8.522304108400787
USR01677,62,8,2055.02,256.8775,P2M,0.375,0.5,35-44,Tier 3,Verified,0.477,7.628527354154202
USR01678,22,12,12158.47,1013.2058333333333,P2M,0.25,0.25,25-34,Tier 3,Verified,0.628,9.405863569043966
USR01679,23,7,11344.34,1620.6200000000001,Bill Payment,0.2857142857142857,0.2857142857142857,18-24,Tier 2,Verified,0.957,9.336562365914281
USR01680,8,12,6372.8099999999995,531.0675,Recharge,0.25,0.25,35-44,Tier 2,Verified,0.616,8.75995268593557
USR01681,14,7,5405.2699999999995,772.1814285714285,P2M,0.2857142857142857,0.42857142857142855,45-54,Tier 1,Not Verified,0.157,8.595314670095313
USR01682,32,10,4522.82,452.282,P2P,0.2,0.4,18-24,Tier 2,Not Verified,0.966,8.417112048646047
USR01683,25,11,7564.32,687.6654545454545,P2M,0.09090909090909091,0.18181818181818182,18-24,Tier 1,Verified,0.707,8.931329925393927
USR01684,8,14,6591.87,470.84785714285715,P2M,0.21428571428571427,0.5,35-44,Tier 2,Verified,0.279,8.793744041036296
USR01685,119,13,16503.19,1269.4761538461537,Bill Payment,0.3076923076923077,0.38461538461538464,45-54,Tier 2,Verified,0.362,9.71136956704546
USR01686,1,10,3284.8900000000003,328.48900000000003,P2M,0.3,0.2,35-44,Tier 1,Verified,0.11,8.097392822686931
USR01687,23,12,24995.35,2082.945833333333,P2M,0.4166666666666667,0.25,35-44,Tier 3,Verified,0.991,10.1264850931913
USR01688,32,11,3611.68,328.33454545454543,P2M,0.09090909090909091,0.6363636363636364,18-24,Tier 1,Verified,0.45,8.192205158168983
USR01689,52,6,15073.73,2512.2883333333334,Bill Payment,0.5,0.5,18-24,Tier 1,Verified,0.379,9.62077511098723
USR01690,92,8,5423.54,677.9425,P2M,0.125,0.125,18-24,Tier 1,Verified,0.945,8.598688382186834
USR01691,15,16,5422.83,338.926875,Bill Payment,0.1875,0.3125,55+,Tier 2,Verified,0.107,8.598557486946165
USR01692,7,12,12278.42,1023.2016666666667,P2M,0.16666666666666666,0.08333333333333333,25-34,Tier 2,Verified,0.322,9.415679969315343
USR01693,93,4,2854.63,713.6575,Bill Payment,0.25,0.0,25-34,Tier 1,Verified,0.135,7.957047763246185
USR01694,6,14,13754.44,982.46,P2M,0.35714285714285715,0.14285714285714285,35-44,Tier 1,Not Verified,0.74,9.529189661214923
USR01695,13,11,4212.83,382.98454545454547,P2P,0.2727272727272727,0.09090909090909091,25-34,Tier 2,Verified,0.262,8.346127251832304
USR01696,101,7,1438.61,205.51571428571427,P2P,0.7142857142857143,0.14285714285714285,25-34,Tier 3,Verified,0.693,7.272127522554743
USR01697,81,8,5540.8099999999995,692.6012499999999,P2M,0.25,0.25,18-24,Tier 1,Verified,0.139,8.620076441183114
USR01698,84,9,2265.3,251.70000000000002,P2M,0.1111111111111111,0.1111111111111111,18-24,Tier 2,Verified,0.584,7.725903824704885
USR01699,14,16,3289.4900000000002,205.59312500000001,P2M,0.375,0.4375,18-24,Tier 3,Verified,0.47,8.09879176883974
USR01700,14,9,10114.67,1123.8522222222223,P2M,0.0,0.3333333333333333,25-34,Tier 2,Verified,0.195,9.2218409856682
USR01701,12,10,1998.1000000000001,199.81,P2M,0.4,0.5,35-44,Tier 3,Verified,0.327,7.600452358261697
USR01702,9,14,2516.52,179.75142857142856,P2M,0.21428571428571427,0.42857142857142855,18-24,Tier 3,Verified,0.725,7.831029568950436
USR01703,43,10,28859.625699999957,2885.9625699999956,P2P,0.3,0.3,18-24,Tier 1,Verified,0.87,10.270233512619521
USR01704,32,12,5765.76,480.48,P2M,0.5,0.16666666666666666,25-34,Tier 3,Verified,0.925,8.659865676657883
USR01705,7,6,5658.83,943.1383333333333,P2M,0.16666666666666666,0.3333333333333333,35-44,Tier 2,Verified,0.161,8.641149135410469
USR01706,65,12,10255.29,854.6075000000001,P2M,0.16666666666666666,0.3333333333333333,35-44,Tier 2,Verified,0.838,9.235646454891734
USR01707,5,7,3793.7,541.9571428571428,P2M,0.2857142857142857,0.14285714285714285,25-34,Tier 2,Verified,0.26,8.241360635321605
USR01708,15,4,1511.03,377.7575,P2P,0.75,0.25,35-44,Tier 3,Verified,0.704,7.321208397812484
USR01709,46,9,13279.275699999956,1475.4750777777729,P2M,0.5555555555555556,0.4444444444444444,18-24,Tier 3,Not Verified,0.26,9.494035183357093
USR01710,4,10,9257.32,925.732,P2M,0.3,0.1,25-34,Tier 3,Not Verified,0.727,9.13327788569467
USR01711,4,12,6151.049999999999,512.5875,P2P,0.4166666666666667,0.25,25-34,Tier 1,Not Verified,0.5,8.724540638590684
USR01712,12,7,5966.34,852.3342857142858,P2M,0.0,0.5714285714285714,25-34,Tier 2,Verified,0.936,8.69405654595576
USR01713,113,7,16211.990000000002,2315.9985714285717,P2M,0.2857142857142857,0.2857142857142857,25-34,Tier 2,Verified,0.48,9.693568051760883
USR01714,43,8,4383.11,547.88875,P2M,0.25,0.125,25-34,Tier 1,Verified,0.157,8.385741919553947
USR01715,3,20,16060.09,803.0045,Bill Payment,0.4,0.5,18-24,Tier 3,Verified,0.14,9.684154855683333
USR01716,45,14,13267.46,947.6757142857142,P2M,0.42857142857142855,0.5714285714285714,55+,Tier 2,Not Verified,0.664,9.49314506934838
USR01717,75,10,2432.92,243.292,P2M,0.2,0.3,35-44,Tier 2,Verified,0.485,7.79725840529984
USR01718,98,9,3019.19,335.46555555555557,P2M,0.2222222222222222,0.3333333333333333,55+,Tier 1,Verified,0.113,8.013075022297203
USR01719,70,6,8668.14,1444.6899999999998,Bill Payment,0.16666666666666666,0.3333333333333333,45-54,Tier 1,Verified,0.298,9.06752487223645
USR01720,4,5,6299.59,1259.9180000000001,P2M,0.6,0.4,18-24,Tier 2,Verified,0.897,8.748398558788313
USR01721,2,10,3668.56,366.856,P2P,0.3,0.2,18-24,Tier 2,Not Verified,0.991,8.20782704285294
USR01722,5,10,25859.855699999956,2585.9855699999957,P2P,0.1,0.3,55+,Tier 1,Verified,0.64,10.160485741492238
USR01723,11,8,13382.91,1672.86375,EMI,0.25,0.25,45-54,Tier 2,Not Verified,0.975,9.501808518196949
USR01724,49,18,8596.12,477.56222222222226,P2M,0.2777777777777778,0.2222222222222222,18-24,Tier 1,Verified,0.896,9.059182542434593
USR01725,80,8,4421.36,552.67,P2M,0.5,0.5,35-44,Tier 1,Verified,0.648,8.394428769229872
USR01726,12,10,4060.13,406.01300000000003,P2M,0.3,0.2,55+,Tier 2,Verified,0.309,8.30921653899368
USR01727,9,11,5355.04,486.8218181818182,P2M,0.2727272727272727,0.45454545454545453,25-34,Tier 3,Not Verified,0.783,8.58598017504307
USR01728,20,9,10817.01,1201.89,Recharge,0.2222222222222222,0.5555555555555556,45-54,Tier 1,Verified,0.658,9.28896761681623
USR01729,5,9,6204.71,689.4122222222222,Bill Payment,0.2222222222222222,0.4444444444444444,35-44,Tier 2,Verified,0.237,8.733225114944531
USR01730,34,9,3401.94,377.99333333333334,P2M,0.2222222222222222,0.2222222222222222,18-24,Tier 3,Verified,0.638,8.132395042843854
USR01731,12,6,569.95,94.99166666666667,P2P,0.5,0.8333333333333334,55+,Tier 3,Verified,0.386,6.347301640147657
USR01732,45,8,18718.735699999957,2339.8419624999947,P2P,0.375,0.25,25-34,Tier 1,Not Verified,0.473,9.837333631342169
USR01733,129,9,10820.0,1202.2222222222222,P2M,0.3333333333333333,0.3333333333333333,18-24,Tier 1,Not Verified,0.398,9.289243969571649
USR01734,10,5,15347.37,3069.474,Bill Payment,0.2,0.0,18-24,Tier 1,Verified,0.727,9.638764558451818
USR01735,25,6,1798.08,299.68,P2M,0.3333333333333333,0.5,18-24,Tier 3,Verified,0.265,7.495030702111337
USR01736,62,9,7558.08,839.7866666666666,P2M,0.2222222222222222,0.5555555555555556,25-34,Tier 2,Verified,0.273,8.930504768646676
USR01737,44,8,11566.64,1445.83,P2M,0.25,0.25,18-24,Tier 1,Verified,0.256,9.355966823582348
USR01738,13,19,16711.32,879.5431578947369,P2M,0.2631578947368421,0.42105263157894735,35-44,Tier 1,Verified,0.484,9.723901450970747
USR01739,13,18,7822.41,434.5783333333333,P2M,0.16666666666666666,0.2222222222222222,35-44,Tier 3,Verified,0.259,8.964875799873298
USR01740,20,11,6347.95,577.0863636363637,P2M,0.2727272727272727,0.36363636363636365,25-34,Tier 2,Verified,0.672,8.756044723883495
USR01741,5,10,3007.9,300.79,EMI,0.4,0.4,35-44,Tier 2,Verified,0.975,8.009329842445359
USR01742,123,9,19584.03,2176.003333333333,P2P,0.1111111111111111,0.5555555555555556,25-34,Tier 1,Verified,0.555,9.882520777883288
USR01743,15,10,7029.9,702.99,P2M,0.2,0.4,35-44,Tier 1,Verified,0.443,8.858069999370098
USR01744,76,9,6258.31,695.3677777777779,P2P,0.1111111111111111,0.3333333333333333,18-24,Tier 1,Verified,0.598,8.7418252343769
USR01745,207,4,1611.05,402.7625,Bill Payment,0.5,0.75,55+,Tier 3,Verified,0.355,7.385261939955272
USR01746,9,14,4447.03,317.645,P2P,0.21428571428571427,0.35714285714285715,55+,Tier 3,Verified,0.743,8.40021658051199
USR01747,57,7,4921.83,703.1185714285714,P2M,0.2857142857142857,0.2857142857142857,45-54,Tier 2,Verified,0.875,8.501638847372405
USR01748,4,10,1991.11,199.111,Bill Payment,0.4,0.3,35-44,Tier 3,Verified,0.474,7.596949657503461
USR01749,102,6,3638.9400000000005,606.4900000000001,Bill Payment,0.5,0.3333333333333333,25-34,Tier 3,Verified,0.377,8.19972247697845
USR01750,3,4,1494.5,373.625,P2M,0.25,0.25,18-24,Tier 2,Verified,0.993,7.310215878070003
USR01751,40,9,10848.75,1205.4166666666667,P2P,0.2222222222222222,0.3333333333333333,55+,Tier 2,Verified,0.787,9.291897317228493
USR01752,17,10,25579.035699999957,2557.903569999996,P2P,0.1,0.4,35-44,Tier 1,Verified,0.671,10.149567470753437
USR01753,30,9,11356.475699999957,1261.8306333333285,P2M,0.4444444444444444,0.5555555555555556,25-34,Tier 1,Verified,0.762,9.337631458075906
USR01754,21,16,13301.470000000001,831.3418750000001,P2M,0.25,0.25,35-44,Tier 1,Verified,0.709,9.495705011252797
USR01755,81,7,1363.77,194.8242857142857,P2P,0.14285714285714285,0.14285714285714285,45-54,Tier 3,Verified,0.51,7.218741195253151
USR01756,31,10,6083.8099999999995,608.381,Bill Payment,0.4,0.6,25-34,Tier 1,Verified,0.957,8.713550780612035
USR01757,174,9,3454.93,383.88111111111107,P2M,0.5555555555555556,0.3333333333333333,25-34,Tier 2,Verified,0.68,8.147846875089188
USR01758,25,10,9177.93,917.793,Bill Payment,0.4,0.2,25-34,Tier 1,Verified,0.172,9.12466591908695
USR01759,29,11,3030.03,275.45727272727277,P2M,0.36363636363636365,0.45454545454545453,18-24,Tier 1,Verified,0.328,8.016657774732344
USR01760,20,12,11813.23,984.4358333333333,P2P,0.3333333333333333,0.4166666666666667,25-34,Tier 2,Not Verified,0.761,9.377060016104963
USR01761,81,10,16610.73,1661.0729999999999,P2M,0.3,0.4,35-44,Tier 1,Verified,0.799,9.717864351307698
USR01762,19,6,11405.39,1900.8983333333333,P2M,0.16666666666666666,0.3333333333333333,35-44,Tier 2,Verified,0.937,9.34192900366218
USR01763,51,6,1376.62,229.43666666666664,P2P,0.5,0.5,25-34,Tier 2,Verified,0.835,7.228112651570404
USR01764,54,5,1117.51,223.502,Bill Payment,0.2,0.0,45-54,Tier 2,Verified,0.689,7.019752721435591
USR01765,41,10,2175.81,217.581,P2M,0.3,0.4,35-44,Tier 1,Verified,0.734,7.685615781357786
USR01766,9,10,10828.48,1082.848,P2M,0.2,0.2,45-54,Tier 2,Verified,0.506,9.290027324068513
USR01767,58,4,1579.24,394.81,P2P,0.25,0.25,55+,Tier 1,Not Verified,0.264,7.365332013219745
USR01768,63,13,6834.86,525.7584615384615,P2M,0.15384615384615385,0.23076923076923078,25-34,Tier 2,Verified,0.922,8.829937564213012
USR01769,16,7,8196.21,1170.8871428571426,P2M,0.2857142857142857,0.14285714285714285,25-34,Tier 3,Verified,0.177,9.011549131453815
USR01770,12,11,12229.57,1111.7790909090909,P2M,0.2727272727272727,0.18181818181818182,35-44,Tier 3,Verified,0.311,9.411693834299983
USR01771,160,5,1617.47,323.494,P2P,0.2,0.4,18-24,Tier 2,Verified,0.339,7.389236537513325
USR01772,29,13,3960.98,304.6907692307692,P2M,0.3076923076923077,0.46153846153846156,25-34,Tier 1,Verified,0.813,8.284499179290178
USR01773,24,12,6732.0,561.0,P2M,0.4166666666666667,0.75,45-54,Tier 2,Verified,0.526,8.814776088545281
USR01774,24,8,5418.37,677.29625,P2P,0.25,0.375,55+,Tier 3,Verified,0.901,8.597734851515384
USR01775,19,9,10548.74,1172.0822222222223,P2P,0.1111111111111111,0.6666666666666666,35-44,Tier 1,Verified,0.441,9.263856494050767
USR01776,7,10,3459.44,345.944,P2M,0.1,0.1,25-34,Tier 2,Not Verified,0.103,8.14915102759671
USR01777,40,11,12025.2,1093.2,P2M,0.45454545454545453,0.45454545454545453,35-44,Tier 2,Not Verified,0.211,9.394842882094853
USR01778,9,7,7339.13,1048.4471428571428,Bill Payment,0.2857142857142857,0.42857142857142855,45-54,Tier 2,Verified,0.657,8.901111832623382
USR01779,5,12,3376.31,281.3591666666667,P2M,0.4166666666666667,0.4166666666666667,45-54,Tier 2,Verified,0.269,8.1248348136258
USR01780,26,10,2628.75,262.875,Bill Payment,0.3,0.3,25-34,Tier 2,Verified,0.424,7.8746440636193835
USR01781,4,5,17893.541399999915,3578.708279999983,Bill Payment,0.0,0.2,25-34,Tier 1,Verified,0.536,9.79225099560155
USR01782,9,11,14244.1,1294.918181818182,Recharge,0.36363636363636365,0.5454545454545454,35-44,Tier 1,Verified,0.938,9.564168266914388
USR01783,45,8,1379.45,172.43125,Bill Payment,0.25,0.25,18-24,Tier 3,Verified,0.364,7.230164811952975
USR01784,107,8,4606.01,575.75125,P2M,0.375,0.25,25-34,Tier 1,Verified,0.806,8.435334335543503
USR01785,21,8,15797.445699999958,1974.6807124999948,P2M,0.5,0.75,45-54,Tier 1,Verified,0.178,9.667666840758352
USR01786,39,9,2514.95,279.43888888888887,EMI,0.3333333333333333,0.3333333333333333,35-44,Tier 3,Verified,0.502,7.830405744808874
USR01787,6,9,5493.06,610.34,P2P,0.2222222222222222,0.2222222222222222,25-34,Tier 1,Verified,0.778,8.611422787600318
USR01788,14,13,4137.27,318.2515384615385,P2P,0.23076923076923078,0.15384615384615385,45-54,Tier 3,Verified,0.744,8.32803310508939
USR01789,87,8,1914.01,239.25125,P2M,0.5,0.25,25-34,Tier 2,Verified,0.79,7.557478123533227
USR01790,10,11,8317.05,756.0954545454545,P2M,0.45454545454545453,0.09090909090909091,25-34,Tier 1,Not Verified,0.704,9.026183131345142
USR01791,76,8,3966.92,495.865,P2P,0.125,0.5,18-24,Tier 3,Verified,0.543,8.285997306911199
USR01792,3,11,3109.02,282.6381818181818,P2M,0.2727272727272727,0.36363636363636365,18-24,Tier 2,Verified,0.79,8.04238443602077
USR01793,9,6,1921.51,320.25166666666667,P2M,0.3333333333333333,0.5,25-34,Tier 2,Verified,0.746,7.561386902926739
USR01794,24,14,8577.74,612.6957142857143,P2M,0.6428571428571429,0.21428571428571427,18-24,Tier 3,Verified,0.493,9.057042328551175
USR01795,55,11,12862.01,1169.2736363636363,P2P,0.09090909090909091,0.2727272727272727,25-34,Tier 1,Not Verified,0.2,9.462111029502031
USR01796,8,6,452.84999999999997,75.475,P2M,0.16666666666666666,0.0,25-34,Tier 3,Verified,0.204,6.117766746972636
USR01797,24,7,1719.55,245.65,Bill Payment,0.2857142857142857,0.42857142857142855,25-34,Tier 2,Verified,0.619,7.450399286134647
USR01798,1,13,3129.18,240.70615384615382,P2M,0.23076923076923078,0.23076923076923078,25-34,Tier 1,Verified,0.862,8.0488457898679
USR01799,53,7,10042.02,1434.5742857142857,Bill Payment,0.0,0.42857142857142855,18-24,Tier 1,Verified,0.941,9.214633144828177
USR01800,4,12,18195.22,1516.2683333333334,P2P,0.3333333333333333,0.16666666666666666,25-34,Tier 1,Verified,0.584,9.80896915918616
USR01801,77,11,13733.699999999999,1248.5181818181818,P2P,0.2727272727272727,0.36363636363636365,18-24,Tier 2,Not Verified,0.55,9.527680756281368
USR01802,100,7,12534.42,1790.6314285714286,Bill Payment,0.2857142857142857,0.2857142857142857,35-44,Tier 2,Verified,0.699,9.436313516213763
USR01803,33,12,32746.801399999913,2728.9001166666594,P2P,0.3333333333333333,0.3333333333333333,35-44,Tier 2,Verified,0.378,10.39659110598546
USR01804,6,5,3077.29,615.458,P2M,0.2,0.4,18-24,Tier 1,Verified,0.736,8.032129526984722
USR01805,23,10,5344.91,534.491,P2M,0.3,0.3,18-24,Tier 1,Verified,0.97,8.584087061540318
USR01806,17,11,2469.56,224.50545454545454,P2M,0.2727272727272727,0.45454545454545453,25-34,Tier 3,Verified,0.745,7.812200124572554
USR01807,23,6,3224.64,537.4399999999999,Bill Payment,0.5,0.3333333333333333,45-54,Tier 2,Verified,0.147,8.078886659153756
USR01808,61,5,2232.23,446.446,P2P,0.0,0.4,35-44,Tier 2,Verified,0.369,7.711204246983804
USR01809,4,11,4032.92,366.6290909090909,P2P,0.36363636363636365,0.18181818181818182,18-24,Tier 2,Verified,0.593,8.30249388688469
USR01810,5,10,6406.4,640.64,P2M,0.4,0.4,25-34,Tier 1,Verified,0.452,8.765208851405555
USR01811,17,10,18306.149999999998,1830.6149999999998,P2M,0.4,0.5,18-24,Tier 2,Verified,0.276,9.8150469729046
USR01812,13,12,12264.17,1022.0141666666667,P2P,0.08333333333333333,0.3333333333333333,18-24,Tier 1,Verified,0.777,9.414518817175416
USR01813,31,7,9871.925699999958,1410.275099999994,Bill Payment,0.2857142857142857,0.2857142857142857,35-44,Tier 2,Verified,0.739,9.197551512008328
USR01814,46,11,14421.105699999958,1311.0096090909053,P2M,0.18181818181818182,0.5454545454545454,55+,Tier 1,Verified,0.726,9.576517426530415
USR01815,46,13,6434.31,494.9469230769231,P2M,0.15384615384615385,0.15384615384615385,45-54,Tier 1,Verified,0.774,8.769555292918069
USR01816,17,17,29998.685699999958,1764.6285705882328,P2M,0.29411764705882354,0.23529411764705882,55+,Tier 1,Verified,0.618,10.308942183922744
USR01817,29,13,20497.36569999996,1576.7204384615352,P2M,0.46153846153846156,0.15384615384615385,25-34,Tier 1,Verified,0.484,9.928100439997314
USR01818,27,7,9803.81,1400.5442857142857,P2P,0.42857142857142855,0.42857142857142855,18-24,Tier 2,Verified,0.977,9.190628360574259
USR01819,12,6,4067.65,677.9416666666667,Recharge,0.0,0.16666666666666666,18-24,Tier 3,Verified,0.685,8.31106652808188
USR01820,23,11,6010.0599999999995,546.3690909090909,P2M,0.36363636363636365,0.36363636363636365,25-34,Tier 3,Verified,0.207,8.70135638468956
USR01821,63,5,1757.95,351.59000000000003,Bill Payment,0.2,0.4,25-34,Tier 2,Verified,0.688,7.472472319091938
USR01822,38,11,9743.369999999999,885.760909090909,P2M,0.18181818181818182,0.2727272727272727,25-34,Tier 2,Verified,0.878,9.184444961314142
USR01823,25,13,7336.03,564.31,EMI,0.0,0.46153846153846156,35-44,Tier 3,Not Verified,0.208,8.900689407570294
USR01824,8,12,10105.87,842.1558333333334,P2P,0.08333333333333333,0.25,25-34,Tier 1,Verified,0.628,9.220970669619328
USR01825,56,9,10676.66,1186.2955555555554,P2M,0.2222222222222222,0.5555555555555556,25-34,Tier 1,Verified,0.185,9.275908987384433
USR01826,18,7,2837.06,405.2942857142857,P2M,0.0,0.0,35-44,Tier 2,Verified,0.732,7.950875999145555
USR01827,65,15,9659.81,643.9873333333333,P2M,0.26666666666666666,0.26666666666666666,18-24,Tier 2,Verified,0.742,9.175832774622949
USR01828,12,12,6079.42,506.61833333333334,P2M,0.3333333333333333,0.16666666666666666,18-24,Tier 2,Verified,0.731,8.71282905152174
USR01829,26,11,4919.05,447.18636363636364,Recharge,0.18181818181818182,0.2727272727272727,25-34,Tier 2,Verified,0.577,8.501073972036341
USR01830,11,11,5857.92,532.5381818181818,P2M,0.2727272727272727,0.36363636363636365,18-24,Tier 3,Not Verified,0.837,8.675720565244367
USR01831,38,6,6511.43,1085.2383333333335,EMI,0.5,0.5,45-54,Tier 1,Verified,0.639,8.781467937443395
USR01832,45,11,6020.52,547.32,P2M,0.36363636363636365,0.2727272727272727,35-44,Tier 2,Verified,0.211,8.703094998126556
USR01833,28,6,5834.42,972.4033333333333,P2M,0.3333333333333333,0.3333333333333333,25-34,Tier 2,Verified,0.331,8.671701521564708
USR01834,53,11,7566.29,687.8445454545455,P2P,0.36363636363636365,0.45454545454545453,25-34,Tier 1,Not Verified,0.427,8.931590290263058
USR01835,182,6,16336.245699999958,2722.7076166666598,Bill Payment,0.3333333333333333,0.5,55+,Tier 1,Verified,0.142,9.701202792394348
USR01836,59,14,15404.2,1100.3,P2M,0.07142857142857142,0.42857142857142855,25-34,Tier 1,Verified,0.619,9.642460393744285
USR01837,30,10,3871.33,387.133,P2M,0.4,0.0,18-24,Tier 3,Verified,0.56,8.261611672037557
USR01838,24,12,6585.49,548.7908333333334,P2M,0.16666666666666666,0.3333333333333333,25-34,Tier 3,Verified,0.269,8.792775860411687
USR01839,36,11,5282.58,480.23454545454547,P2P,0.2727272727272727,0.5454545454545454,18-24,Tier 1,Verified,0.294,8.57235917724464
USR01840,13,8,6168.03,771.00375,P2P,0.125,0.5,45-54,Tier 1,Verified,0.329,8.727296892222615
USR01841,12,9,20335.535699999957,2259.5039666666617,Bill Payment,0.3333333333333333,0.2222222222222222,18-24,Tier 2,Verified,0.175,9.92017433552917
USR01842,61,11,12798.310000000001,1163.4827272727273,P2M,0.36363636363636365,0.36363636363636365,18-24,Tier 1,Verified,0.164,9.457146542204715
USR01843,112,7,7048.9400000000005,1006.9914285714286,P2M,0.0,0.5714285714285714,45-54,Tier 2,Not Verified,0.607,8.860774385131801
USR01844,28,11,8376.33,761.4845454545455,P2P,0.09090909090909091,0.2727272727272727,25-34,Tier 2,Verified,0.238,9.033284526955557
USR01845,15,7,1585.0500000000002,226.4357142857143,P2M,0.2857142857142857,0.5714285714285714,25-34,Tier 3,Verified,0.643,7.369001927549062
USR01846,38,9,4068.2599999999998,452.02888888888884,P2M,0.2222222222222222,0.1111111111111111,35-44,Tier 1,Verified,0.594,8.311216443723893
USR01847,8,10,18284.38,1828.438,P2M,0.3,0.3,25-34,Tier 1,Verified,0.8,9.813857112429337
USR01848,12,6,2614.76,435.79333333333335,P2M,0.0,0.3333333333333333,45-54,Tier 2,Verified,0.188,7.869309965249166
USR01849,18,5,5792.26,1158.452,P2M,0.2,0.4,25-34,Tier 2,Verified,0.804,8.66445045184331
USR01850,3,15,3258.27,217.218,P2M,0.5333333333333333,0.3333333333333333,45-54,Tier 3,Not Verified,0.826,8.08925852290513
USR01851,20,9,2807.87,311.98555555555555,P2M,0.3333333333333333,0.1111111111111111,18-24,Tier 3,Not Verified,0.596,7.940537546218419
USR01852,91,11,12926.4,1175.1272727272726,P2M,0.2727272727272727,0.45454545454545453,35-44,Tier 1,Verified,0.777,9.46710436879277
USR01853,109,7,1204.75,172.10714285714286,P2M,0.14285714285714285,0.42857142857142855,35-44,Tier 2,Verified,0.894,7.094857058949081
USR01854,9,4,1750.9,437.725,EMI,0.25,0.25,35-44,Tier 1,Verified,0.562,7.468456192241776
USR01855,7,12,1770.5,147.54166666666666,P2M,0.4166666666666667,0.16666666666666666,18-24,Tier 3,Verified,0.762,7.479581924305527
USR01856,40,12,4756.61,396.38416666666666,Recharge,0.4166666666666667,0.0,25-34,Tier 3,Verified,0.324,8.467500720290293
USR01857,95,7,3071.71,438.8157142857143,Recharge,0.5714285714285714,0.42857142857142855,25-34,Tier 2,Verified,0.988,8.030315187355164
USR01858,43,12,6575.84,547.9866666666667,P2M,0.3333333333333333,0.25,25-34,Tier 1,Not Verified,0.569,8.791309665804588
USR01859,43,11,5655.72,514.1563636363636,P2M,0.09090909090909091,0.36363636363636365,25-34,Tier 1,Verified,0.178,8.64059949791878
USR01860,103,12,19473.7,1622.8083333333334,P2M,0.5833333333333334,0.16666666666666666,18-24,Tier 1,Verified,0.169,9.87687146625573
USR01861,33,4,1365.1999999999998,341.29999999999995,P2P,0.0,0.25,35-44,Tier 2,Verified,0.176,7.219788442297749
USR01862,75,12,14231.16,1185.93,P2M,0.25,0.3333333333333333,35-44,Tier 1,Verified,0.482,9.563259471553415
USR01863,138,4,1782.19,445.5475,P2M,0.25,0.25,35-44,Tier 3,Verified,0.564,7.486159174160018
USR01864,34,14,26698.93,1907.0664285714286,P2P,0.42857142857142855,0.42857142857142855,55+,Tier 1,Verified,0.271,10.192416222662057
USR01865,67,10,3265.5,326.55,P2P,0.3,0.3,35-44,Tier 2,Verified,0.775,8.091474354280805
USR01866,54,6,7390.900000000001,1231.8166666666668,P2M,0.3333333333333333,0.3333333333333333,25-34,Tier 2,Verified,0.138,8.908140085091485
USR01867,29,10,22273.36569999996,2227.336569999996,P2M,0.3,0.3,25-34,Tier 2,Verified,0.257,10.011191776063754
USR01868,130,7,6380.01,911.4300000000001,Bill Payment,0.2857142857142857,0.2857142857142857,35-44,Tier 2,Verified,0.146,8.761081671019603
USR01869,8,8,7520.0599999999995,940.0074999999999,Bill Payment,0.25,0.125,18-24,Tier 2,Verified,0.404,8.925462364457127
USR01870,11,9,6428.77,714.3077777777778,P2M,0.4444444444444444,0.0,35-44,Tier 1,Verified,0.364,8.768694046762983
USR01871,7,9,11809.41,1312.1566666666668,P2M,0.1111111111111111,0.3333333333333333,25-34,Tier 1,Verified,0.936,9.376736624930892
USR01872,9,11,16904.23,1536.7481818181818,P2M,0.18181818181818182,0.45454545454545453,18-24,Tier 1,Verified,0.864,9.735378320491611
USR01873,25,10,19280.405699999956,1928.0405699999956,EMI,0.4,0.3,55+,Tier 2,Verified,0.419,9.866896475257786
USR01874,46,13,3687.49,283.6530769230769,P2P,0.23076923076923078,0.15384615384615385,18-24,Tier 3,Verified,0.108,8.212972439191496
USR01875,112,10,11055.84,1105.584,P2M,0.2,0.2,45-54,Tier 2,Verified,0.909,9.310804519966508
USR01876,53,5,1262.6,252.51999999999998,EMI,0.0,0.2,45-54,Tier 3,Verified,0.793,7.14172006892793
USR01877,4,13,12028.17,925.2438461538461,P2P,0.46153846153846156,0.38461538461538464,18-24,Tier 1,Verified,0.428,9.395089812407303
USR01878,4,13,9192.8,707.1384615384615,P2M,0.38461538461538464,0.15384615384615385,25-34,Tier 2,Verified,0.495,9.126284622812186
USR01879,4,20,7174.8,358.74,Bill Payment,0.3,0.45,35-44,Tier 1,Verified,0.491,8.878469532670193
USR01880,28,6,2729.63,454.93833333333333,Bill Payment,0.0,0.5,45-54,Tier 3,Verified,0.356,7.912287630786651
USR01881,6,8,11562.33,1445.29125,Recharge,0.25,0.125,55+,Tier 2,Verified,0.244,9.355594163028131
USR01882,76,11,4440.35,403.66818181818184,Recharge,0.18181818181818182,0.2727272727272727,25-34,Tier 3,Not Verified,0.54,8.398713663265259
USR01883,31,8,2154.4,269.3,P2M,0.5,0.375,18-24,Tier 2,Not Verified,0.788,7.675731600162732
USR01884,10,13,2935.53,225.81,P2P,0.3076923076923077,0.5384615384615384,18-24,Tier 2,Verified,0.962,7.984983891154217
USR01885,6,5,2408.3999999999996,481.67999999999995,P2M,0.0,0.4,35-44,Tier 3,Verified,0.112,7.787133032832752
USR01886,116,7,2416.7799999999997,345.2542857142857,Recharge,0.42857142857142855,0.5714285714285714,35-44,Tier 3,Verified,0.637,7.790605042750884
USR01887,87,6,4856.150000000001,809.3583333333335,P2M,0.3333333333333333,0.16666666666666666,35-44,Tier 2,Verified,0.174,8.48820712513014
USR01888,5,15,6297.9400000000005,419.8626666666667,P2M,0.4666666666666667,0.4,18-24,Tier 2,Verified,0.268,8.748136644255084
USR01889,81,8,6520.0199999999995,815.0024999999999,P2P,0.25,0.125,25-34,Tier 2,Verified,0.323,8.78278608440276
USR01890,52,9,28509.065699999956,3167.6739666666617,P2M,0.3333333333333333,0.4444444444444444,18-24,Tier 1,Verified,0.829,10.258012486358638
USR01891,22,10,3290.94,329.094,P2M,0.1,0.3,25-34,Tier 2,Verified,0.869,8.099232335628434
USR01892,37,7,1991.48,284.4971428571429,P2M,0.42857142857142855,0.2857142857142857,25-34,Tier 3,Verified,0.461,7.597135372972838
USR01893,2,9,3017.02,335.22444444444443,P2M,0.1111111111111111,0.1111111111111111,18-24,Tier 3,Verified,0.655,8.012356266211071
USR01894,7,7,2579.06,368.4371428571429,Bill Payment,0.14285714285714285,0.42857142857142855,25-34,Tier 2,Verified,0.376,7.855567933459204
USR01895,45,15,12244.27,816.2846666666667,P2M,0.4,0.13333333333333333,45-54,Tier 3,Not Verified,0.531,9.412895018959427
USR01896,27,14,11123.54,794.5385714285715,P2M,0.21428571428571427,0.21428571428571427,55+,Tier 2,Verified,0.342,9.316908757864969
USR01897,25,3,1960.7399999999998,653.5799999999999,Bill Payment,0.3333333333333333,0.0,45-54,Tier 3,Verified,0.906,7.581587113505104
USR01898,14,12,10243.51,853.6258333333334,P2M,0.3333333333333333,0.5833333333333334,25-34,Tier 2,Verified,0.389,9.234497231320313
USR01899,30,9,22906.015699999956,2545.1128555555506,P2M,0.1111111111111111,0.3333333333333333,25-34,Tier 2,Verified,0.327,10.039198505068352
USR01900,51,8,7326.7,915.8375,P2P,0.375,0.375,35-44,Tier 1,Verified,0.702,8.89941696665132
USR01901,13,21,17271.19,822.437619047619,P2M,0.38095238095238093,0.23809523809523808,18-24,Tier 2,Verified,0.767,9.756852972597317
USR01902,47,5,4564.1900000000005,912.8380000000001,P2P,0.0,0.4,35-44,Tier 3,Verified,0.434,8.42621541319251
USR01903,32,10,6276.42,627.642,P2M,0.3,0.1,18-24,Tier 3,Not Verified,0.898,8.744714347023812
USR01904,24,15,4813.77,320.918,P2P,0.5333333333333333,0.2,35-44,Tier 3,Verified,0.628,8.479443555697767
USR01905,14,11,6529.24,593.5672727272727,P2P,0.18181818181818182,0.18181818181818182,45-54,Tier 1,Not Verified,0.933,8.78419897504072
USR01906,130,5,4696.610000000001,939.3220000000001,P2M,0.2,0.6,25-34,Tier 1,Verified,0.991,8.45480914772447
USR01907,39,12,2858.73,238.2275,Bill Payment,0.25,0.5833333333333334,25-34,Tier 3,Verified,0.273,7.958482493763004
USR01908,24,11,10078.23,916.2027272727272,P2P,0.2727272727272727,0.2727272727272727,18-24,Tier 2,Verified,0.905,9.218232149818691
USR01909,49,8,3717.34,464.6675,P2M,0.25,0.5,18-24,Tier 1,Not Verified,0.477,8.22103261111489
USR01910,4,16,3863.57,241.473125,P2M,0.4375,0.375,45-54,Tier 1,Not Verified,0.727,8.259605699981014
USR01911,99,15,13559.43,903.962,P2M,0.3333333333333333,0.3333333333333333,18-24,Tier 1,Verified,0.975,9.51491127190606
USR01912,89,11,3889.73,353.6118181818182,P2P,0.45454545454545453,0.2727272727272727,18-24,Tier 2,Verified,0.579,8.266352079674812
USR01913,27,10,7315.099999999999,731.51,Bill Payment,0.2,0.5,18-24,Tier 1,Verified,0.558,8.897832678088745
USR01914,23,7,3106.3199999999997,443.75999999999993,Bill Payment,0.5714285714285714,0.2857142857142857,35-44,Tier 2,Not Verified,0.286,8.041515897330676
USR01915,26,14,6088.389999999999,434.88499999999993,P2M,0.2857142857142857,0.35714285714285715,25-34,Tier 3,Not Verified,0.108,8.71430319148356
USR01916,20,14,13163.68,940.2628571428571,P2M,0.14285714285714285,0.21428571428571427,25-34,Tier 1,Verified,0.573,9.485292764760706
USR01917,10,14,2305.83,164.70214285714286,P2M,0.5,0.14285714285714285,55+,Tier 3,Not Verified,0.597,7.743629566685304
USR01918,55,8,5910.18,738.7725,Bill Payment,0.125,0.25,45-54,Tier 2,Verified,0.135,8.684600752060947
USR01919,108,7,1559.59,222.79857142857142,Bill Payment,0.42857142857142855,0.7142857142857143,18-24,Tier 3,Verified,0.343,7.352819233870256
USR01920,11,12,2370.86,197.5716666666667,P2P,0.08333333333333333,0.4166666666666667,18-24,Tier 2,Verified,0.289,7.771429736453325
USR01921,34,10,4356.22,435.622,P2M,0.2,0.3,35-44,Tier 2,Verified,0.975,8.379589518301492
USR01922,38,14,9995.61,713.9721428571429,P2M,0.2857142857142857,0.21428571428571427,25-34,Tier 2,Verified,0.22,9.210001314502694
USR01923,32,12,11832.51,986.0425,P2M,0.3333333333333333,0.5,45-54,Tier 2,Verified,0.663,9.378690616261418
USR01924,39,8,1542.73,192.84125,P2P,0.375,0.25,25-34,Tier 3,Verified,0.352,7.341956844826777
USR01925,25,17,15910.119999999999,935.8894117647059,P2M,0.17647058823529413,0.23529411764705882,18-24,Tier 1,Verified,0.881,9.674773514831525
USR01926,29,10,6660.25,666.025,P2M,0.0,0.1,55+,Tier 2,Verified,0.719,8.804062433610992
USR01927,43,12,3729.0899999999997,310.7575,P2P,0.25,0.4166666666666667,25-34,Tier 3,Verified,0.498,8.224187641033096
USR01928,38,9,3340.42,371.15777777777777,P2P,0.3333333333333333,0.3333333333333333,35-44,Tier 3,Verified,0.872,8.114151145320818
USR01929,46,10,8322.25,832.225,P2M,0.2,0.7,35-44,Tier 2,Verified,0.491,9.026808082541171
USR01930,5,10,6980.969999999999,698.097,Bill Payment,0.4,0.1,45-54,Tier 2,Verified,0.513,8.851086390892645
USR01931,18,13,21172.555699999957,1628.6581307692275,P2M,0.15384615384615385,0.15384615384615385,25-34,Tier 1,Verified,0.949,9.960508309401789
USR01932,29,13,30450.281399999913,2342.3293384615317,P2M,0.23076923076923078,0.46153846153846156,25-34,Tier 1,Verified,0.897,10.32388335435442
USR01933,51,8,2202.7799999999997,275.34749999999997,P2M,0.625,0.375,35-44,Tier 3,Verified,0.165,7.6979293467788095
USR01934,55,6,2907.33,484.555,P2P,0.0,0.3333333333333333,18-24,Tier 2,Verified,0.574,7.975334312270056
USR01935,63,9,5468.59,607.6211111111111,P2P,0.3333333333333333,0.2222222222222222,35-44,Tier 2,Verified,0.44,8.606958938310653
USR01936,46,7,20689.345699999958,2955.620814285708,P2M,0.0,0.0,18-24,Tier 2,Verified,0.68,9.937422479154858
USR01937,5,10,24171.485699999957,2417.1485699999957,P2M,0.2,0.3,35-44,Tier 1,Verified,0.945,10.092970310776183
USR01938,106,7,7634.139999999999,1090.5914285714284,P2P,0.14285714285714285,0.2857142857142857,35-44,Tier 1,Verified,0.836,8.940516554092346
USR01939,13,8,2138.4,267.3,Bill Payment,0.125,0.375,25-34,Tier 3,Verified,0.784,7.66828069487203
USR01940,3,14,8718.45,622.7464285714286,P2P,0.42857142857142855,0.21428571428571427,18-24,Tier 1,Verified,0.239,9.07331144151932
USR01941,42,10,10491.89,1049.1889999999999,Bill Payment,0.6,0.4,35-44,Tier 2,Not Verified,0.211,9.258453163923699
USR01942,3,13,17451.155699999956,1342.396592307689,Bill Payment,0.46153846153846156,0.3076923076923077,25-34,Tier 1,Verified,0.56,9.767218455817268
USR01943,10,10,1831.58,183.158,P2M,0.2,0.4,45-54,Tier 3,Verified,0.122,7.513480089015269
USR01944,10,9,22955.951399999914,2550.661266666657,P2M,0.1111111111111111,0.3333333333333333,45-54,Tier 1,Verified,0.303,10.041376062871976
USR01945,19,8,11100.19,1387.52375,P2M,0.125,0.25,18-24,Tier 3,Verified,0.992,9.31480758876135
USR01946,57,11,5361.52,487.4109090909091,P2P,0.09090909090909091,0.45454545454545453,45-54,Tier 3,Verified,0.4,8.587189292833047
USR01947,18,13,12739.65,979.9730769230769,P2P,0.3076923076923077,0.38461538461538464,25-34,Tier 1,Verified,0.26,9.452552948232821
USR01948,76,12,8789.46,732.4549999999999,Bill Payment,0.4166666666666667,0.25,25-34,Tier 1,Verified,0.701,9.081422321505618
USR01949,10,10,7413.2,741.3199999999999,Bill Payment,0.3,0.5,18-24,Tier 2,Verified,0.194,8.9111523593382
USR01950,11,18,1037.72,57.65111111111111,Bill Payment,0.1111111111111111,0.3333333333333333,18-24,Tier 3,Verified,0.83,6.945744464886172
USR01951,8,11,38186.42709999987,3471.493372727261,P2M,0.18181818181818182,0.45454545454545453,18-24,Tier 1,Verified,0.98,10.550261606910489
USR01952,42,7,3329.42,475.63142857142856,EMI,0.0,0.0,18-24,Tier 2,Not Verified,0.502,8.110853701147384
USR01953,64,8,3115.94,389.4925,P2M,0.125,0.25,45-54,Tier 1,Verified,0.485,8.044607030303915
USR01954,48,12,2323.42,193.61833333333334,P2M,0.16666666666666666,0.4166666666666667,55+,Tier 3,Verified,0.215,7.751225824534954
USR01955,11,15,1493.95,99.59666666666666,P2M,0.4666666666666667,0.2,55+,Tier 2,Verified,0.533,7.309848040449443
USR01956,58,8,3221.92,402.74,Bill Payment,0.875,0.25,25-34,Tier 2,Verified,0.95,8.07804305991259
USR01957,7,13,7667.55,589.8115384615385,Bill Payment,0.3076923076923077,0.3076923076923077,25-34,Tier 1,Verified,0.585,8.944882828249535
USR01958,10,11,8223.76,747.6145454545455,P2M,0.36363636363636365,0.36363636363636365,25-34,Tier 3,Verified,0.623,9.01490439587654
USR01959,12,12,6604.22,550.3516666666667,P2P,0.25,0.5,35-44,Tier 2,Verified,0.312,8.795615524501647
USR01960,3,11,15861.51,1441.9554545454546,P2M,0.2727272727272727,0.45454545454545453,35-44,Tier 2,Verified,0.527,9.671713742440096
USR01961,15,10,15282.45,1528.2450000000001,P2M,0.3,0.4,18-24,Tier 2,Verified,0.425,9.634525822575151
USR01962,84,7,1599.31,228.47285714285712,P2P,0.42857142857142855,0.5714285714285714,25-34,Tier 3,Verified,0.23,7.377952639460766
USR01963,184,5,2232.51,446.50200000000007,P2M,0.6,0.2,25-34,Tier 2,Verified,0.845,7.711329618059966
USR01964,31,11,8410.33,764.5754545454546,P2M,0.36363636363636365,0.09090909090909091,35-44,Tier 2,Verified,0.734,9.037334885528779
USR01965,6,12,10631.24,885.9366666666666,P2M,0.5,0.25,45-54,Tier 2,Verified,0.731,9.271646173501738
USR01966,31,7,2504.63,357.80428571428575,P2M,0.42857142857142855,0.2857142857142857,18-24,Tier 3,Verified,0.883,7.826295478904883
USR01967,13,10,4982.53,498.253,Bill Payment,0.4,0.3,18-24,Tier 1,Verified,0.169,8.513893754254948
USR01968,30,14,2823.56,201.68285714285713,P2P,0.2857142857142857,0.2857142857142857,18-24,Tier 2,Verified,0.264,7.946107879237516
USR01969,162,9,3836.52,426.28,P2M,0.3333333333333333,0.0,18-24,Tier 2,Verified,0.37,8.252581603608256
USR01970,28,12,5524.06,460.33833333333337,P2M,0.3333333333333333,0.3333333333333333,45-54,Tier 3,Verified,0.726,8.617049386055495
USR01971,28,5,8439.5,1687.9,Bill Payment,0.2,0.2,25-34,Tier 1,Verified,0.129,9.040796827541444
USR01972,6,7,1915.43,273.6328571428572,P2M,0.2857142857142857,0.42857142857142855,35-44,Tier 3,Verified,0.849,7.558219359238349
USR01973,2,6,1581.03,263.505,P2M,0.16666666666666666,0.3333333333333333,25-34,Tier 1,Verified,0.332,7.366464111485345
USR01974,300,3,3776.87,1258.9566666666667,Bill Payment,0.0,0.3333333333333333,35-44,Tier 1,Verified,0.241,8.236915637728822
USR01975,55,8,7491.95,936.49375,P2P,0.125,0.5,25-34,Tier 2,Verified,0.213,8.921717857447344
USR01976,4,17,2448.04,144.00235294117647,P2M,0.4117647058823529,0.23529411764705882,25-34,Tier 3,Verified,0.265,7.803451390016006
USR01977,2,5,12319.210000000001,2463.842,P2P,0.6,0.2,18-24,Tier 1,Verified,0.687,9.418996282396785
USR01978,96,9,12891.189999999999,1432.3544444444442,P2M,0.1111111111111111,0.3333333333333333,25-34,Tier 2,Verified,0.434,9.464376980648632
USR01979,66,9,8561.42,951.2688888888889,P2M,0.4444444444444444,0.4444444444444444,45-54,Tier 2,Not Verified,0.426,9.05513813946114
USR01980,53,10,8021.509999999999,802.151,P2M,0.3,0.2,18-24,Tier 2,Verified,0.246,8.99000661947747
USR01981,8,6,1704.16,284.0266666666667,P2M,0.3333333333333333,0.16666666666666666,18-24,Tier 2,Verified,0.919,7.4414142269569945
USR01982,24,11,15695.14,1426.830909090909,P2M,0.18181818181818182,0.18181818181818182,18-24,Tier 1,Verified,0.177,9.661170101235294
USR01983,19,8,8800.689999999999,1100.0862499999998,P2M,0.25,0.625,35-44,Tier 2,Verified,0.535,9.082699027482475
USR01984,38,13,2425.13,186.54846153846154,P2P,0.46153846153846156,0.23076923076923078,18-24,Tier 3,Not Verified,0.421,7.79405267421835
USR01985,34,8,5976.91,747.11375,Bill Payment,0.375,0.375,55+,Tier 2,Verified,0.777,8.695826287528144
USR01986,31,12,9577.3,798.1083333333332,P2P,0.16666666666666666,0.16666666666666666,45-54,Tier 2,Verified,0.907,9.167255402191115
USR01987,28,18,5859.81,325.545,Bill Payment,0.2222222222222222,0.2777777777777778,35-44,Tier 2,Verified,0.816,8.6760430982748
USR01988,109,13,3927.02,302.0784615384615,P2M,0.23076923076923078,0.38461538461538464,18-24,Tier 3,Not Verified,0.236,8.27589076111109
USR01989,35,7,4378.92,625.5600000000001,P2M,0.0,0.5714285714285714,25-34,Tier 1,Verified,0.827,8.384785738363504
USR01990,68,5,3202.59,640.518,P2M,0.4,0.4,18-24,Tier 2,Not Verified,0.551,8.07202733495633
USR01991,46,10,7666.83,766.683,P2M,0.2,0.4,25-34,Tier 1,Verified,0.405,8.944788933862394
USR01992,19,12,13492.11,1124.3425,Bill Payment,0.25,0.5,25-34,Tier 1,Verified,0.797,9.509934463772863
USR01993,8,8,2111.85,263.98125,P2M,0.375,0.375,35-44,Tier 1,Verified,0.61,7.6557930259812075
USR01994,66,12,5279.67,439.9725,P2M,0.3333333333333333,0.25,35-44,Tier 2,Verified,0.883,8.571808262589347
USR01995,4,13,1544.07,118.77461538461537,P2M,0.3076923076923077,0.15384615384615385,45-54,Tier 3,Verified,0.509,7.34282449574886
USR01996,37,10,3068.73,306.873,P2M,0.3,0.3,45-54,Tier 2,Verified,0.619,8.029344888830865
USR01997,67,11,6273.63,570.33,P2P,0.09090909090909091,0.2727272727272727,35-44,Tier 1,Verified,0.515,8.744269798118104
USR01998,14,10,19099.29,1909.929,P2M,0.2,0.2,35-44,Tier 1,Verified,0.226,9.85745879716553
USR01999,3,5,1284.94,256.988,Recharge,0.4,0.6,18-24,Tier 3,Verified,0.873,7.159245247410525
USR02000,4,13,7820.44,601.5723076923076,P2P,0.38461538461538464,0.23076923076923078,35-44,Tier 3,Verified,0.561,8.96462395980958
